"Группа";"Дата";"День";"Пара";"Занятия"
"ИСП-3304";"12.01.2026";"ПН";"1 пара (09:15-10:40)";"Ин. язык — 2 п/г, Давыдова Валентина Алексеевна, Лесная | УП.04 (УП утро 09:00-13:00) — 1 п/г, Самцова, Лесная"
"ИСП-3304";"12.01.2026";"ПН";"2 пара (10:50-12:15)";"Ин. язык — 2 п/г, Давыдова Валентина Алексеевна, Лесная | УП.04 (УП утро 09:00-13:00) — 1 п/г, Самцова, Лесная"
"ИСП-3304";"12.01.2026";"ПН";"3 пара (13:10-14:35)";"Ин. язык — 2 п/г, Давыдова Валентина Алексеевна, Лесная"
"ИСП-3304";"12.01.2026";"ПН";"4 пара (14:45-16:10)";"Ин. язык — 2 п/г, Давыдова Валентина Алексеевна, Лесная"
"ИСП-3304";"12.01.2026";"ПН";"5 пара (16:20-17:40)";"Ин. язык — 2 п/г, Давыдова Валентина Алексеевна, Лесная"
"ИСП-3304";"12.01.2026";"ПН";"6 пара (17:50-19:10)";"-"
"ИСП-3304";"12.01.2026";"ПН";"7 пара (19:20-20:40)";"-"
"ИСП-3304";"13.01.2026";"ВТ";"1 пара (08:30-09:55)";"Ин. язык — 2 п/г, Давыдова Валентина Алексеевна, Лесная | УП.04 (УП утро 08:30-12:30) — 1 п/г, Самцова, Лесная"
"ИСП-3304";"13.01.2026";"ВТ";"2 пара (10:05-11:30)";"Ин. язык — 2 п/г, Давыдова Валентина Алексеевна, Лесная | УП.04 (УП утро 08:30-12:30) — 1 п/г, Самцова, Лесная"
"ИСП-3304";"13.01.2026";"ВТ";"3 пара (12:25-13:50)";"Ин. язык — 2 п/г, Давыдова Валентина Алексеевна, Лесная"
"ИСП-3304";"13.01.2026";"ВТ";"4 пара (14:00-15:25)";"Ин. язык — 2 п/г, Давыдова Валентина Алексеевна, Лесная"
"ИСП-3304";"13.01.2026";"ВТ";"5 пара (15:35-16:55)";"Ин. язык — 2 п/г, Давыдова Валентина Алексеевна, Лесная"
"ИСП-3304";"13.01.2026";"ВТ";"6 пара (17:05-18:25)";"-"
"ИСП-3304";"13.01.2026";"ВТ";"7 пара (18:35-19:55)";"-"
"ИСП-3304";"14.01.2026";"СР";"1 пара (08:30-09:55)";"Ин. язык — 1 п/г, Новосёлова Светлана Юрьевна, Лесная | УП.04 (УП утро 08:30-12:30) — 2 п/г, Самцова, Лесная"
"ИСП-3304";"14.01.2026";"СР";"2 пара (10:05-11:30)";"Ин. язык — 1 п/г, Новосёлова Светлана Юрьевна, Лесная | УП.04 (УП утро 08:30-12:30) — 2 п/г, Самцова, Лесная"
"ИСП-3304";"14.01.2026";"СР";"3 пара (12:25-13:50)";"Ин. язык — 1 п/г, Новосёлова Светлана Юрьевна, Лесная"
"ИСП-3304";"14.01.2026";"СР";"4 пара (14:00-15:25)";"Ин. язык — 1 п/г, Новосёлова Светлана Юрьевна, Лесная"
"ИСП-3304";"14.01.2026";"СР";"5 пара (15:35-16:55)";"Ин. язык — 1 п/г, Новосёлова Светлана Юрьевна, Лесная"
"ИСП-3304";"14.01.2026";"СР";"6 пара (17:05-18:25)";"-"
"ИСП-3304";"14.01.2026";"СР";"7 пара (18:35-19:55)";"-"
"ИСП-3304";"15.01.2026";"ЧТ";"1 пара (08:30-09:55)";"Ин. язык — 1 п/г, Новосёлова Светлана Юрьевна, Лесная | УП.04 (УП утро 08:30-12:30) — 2 п/г, Самцова, Лесная"
"ИСП-3304";"15.01.2026";"ЧТ";"2 пара (10:05-11:30)";"Ин. язык — 1 п/г, Новосёлова Светлана Юрьевна, Лесная | УП.04 (УП утро 08:30-12:30) — 2 п/г, Самцова, Лесная"
"ИСП-3304";"15.01.2026";"ЧТ";"3 пара (12:25-13:50)";"Ин. язык — 1 п/г, Новосёлова Светлана Юрьевна, Лесная"
"ИСП-3304";"15.01.2026";"ЧТ";"4 пара (14:00-15:25)";"Ин. язык — 1 п/г, Новосёлова Светлана Юрьевна, Лесная"
"ИСП-3304";"15.01.2026";"ЧТ";"5 пара (15:35-16:55)";"Ин. язык — 1 п/г, Новосёлова Светлана Юрьевна, Лесная"
"ИСП-3304";"15.01.2026";"ЧТ";"6 пара (17:05-18:25)";"-"
"ИСП-3304";"15.01.2026";"ЧТ";"7 пара (18:35-19:55)";"-"
"ИСП-3304";"16.01.2026";"ПТ";"1 пара (08:30-09:55)";"Ин. язык — 1 п/г, Новосёлова Светлана Юрьевна, Лесная | Ин. язык — 2 п/г, Давыдова Валентина Алексеевна, Лесная"
"ИСП-3304";"16.01.2026";"ПТ";"2 пара (10:05-11:30)";"Ин. язык — 1 п/г, Новосёлова Светлана Юрьевна, Лесная | Ин. язык — 2 п/г, Давыдова Валентина Алексеевна, Лесная"
"ИСП-3304";"16.01.2026";"ПТ";"3 пара (12:25-13:50)";"Ин. язык — 1 п/г, Новосёлова Светлана Юрьевна, Лесная | Ин. язык — 2 п/г, Давыдова Валентина Алексеевна, Лесная"
"ИСП-3304";"16.01.2026";"ПТ";"4 пара (14:00-15:25)";"Физическая культура — вся группа, Нуров Мирзо Нуралиевич, Лесная"
"ИСП-3304";"16.01.2026";"ПТ";"5 пара (15:35-16:55)";"Физическая культура — вся группа, Нуров Мирзо Нуралиевич, Лесная"
"ИСП-3304";"16.01.2026";"ПТ";"6 пара (17:05-18:25)";"-"
"ИСП-3304";"16.01.2026";"ПТ";"7 пара (18:35-19:55)";"-"
"ИСП-3304";"17.01.2026";"СБ";"1 пара (08:30-09:45)";"Физическая культура — вся группа, Нуров Мирзо Нуралиевич, Лесная"
"ИСП-3304";"17.01.2026";"СБ";"2 пара (09:55-11:10)";"Физическая культура — вся группа, Нуров Мирзо Нуралиевич, Лесная"
"ИСП-3304";"17.01.2026";"СБ";"3 пара (11:30-12:45)";"Физическая культура — вся группа, Нуров Мирзо Нуралиевич, Лесная"
"ИСП-3304";"17.01.2026";"СБ";"4 пара (12:55-14:10)";"Физическая культура — вся группа, Нуров Мирзо Нуралиевич, Лесная"
"ИСП-3304";"17.01.2026";"СБ";"5 пара (14:20-15:30)";"Физическая культура — вся группа, Нуров Мирзо Нуралиевич, Лесная"
"ИСП-3304";"17.01.2026";"СБ";"6 пара (15:40-16:50)";"-"
"ИСП-3304";"17.01.2026";"СБ";"7 пара (17:00-18:10)";"-"
"ИСП-3304";"19.01.2026";"ПН";"1 пара (09:15-10:40)";"МДК.01.01 ЛПЗ — 2 п/г, Гарбузов Андрей Евгеньевич, Лесная | УП.04 (УП утро 09:00-13:00) — 1 п/г, Самцова, Лесная"
"ИСП-3304";"19.01.2026";"ПН";"2 пара (10:50-12:15)";"МДК.01.01 ЛПЗ — 2 п/г, Гарбузов Андрей Евгеньевич, Лесная | УП.04 (УП утро 09:00-13:00) — 1 п/г, Самцова, Лесная"
"ИСП-3304";"19.01.2026";"ПН";"3 пара (13:10-14:35)";"МДК.01.01 ЛПЗ — 2 п/г, Гарбузов Андрей Евгеньевич, Лесная"
"ИСП-3304";"19.01.2026";"ПН";"4 пара (14:45-16:10)";"МДК.01.01 ЛПЗ — 2 п/г, Гарбузов Андрей Евгеньевич, Лесная"
"ИСП-3304";"19.01.2026";"ПН";"5 пара (16:20-17:40)";"МДК.01.01 ЛПЗ — 2 п/г, Гарбузов Андрей Евгеньевич, Лесная"
"ИСП-3304";"19.01.2026";"ПН";"6 пара (17:50-19:10)";"-"
"ИСП-3304";"19.01.2026";"ПН";"7 пара (19:20-20:40)";"-"
"ИСП-3304";"20.01.2026";"ВТ";"1 пара (08:30-09:55)";"МДК.01.01 ЛПЗ — 2 п/г, Гарбузов Андрей Евгеньевич, Лесная | УП.04 (УП утро 08:30-12:30) — 1 п/г, Самцова, Лесная"
"ИСП-3304";"20.01.2026";"ВТ";"2 пара (10:05-11:30)";"МДК.01.01 ЛПЗ — 2 п/г, Гарбузов Андрей Евгеньевич, Лесная | УП.04 (УП утро 08:30-12:30) — 1 п/г, Самцова, Лесная"
"ИСП-3304";"20.01.2026";"ВТ";"3 пара (12:25-13:50)";"МДК.01.01 ЛПЗ — 2 п/г, Гарбузов Андрей Евгеньевич, Лесная"
"ИСП-3304";"20.01.2026";"ВТ";"4 пара (14:00-15:25)";"МДК.01.01 ЛПЗ — 2 п/г, Гарбузов Андрей Евгеньевич, Лесная"
"ИСП-3304";"20.01.2026";"ВТ";"5 пара (15:35-16:55)";"МДК.01.01 ЛПЗ — 2 п/г, Гарбузов Андрей Евгеньевич, Лесная"
"ИСП-3304";"20.01.2026";"ВТ";"6 пара (17:05-18:25)";"-"
"ИСП-3304";"20.01.2026";"ВТ";"7 пара (18:35-19:55)";"-"
"ИСП-3304";"21.01.2026";"СР";"1 пара (08:30-09:55)";"МДК.01.01 ЛПЗ — 1 п/г, Гарбузов Андрей Евгеньевич, Лесная | УП.04 (УП утро 08:30-12:30) — 2 п/г, Самцова, Лесная"
"ИСП-3304";"21.01.2026";"СР";"2 пара (10:05-11:30)";"МДК.01.01 ЛПЗ — 1 п/г, Гарбузов Андрей Евгеньевич, Лесная | УП.04 (УП утро 08:30-12:30) — 2 п/г, Самцова, Лесная"
"ИСП-3304";"21.01.2026";"СР";"3 пара (12:25-13:50)";"МДК.01.01 ЛПЗ — 1 п/г, Гарбузов Андрей Евгеньевич, Лесная"
"ИСП-3304";"21.01.2026";"СР";"4 пара (14:00-15:25)";"МДК.01.01 ЛПЗ — 1 п/г, Гарбузов Андрей Евгеньевич, Лесная"
"ИСП-3304";"21.01.2026";"СР";"5 пара (15:35-16:55)";"МДК.01.01 ЛПЗ — 1 п/г, Гарбузов Андрей Евгеньевич, Лесная"
"ИСП-3304";"21.01.2026";"СР";"6 пара (17:05-18:25)";"-"
"ИСП-3304";"21.01.2026";"СР";"7 пара (18:35-19:55)";"-"
"ИСП-3304";"22.01.2026";"ЧТ";"1 пара (08:30-09:55)";"МДК.01.01 ЛПЗ — 1 п/г, Гарбузов Андрей Евгеньевич, Лесная | УП.04 (УП утро 08:30-12:30) — 2 п/г, Самцова, Лесная"
"ИСП-3304";"22.01.2026";"ЧТ";"2 пара (10:05-11:30)";"МДК.01.01 ЛПЗ — 1 п/г, Гарбузов Андрей Евгеньевич, Лесная | УП.04 (УП утро 08:30-12:30) — 2 п/г, Самцова, Лесная"
"ИСП-3304";"22.01.2026";"ЧТ";"3 пара (12:25-13:50)";"МДК.01.01 ЛПЗ — 1 п/г, Гарбузов Андрей Евгеньевич, Лесная"
"ИСП-3304";"22.01.2026";"ЧТ";"4 пара (14:00-15:25)";"МДК.01.01 ЛПЗ — 1 п/г, Гарбузов Андрей Евгеньевич, Лесная"
"ИСП-3304";"22.01.2026";"ЧТ";"5 пара (15:35-16:55)";"МДК.01.01 ЛПЗ — 1 п/г, Гарбузов Андрей Евгеньевич, Лесная"
"ИСП-3304";"22.01.2026";"ЧТ";"6 пара (17:05-18:25)";"-"
"ИСП-3304";"22.01.2026";"ЧТ";"7 пара (18:35-19:55)";"-"
"ИСП-3304";"23.01.2026";"ПТ";"1 пара (08:30-09:55)";"Физическая культура — вся группа, Нуров Мирзо Нуралиевич, Лесная"
"ИСП-3304";"23.01.2026";"ПТ";"2 пара (10:05-11:30)";"Физическая культура — вся группа, Нуров Мирзо Нуралиевич, Лесная"
"ИСП-3304";"23.01.2026";"ПТ";"3 пара (12:25-13:50)";"Физическая культура — вся группа, Нуров Мирзо Нуралиевич, Лесная"
"ИСП-3304";"23.01.2026";"ПТ";"4 пара (14:00-15:25)";"Физическая культура — вся группа, Нуров Мирзо Нуралиевич, Лесная"
"ИСП-3304";"23.01.2026";"ПТ";"5 пара (15:35-16:55)";"Физическая культура — вся группа, Нуров Мирзо Нуралиевич, Лесная"
"ИСП-3304";"23.01.2026";"ПТ";"6 пара (17:05-18:25)";"-"
"ИСП-3304";"23.01.2026";"ПТ";"7 пара (18:35-19:55)";"-"
"ИСП-3304";"24.01.2026";"СБ";"1 пара (08:30-09:45)";"Физическая культура — вся группа, Нуров Мирзо Нуралиевич, Лесная"
"ИСП-3304";"24.01.2026";"СБ";"2 пара (09:55-11:10)";"Физическая культура — вся группа, Нуров Мирзо Нуралиевич, Лесная"
"ИСП-3304";"24.01.2026";"СБ";"3 пара (11:30-12:45)";"БЖД — вся группа, Потапова Регина Александровна, Лесная"
"ИСП-3304";"24.01.2026";"СБ";"4 пара (12:55-14:10)";"БЖД — вся группа, Потапова Регина Александровна, Лесная"
"ИСП-3304";"24.01.2026";"СБ";"5 пара (14:20-15:30)";"БЖД — вся группа, Потапова Регина Александровна, Лесная"
"ИСП-3304";"24.01.2026";"СБ";"6 пара (15:40-16:50)";"-"
"ИСП-3304";"24.01.2026";"СБ";"7 пара (17:00-18:10)";"-"
"ИСП-3304";"26.01.2026";"ПН";"1 пара (09:15-10:40)";"МДК.01.01 ЛПЗ — 2 п/г, Гарбузов Андрей Евгеньевич, Лесная | УП.04 (УП утро 09:00-13:00) — 1 п/г, Самцова, Лесная"
"ИСП-3304";"26.01.2026";"ПН";"2 пара (10:50-12:15)";"МДК.01.01 ЛПЗ — 2 п/г, Гарбузов Андрей Евгеньевич, Лесная | УП.04 (УП утро 09:00-13:00) — 1 п/г, Самцова, Лесная"
"ИСП-3304";"26.01.2026";"ПН";"3 пара (13:10-14:35)";"МДК.01.01 ЛПЗ — 2 п/г, Гарбузов Андрей Евгеньевич, Лесная"
"ИСП-3304";"26.01.2026";"ПН";"4 пара (14:45-16:10)";"МДК.01.01 ЛПЗ — 2 п/г, Гарбузов Андрей Евгеньевич, Лесная"
"ИСП-3304";"26.01.2026";"ПН";"5 пара (16:20-17:40)";"МДК.01.01 ЛПЗ — 2 п/г, Гарбузов Андрей Евгеньевич, Лесная"
"ИСП-3304";"26.01.2026";"ПН";"6 пара (17:50-19:10)";"-"
"ИСП-3304";"26.01.2026";"ПН";"7 пара (19:20-20:40)";"-"
"ИСП-3304";"27.01.2026";"ВТ";"1 пара (08:30-09:55)";"МДК.01.01 ЛПЗ — 1 п/г, Гарбузов Андрей Евгеньевич, Лесная | УП.04 (УП утро 08:30-12:30) — 2 п/г, Самцова, Лесная"
"ИСП-3304";"27.01.2026";"ВТ";"2 пара (10:05-11:30)";"МДК.01.01 ЛПЗ — 1 п/г, Гарбузов Андрей Евгеньевич, Лесная | УП.04 (УП утро 08:30-12:30) — 2 п/г, Самцова, Лесная"
"ИСП-3304";"27.01.2026";"ВТ";"3 пара (12:25-13:50)";"МДК.01.01 ЛПЗ — 1 п/г, Гарбузов Андрей Евгеньевич, Лесная"
"ИСП-3304";"27.01.2026";"ВТ";"4 пара (14:00-15:25)";"МДК.01.01 ЛПЗ — 1 п/г, Гарбузов Андрей Евгеньевич, Лесная"
"ИСП-3304";"27.01.2026";"ВТ";"5 пара (15:35-16:55)";"МДК.01.01 ЛПЗ — 1 п/г, Гарбузов Андрей Евгеньевич, Лесная"
"ИСП-3304";"27.01.2026";"ВТ";"6 пара (17:05-18:25)";"-"
"ИСП-3304";"27.01.2026";"ВТ";"7 пара (18:35-19:55)";"-"
"ИСП-3304";"28.01.2026";"СР";"1 пара (08:30-09:55)";"БЖД — вся группа, Потапова Регина Александровна, Лесная"
"ИСП-3304";"28.01.2026";"СР";"2 пара (10:05-11:30)";"БЖД — вся группа, Потапова Регина Александровна, Лесная"
"ИСП-3304";"28.01.2026";"СР";"3 пара (12:25-13:50)";"БЖД — вся группа, Потапова Регина Александровна, Лесная"
"ИСП-3304";"28.01.2026";"СР";"4 пара (14:00-15:25)";"БЖД — вся группа, Потапова Регина Александровна, Лесная"
"ИСП-3304";"28.01.2026";"СР";"5 пара (15:35-16:55)";"БЖД — вся группа, Потапова Регина Александровна, Лесная"
"ИСП-3304";"28.01.2026";"СР";"6 пара (17:05-18:25)";"-"
"ИСП-3304";"28.01.2026";"СР";"7 пара (18:35-19:55)";"-"
"ИСП-3304";"29.01.2026";"ЧТ";"1 пара (08:30-09:55)";"БЖД — вся группа, Потапова Регина Александровна, Лесная"
"ИСП-3304";"29.01.2026";"ЧТ";"2 пара (10:05-11:30)";"БЖД — вся группа, Потапова Регина Александровна, Лесная"
"ИСП-3304";"29.01.2026";"ЧТ";"3 пара (12:25-13:50)";"БЖД — вся группа, Потапова Регина Александровна, Лесная"
"ИСП-3304";"29.01.2026";"ЧТ";"4 пара (14:00-15:25)";"БЖД — вся группа, Потапова Регина Александровна, Лесная"
"ИСП-3304";"29.01.2026";"ЧТ";"5 пара (15:35-16:55)";"БЖД — вся группа, Потапова Регина Александровна, Лесная"
"ИСП-3304";"29.01.2026";"ЧТ";"6 пара (17:05-18:25)";"-"
"ИСП-3304";"29.01.2026";"ЧТ";"7 пара (18:35-19:55)";"-"
"ИСП-3304";"30.01.2026";"ПТ";"1 пара (08:30-09:55)";"БЖД — вся группа, Потапова Регина Александровна, Лесная"
"ИСП-3304";"30.01.2026";"ПТ";"2 пара (10:05-11:30)";"БЖД — вся группа, Потапова Регина Александровна, Лесная"
"ИСП-3304";"30.01.2026";"ПТ";"3 пара (12:25-13:50)";"БЖД — вся группа, Потапова Регина Александровна, Лесная"
"ИСП-3304";"30.01.2026";"ПТ";"4 пара (14:00-15:25)";"БЖД — вся группа, Потапова Регина Александровна, Лесная"
"ИСП-3304";"30.01.2026";"ПТ";"5 пара (15:35-16:55)";"Экономика — вся группа, Серянина, Лесная"
"ИСП-3304";"30.01.2026";"ПТ";"6 пара (17:05-18:25)";"-"
"ИСП-3304";"30.01.2026";"ПТ";"7 пара (18:35-19:55)";"-"
"ИСП-3304";"31.01.2026";"СБ";"1 пара (08:30-09:45)";"Экономика — вся группа, Серянина, Лесная"
"ИСП-3304";"31.01.2026";"СБ";"2 пара (09:55-11:10)";"Экономика — вся группа, Серянина, Лесная"
"ИСП-3304";"31.01.2026";"СБ";"3 пара (11:30-12:45)";"Экономика — вся группа, Серянина, Лесная"
"ИСП-3304";"31.01.2026";"СБ";"4 пара (12:55-14:10)";"Экономика — вся группа, Серянина, Лесная"
"ИСП-3304";"31.01.2026";"СБ";"5 пара (14:20-15:30)";"Экономика — вся группа, Серянина, Лесная"
"ИСП-3304";"31.01.2026";"СБ";"6 пара (15:40-16:50)";"-"
"ИСП-3304";"31.01.2026";"СБ";"7 пара (17:00-18:10)";"-"
"ИСП-3304";"02.02.2026";"ПН";"1 пара (09:15-10:40)";"УП.04 (УП утро 09:00-13:00) — 1 п/г, Самцова, Лесная"
"ИСП-3304";"02.02.2026";"ПН";"2 пара (10:50-12:15)";"УП.04 (УП утро 09:00-13:00) — 1 п/г, Самцова, Лесная"
"ИСП-3304";"02.02.2026";"ПН";"3 пара (13:10-14:35)";"МДК.04.01 ЛПЗ — 2 п/г, Гобов, Лесная"
"ИСП-3304";"02.02.2026";"ПН";"4 пара (14:45-16:10)";"МДК.04.01 ЛПЗ — 2 п/г, Гобов, Лесная"
"ИСП-3304";"02.02.2026";"ПН";"5 пара (16:20-17:40)";"МДК.04.01 ЛПЗ — 2 п/г, Гобов, Лесная"
"ИСП-3304";"02.02.2026";"ПН";"6 пара (17:50-19:10)";"МДК.01.01 ЛПЗ — 2 п/г, Гарбузов Андрей Евгеньевич, Лесная"
"ИСП-3304";"02.02.2026";"ПН";"7 пара (19:20-20:40)";"МДК.01.01 ЛПЗ — 2 п/г, Гарбузов Андрей Евгеньевич, Лесная"
"ИСП-3304";"03.02.2026";"ВТ";"1 пара (08:30-09:55)";"УП.04 (УП утро 08:30-12:30) — 2 п/г, Самцова, Лесная"
"ИСП-3304";"03.02.2026";"ВТ";"2 пара (10:05-11:30)";"УП.04 (УП утро 08:30-12:30) — 2 п/г, Самцова, Лесная"
"ИСП-3304";"03.02.2026";"ВТ";"3 пара (12:25-13:50)";"МДК.04.01 ЛПЗ — 1 п/г, Гобов, Лесная"
"ИСП-3304";"03.02.2026";"ВТ";"4 пара (14:00-15:25)";"МДК.04.01 ЛПЗ — 1 п/г, Гобов, Лесная"
"ИСП-3304";"03.02.2026";"ВТ";"5 пара (15:35-16:55)";"МДК.04.01 ЛПЗ — 1 п/г, Гобов, Лесная"
"ИСП-3304";"03.02.2026";"ВТ";"6 пара (17:05-18:25)";"МДК.01.01 ЛПЗ — 1 п/г, Гарбузов Андрей Евгеньевич, Лесная"
"ИСП-3304";"03.02.2026";"ВТ";"7 пара (18:35-19:55)";"МДК.01.01 ЛПЗ — 1 п/г, Гарбузов Андрей Евгеньевич, Лесная"
"ИСП-3304";"04.02.2026";"СР";"1 пара (08:30-09:55)";"Экономика — вся группа, Серянина, Лесная"
"ИСП-3304";"04.02.2026";"СР";"2 пара (10:05-11:30)";"Экономика — вся группа, Серянина, Лесная"
"ИСП-3304";"04.02.2026";"СР";"3 пара (12:25-13:50)";"Экономика — вся группа, Серянина, Лесная"
"ИСП-3304";"04.02.2026";"СР";"4 пара (14:00-15:25)";"Экономика — вся группа, Серянина, Лесная"
"ИСП-3304";"04.02.2026";"СР";"5 пара (15:35-16:55)";"Экономика — вся группа, Серянина, Лесная"
"ИСП-3304";"04.02.2026";"СР";"6 пара (17:05-18:25)";"-"
"ИСП-3304";"04.02.2026";"СР";"7 пара (18:35-19:55)";"-"
"ИСП-3304";"05.02.2026";"ЧТ";"1 пара (08:30-09:55)";"Экономика — вся группа, Серянина, Лесная"
"ИСП-3304";"05.02.2026";"ЧТ";"2 пара (10:05-11:30)";"МДК.01.01 теория — вся группа, Гарбузов Андрей Евгеньевич, Лесная"
"ИСП-3304";"05.02.2026";"ЧТ";"3 пара (12:25-13:50)";"МДК.01.01 теория — вся группа, Гарбузов Андрей Евгеньевич, Лесная"
"ИСП-3304";"05.02.2026";"ЧТ";"4 пара (14:00-15:25)";"МДК.01.01 теория — вся группа, Гарбузов Андрей Евгеньевич, Лесная"
"ИСП-3304";"05.02.2026";"ЧТ";"5 пара (15:35-16:55)";"МДК.01.01 теория — вся группа, Гарбузов Андрей Евгеньевич, Лесная"
"ИСП-3304";"05.02.2026";"ЧТ";"6 пара (17:05-18:25)";"-"
"ИСП-3304";"05.02.2026";"ЧТ";"7 пара (18:35-19:55)";"-"
"ИСП-3304";"06.02.2026";"ПТ";"1 пара (08:30-09:55)";"МДК.01.01 теория — вся группа, Гарбузов Андрей Евгеньевич, Лесная"
"ИСП-3304";"06.02.2026";"ПТ";"2 пара (10:05-11:30)";"МДК.01.01 теория — вся группа, Гарбузов Андрей Евгеньевич, Лесная"
"ИСП-3304";"06.02.2026";"ПТ";"3 пара (12:25-13:50)";"МДК.01.01 теория — вся группа, Гарбузов Андрей Евгеньевич, Лесная"
"ИСП-3304";"06.02.2026";"ПТ";"4 пара (14:00-15:25)";"МДК.01.01 теория — вся группа, Гарбузов Андрей Евгеньевич, Лесная"
"ИСП-3304";"06.02.2026";"ПТ";"5 пара (15:35-16:55)";"МДК.01.01 ЛПЗ — 1 п/г, Гарбузов Андрей Евгеньевич, Лесная | МДК.04.01 ЛПЗ — 2 п/г, Гобов, Лесная"
"ИСП-3304";"06.02.2026";"ПТ";"6 пара (17:05-18:25)";"-"
"ИСП-3304";"06.02.2026";"ПТ";"7 пара (18:35-19:55)";"-"
"ИСП-3304";"07.02.2026";"СБ";"1 пара (08:30-09:45)";"МДК.04.01 ЛПЗ — 2 п/г, Гобов, Лесная"
"ИСП-3304";"07.02.2026";"СБ";"2 пара (09:55-11:10)";"МДК.04.01 ЛПЗ — 2 п/г, Гобов, Лесная"
"ИСП-3304";"07.02.2026";"СБ";"3 пара (11:30-12:45)";"МДК.01.01 ЛПЗ — 1 п/г, Гарбузов Андрей Евгеньевич, Лесная | МДК.04.01 ЛПЗ — 2 п/г, Гобов, Лесная"
"ИСП-3304";"07.02.2026";"СБ";"4 пара (12:55-14:10)";"МДК.01.01 ЛПЗ — 1 п/г, Гарбузов Андрей Евгеньевич, Лесная | МДК.04.01 ЛПЗ — 2 п/г, Гобов, Лесная"
"ИСП-3304";"07.02.2026";"СБ";"5 пара (14:20-15:30)";"МДК.01.01 ЛПЗ — 1 п/г, Гарбузов Андрей Евгеньевич, Лесная | МДК.04.01 ЛПЗ — 2 п/г, Гобов, Лесная"
"ИСП-3304";"07.02.2026";"СБ";"6 пара (15:40-16:50)";"МДК.01.01 ЛПЗ — 1 п/г, Гарбузов Андрей Евгеньевич, Лесная"
"ИСП-3304";"07.02.2026";"СБ";"7 пара (17:00-18:10)";"МДК.01.01 ЛПЗ — 1 п/г, Гарбузов Андрей Евгеньевич, Лесная"
"ИСП-3304";"09.02.2026";"ПН";"1 пара (09:15-10:40)";"МДК.01.01 ЛПЗ — 2 п/г, Гарбузов Андрей Евгеньевич, Лесная | УП.04 (УП утро 09:00-13:00) — 1 п/г, Самцова, Лесная"
"ИСП-3304";"09.02.2026";"ПН";"2 пара (10:50-12:15)";"МДК.01.01 ЛПЗ — 2 п/г, Гарбузов Андрей Евгеньевич, Лесная | УП.04 (УП утро 09:00-13:00) — 1 п/г, Самцова, Лесная"
"ИСП-3304";"09.02.2026";"ПН";"3 пара (13:10-14:35)";"МДК.01.01 ЛПЗ — 2 п/г, Гарбузов Андрей Евгеньевич, Лесная"
"ИСП-3304";"09.02.2026";"ПН";"4 пара (14:45-16:10)";"МДК.01.01 ЛПЗ — 2 п/г, Гарбузов Андрей Евгеньевич, Лесная"
"ИСП-3304";"09.02.2026";"ПН";"5 пара (16:20-17:40)";"МДК.01.01 ЛПЗ — 2 п/г, Гарбузов Андрей Евгеньевич, Лесная"
"ИСП-3304";"09.02.2026";"ПН";"6 пара (17:50-19:10)";"-"
"ИСП-3304";"09.02.2026";"ПН";"7 пара (19:20-20:40)";"-"
"ИСП-3304";"10.02.2026";"ВТ";"1 пара (08:30-09:55)";"МДК.04.01 ЛПЗ — 1 п/г, Гобов, Лесная | УП.04 (УП утро 08:30-12:30) — 2 п/г, Самцова, Лесная"
"ИСП-3304";"10.02.2026";"ВТ";"2 пара (10:05-11:30)";"МДК.04.01 ЛПЗ — 1 п/г, Гобов, Лесная | УП.04 (УП утро 08:30-12:30) — 2 п/г, Самцова, Лесная"
"ИСП-3304";"10.02.2026";"ВТ";"3 пара (12:25-13:50)";"МДК.04.01 ЛПЗ — 1 п/г, Гобов, Лесная"
"ИСП-3304";"10.02.2026";"ВТ";"4 пара (14:00-15:25)";"МДК.04.01 ЛПЗ — 1 п/г, Гобов, Лесная"
"ИСП-3304";"10.02.2026";"ВТ";"5 пара (15:35-16:55)";"МДК.04.01 ЛПЗ — 1 п/г, Гобов, Лесная"
"ИСП-3304";"10.02.2026";"ВТ";"6 пара (17:05-18:25)";"-"
"ИСП-3304";"10.02.2026";"ВТ";"7 пара (18:35-19:55)";"-"
"ИСП-3304";"11.02.2026";"СР";"1 пара (08:30-09:55)";"МДК.01.01 ЛПЗ — 2 п/г, Гарбузов Андрей Евгеньевич, Лесная | МДК.04.01 ЛПЗ — 1 п/г, Гобов, Лесная"
"ИСП-3304";"11.02.2026";"СР";"2 пара (10:05-11:30)";"МДК.01.01 КП — вся группа, Гарбузов Андрей Евгеньевич, Лесная"
"ИСП-3304";"11.02.2026";"СР";"3 пара (12:25-13:50)";"МДК.01.01 КП — вся группа, Гарбузов Андрей Евгеньевич, Лесная"
"ИСП-3304";"11.02.2026";"СР";"4 пара (14:00-15:25)";"МДК.01.01 КП — вся группа, Гарбузов Андрей Евгеньевич, Лесная"
"ИСП-3304";"11.02.2026";"СР";"5 пара (15:35-16:55)";"МДК.01.01 КП — вся группа, Гарбузов Андрей Евгеньевич, Лесная"
"ИСП-3304";"11.02.2026";"СР";"6 пара (17:05-18:25)";"-"
"ИСП-3304";"11.02.2026";"СР";"7 пара (18:35-19:55)";"-"
"ИСП-3304";"12.02.2026";"ЧТ";"1 пара (08:30-09:55)";"МДК.01.01 КП — вся группа, Гарбузов Андрей Евгеньевич, Лесная"
"ИСП-3304";"12.02.2026";"ЧТ";"2 пара (10:05-11:30)";"МДК.01.01 КП — вся группа, Гарбузов Андрей Евгеньевич, Лесная"
"ИСП-3304";"12.02.2026";"ЧТ";"3 пара (12:25-13:50)";"МДК.01.01 КП — вся группа, Гарбузов Андрей Евгеньевич, Лесная"
"ИСП-3304";"12.02.2026";"ЧТ";"4 пара (14:00-15:25)";"МДК.01.01 КП — вся группа, Гарбузов Андрей Евгеньевич, Лесная"
"ИСП-3304";"12.02.2026";"ЧТ";"5 пара (15:35-16:55)";"МДК.01.01 КП — вся группа, Гарбузов Андрей Евгеньевич, Лесная"
"ИСП-3304";"12.02.2026";"ЧТ";"6 пара (17:05-18:25)";"-"
"ИСП-3304";"12.02.2026";"ЧТ";"7 пара (18:35-19:55)";"-"
"ИСП-3304";"13.02.2026";"ПТ";"1 пара (08:30-09:55)";"МДК.01.01 КП — вся группа, Гарбузов Андрей Евгеньевич, Лесная"
"ИСП-3304";"13.02.2026";"ПТ";"2 пара (10:05-11:30)";"МДК.01.01 КП — вся группа, Гарбузов Андрей Евгеньевич, Лесная"
"ИСП-3304";"13.02.2026";"ПТ";"3 пара (12:25-13:50)";"МДК.01.01 КП — вся группа, Гарбузов Андрей Евгеньевич, Лесная"
"ИСП-3304";"13.02.2026";"ПТ";"4 пара (14:00-15:25)";"МДК.01.01 КП — вся группа, Гарбузов Андрей Евгеньевич, Лесная"
"ИСП-3304";"13.02.2026";"ПТ";"5 пара (15:35-16:55)";"МДК.01.01 КП — вся группа, Гарбузов Андрей Евгеньевич, Лесная"
"ИСП-3304";"13.02.2026";"ПТ";"6 пара (17:05-18:25)";"-"
"ИСП-3304";"13.02.2026";"ПТ";"7 пара (18:35-19:55)";"-"
"ИСП-3304";"14.02.2026";"СБ";"1 пара (08:30-09:45)";"МДК.01.01 КП — вся группа, Гарбузов Андрей Евгеньевич, Лесная"
"ИСП-3304";"14.02.2026";"СБ";"2 пара (09:55-11:10)";"МДК.04.01 теория — вся группа, Самцова, Лесная"
"ИСП-3304";"14.02.2026";"СБ";"3 пара (11:30-12:45)";"МДК.04.01 теория — вся группа, Самцова, Лесная"
"ИСП-3304";"14.02.2026";"СБ";"4 пара (12:55-14:10)";"МДК.04.01 теория — вся группа, Самцова, Лесная"
"ИСП-3304";"14.02.2026";"СБ";"5 пара (14:20-15:30)";"МДК.04.01 теория — вся группа, Самцова, Лесная"
"ИСП-3304";"14.02.2026";"СБ";"6 пара (15:40-16:50)";"-"
"ИСП-3304";"14.02.2026";"СБ";"7 пара (17:00-18:10)";"-"
"ИСП-3304";"16.02.2026";"ПН";"1 пара (09:15-10:40)";"МДК.04.01 ЛПЗ — 2 п/г, Гобов, Лесная | УП.04 (УП утро 09:00-13:00) — 1 п/г, Самцова, Лесная"
"ИСП-3304";"16.02.2026";"ПН";"2 пара (10:50-12:15)";"МДК.04.01 ЛПЗ — 2 п/г, Гобов, Лесная | УП.04 (УП утро 09:00-13:00) — 1 п/г, Самцова, Лесная"
"ИСП-3304";"16.02.2026";"ПН";"3 пара (13:10-14:35)";"МДК.04.01 ЛПЗ — 2 п/г, Гобов, Лесная"
"ИСП-3304";"16.02.2026";"ПН";"4 пара (14:45-16:10)";"МДК.04.01 ЛПЗ — 2 п/г, Гобов, Лесная"
"ИСП-3304";"16.02.2026";"ПН";"5 пара (16:20-17:40)";"МДК.04.01 ЛПЗ — 2 п/г, Гобов, Лесная"
"ИСП-3304";"16.02.2026";"ПН";"6 пара (17:50-19:10)";"-"
"ИСП-3304";"16.02.2026";"ПН";"7 пара (19:20-20:40)";"-"
"ИСП-3304";"17.02.2026";"ВТ";"1 пара (08:30-09:55)";"МДК.04.01 ЛПЗ — 1 п/г, Гобов, Лесная | УП.04 (УП утро 08:30-12:30) — 2 п/г, Самцова, Лесная"
"ИСП-3304";"17.02.2026";"ВТ";"2 пара (10:05-11:30)";"МДК.04.01 ЛПЗ — 1 п/г, Гобов, Лесная | УП.04 (УП утро 08:30-12:30) — 2 п/г, Самцова, Лесная"
"ИСП-3304";"17.02.2026";"ВТ";"3 пара (12:25-13:50)";"МДК.04.01 ЛПЗ — 1 п/г, Гобов, Лесная"
"ИСП-3304";"17.02.2026";"ВТ";"4 пара (14:00-15:25)";"МДК.04.01 ЛПЗ — 1 п/г, Гобов, Лесная"
"ИСП-3304";"17.02.2026";"ВТ";"5 пара (15:35-16:55)";"МДК.04.01 ЛПЗ — 1 п/г, Гобов, Лесная"
"ИСП-3304";"17.02.2026";"ВТ";"6 пара (17:05-18:25)";"-"
"ИСП-3304";"17.02.2026";"ВТ";"7 пара (18:35-19:55)";"-"
"ИСП-3304";"18.02.2026";"СР";"1 пара (08:30-09:55)";"-"
"ИСП-3304";"18.02.2026";"СР";"2 пара (10:05-11:30)";"-"
"ИСП-3304";"18.02.2026";"СР";"3 пара (12:25-13:50)";"МДК.04.01 ЛПЗ — 1 п/г, Гобов, Лесная"
"ИСП-3304";"18.02.2026";"СР";"4 пара (14:00-15:25)";"МДК.04.01 теория — вся группа, Самцова, Лесная"
"ИСП-3304";"18.02.2026";"СР";"5 пара (15:35-16:55)";"МДК.04.01 теория — вся группа, Самцова, Лесная"
"ИСП-3304";"18.02.2026";"СР";"6 пара (17:05-18:25)";"МДК.04.01 теория — вся группа, Самцова, Лесная"
"ИСП-3304";"18.02.2026";"СР";"7 пара (18:35-19:55)";"МДК.04.01 теория — вся группа, Самцова, Лесная"
"ИСП-3304";"19.02.2026";"ЧТ";"1 пара (08:30-09:55)";"-"
"ИСП-3304";"19.02.2026";"ЧТ";"2 пара (10:05-11:30)";"-"
"ИСП-3304";"19.02.2026";"ЧТ";"3 пара (12:25-13:50)";"МДК.04.01 ЛПЗ — 1 п/г, Гобов, Лесная"
"ИСП-3304";"19.02.2026";"ЧТ";"4 пара (14:00-15:25)";"МДК.04.01 теория — вся группа, Самцова, Лесная"
"ИСП-3304";"19.02.2026";"ЧТ";"5 пара (15:35-16:55)";"МДК.04.01 теория — вся группа, Самцова, Лесная"
"ИСП-3304";"19.02.2026";"ЧТ";"6 пара (17:05-18:25)";"МДК.04.01 теория — вся группа, Самцова, Лесная"
"ИСП-3304";"19.02.2026";"ЧТ";"7 пара (18:35-19:55)";"МДК.04.01 теория — вся группа, Самцова, Лесная"
"ИСП-3304";"20.02.2026";"ПТ";"1 пара (08:30-09:55)";"-"
"ИСП-3304";"20.02.2026";"ПТ";"2 пара (10:05-11:30)";"-"
"ИСП-3304";"20.02.2026";"ПТ";"3 пара (12:25-13:50)";"МДК.04.01 ЛПЗ — 1 п/г, Гобов, Лесная"
"ИСП-3304";"20.02.2026";"ПТ";"4 пара (14:00-15:25)";"МДК.04.01 теория — вся группа, Самцова, Лесная"
"ИСП-3304";"20.02.2026";"ПТ";"5 пара (15:35-16:55)";"МДК.04.01 теория — вся группа, Самцова, Лесная"
"ИСП-3304";"20.02.2026";"ПТ";"6 пара (17:05-18:25)";"МДК.04.01 теория — вся группа, Самцова, Лесная"
"ИСП-3304";"20.02.2026";"ПТ";"7 пара (18:35-19:55)";"МДК.04.01 теория — вся группа, Самцова, Лесная"
"ИСП-3304";"21.02.2026";"СБ";"1 пара (08:30-09:45)";"МДК.04.01 теория — вся группа, Самцова, Лесная"
"ИСП-3304";"21.02.2026";"СБ";"2 пара (09:55-11:10)";"МДК.04.01 теория — вся группа, Самцова, Лесная"
"ИСП-3304";"21.02.2026";"СБ";"3 пара (11:30-12:45)";"МДК.04.01 теория — вся группа, Самцова, Лесная"
"ИСП-3304";"21.02.2026";"СБ";"4 пара (12:55-14:10)";"МДК.04.01 теория — вся группа, Самцова, Лесная"
"ИСП-3304";"21.02.2026";"СБ";"5 пара (14:20-15:30)";"МДК.04.01 теория — вся группа, Самцова, Лесная"
"ИСП-3304";"21.02.2026";"СБ";"6 пара (15:40-16:50)";"-"
"ИСП-3304";"21.02.2026";"СБ";"7 пара (17:00-18:10)";"-"
"ИСП-3304";"23.02.2026";"ПН";"1 пара (09:15-10:40)";"МДК.04.01 ЛПЗ — 2 п/г, Гобов, Лесная | УП.04 (УП утро 09:00-13:00) — 1 п/г, Самцова, Лесная"
"ИСП-3304";"23.02.2026";"ПН";"2 пара (10:50-12:15)";"МДК.04.01 ЛПЗ — 2 п/г, Гобов, Лесная | УП.04 (УП утро 09:00-13:00) — 1 п/г, Самцова, Лесная"
"ИСП-3304";"23.02.2026";"ПН";"3 пара (13:10-14:35)";"МДК.04.01 ЛПЗ — 2 п/г, Гобов, Лесная"
"ИСП-3304";"23.02.2026";"ПН";"4 пара (14:45-16:10)";"МДК.04.01 ЛПЗ — 2 п/г, Гобов, Лесная"
"ИСП-3304";"23.02.2026";"ПН";"5 пара (16:20-17:40)";"МДК.04.01 ЛПЗ — 2 п/г, Гобов, Лесная"
"ИСП-3304";"23.02.2026";"ПН";"6 пара (17:50-19:10)";"-"
"ИСП-3304";"23.02.2026";"ПН";"7 пара (19:20-20:40)";"-"
"ИСП-3304";"24.02.2026";"ВТ";"1 пара (08:30-09:55)";"МДК.04.01 ЛПЗ — 1 п/г, Гобов, Лесная | УП.04 (УП утро 08:30-12:30) — 2 п/г, Самцова, Лесная"
"ИСП-3304";"24.02.2026";"ВТ";"2 пара (10:05-11:30)";"МДК.04.01 ЛПЗ — 1 п/г, Гобов, Лесная | УП.04 (УП утро 08:30-12:30) — 2 п/г, Самцова, Лесная"
"ИСП-3304";"24.02.2026";"ВТ";"3 пара (12:25-13:50)";"МДК.04.01 ЛПЗ — 1 п/г, Гобов, Лесная"
"ИСП-3304";"24.02.2026";"ВТ";"4 пара (14:00-15:25)";"МДК.04.01 ЛПЗ — 1 п/г, Гобов, Лесная"
"ИСП-3304";"24.02.2026";"ВТ";"5 пара (15:35-16:55)";"МДК.04.01 ЛПЗ — 1 п/г, Гобов, Лесная"
"ИСП-3304";"24.02.2026";"ВТ";"6 пара (17:05-18:25)";"-"
"ИСП-3304";"24.02.2026";"ВТ";"7 пара (18:35-19:55)";"-"
"ИСП-3304";"25.02.2026";"СР";"1 пара (08:30-09:55)";"-"
"ИСП-3304";"25.02.2026";"СР";"2 пара (10:05-11:30)";"-"
"ИСП-3304";"25.02.2026";"СР";"3 пара (12:25-13:50)";"МДК.04.01 ЛПЗ — 1 п/г, Гобов, Лесная"
"ИСП-3304";"25.02.2026";"СР";"4 пара (14:00-15:25)";"МДК.04.01 теория — вся группа, Самцова, Лесная"
"ИСП-3304";"25.02.2026";"СР";"5 пара (15:35-16:55)";"МДК.04.01 теория — вся группа, Самцова, Лесная"
"ИСП-3304";"25.02.2026";"СР";"6 пара (17:05-18:25)";"МДК.04.01 теория — вся группа, Самцова, Лесная"
"ИСП-3304";"25.02.2026";"СР";"7 пара (18:35-19:55)";"МДК.04.01 теория — вся группа, Самцова, Лесная"
"ИСП-3304";"26.02.2026";"ЧТ";"1 пара (08:30-09:55)";"-"
"ИСП-3304";"26.02.2026";"ЧТ";"2 пара (10:05-11:30)";"-"
"ИСП-3304";"26.02.2026";"ЧТ";"3 пара (12:25-13:50)";"МДК.04.01 ЛПЗ — 1 п/г, Гобов, Лесная"
"ИСП-3304";"26.02.2026";"ЧТ";"4 пара (14:00-15:25)";"МДК.04.01 теория — вся группа, Самцова, Лесная"
"ИСП-3304";"26.02.2026";"ЧТ";"5 пара (15:35-16:55)";"МДК.04.01 теория — вся группа, Самцова, Лесная"
"ИСП-3304";"26.02.2026";"ЧТ";"6 пара (17:05-18:25)";"МДК.04.01 теория — вся группа, Самцова, Лесная"
"ИСП-3304";"26.02.2026";"ЧТ";"7 пара (18:35-19:55)";"МДК.04.01 теория — вся группа, Самцова, Лесная"
"ИСП-3304";"27.02.2026";"ПТ";"1 пара (08:30-09:55)";"-"
"ИСП-3304";"27.02.2026";"ПТ";"2 пара (10:05-11:30)";"-"
"ИСП-3304";"27.02.2026";"ПТ";"3 пара (12:25-13:50)";"МДК.04.01 ЛПЗ — 1 п/г, Гобов, Лесная"
"ИСП-3304";"27.02.2026";"ПТ";"4 пара (14:00-15:25)";"МДК.04.01 теория — вся группа, Самцова, Лесная"
"ИСП-3304";"27.02.2026";"ПТ";"5 пара (15:35-16:55)";"МДК.04.01 теория — вся группа, Самцова, Лесная"
"ИСП-3304";"27.02.2026";"ПТ";"6 пара (17:05-18:25)";"МДК.04.01 теория — вся группа, Самцова, Лесная"
"ИСП-3304";"27.02.2026";"ПТ";"7 пара (18:35-19:55)";"МДК.04.01 теория — вся группа, Самцова, Лесная"
"ИСП-3304";"28.02.2026";"СБ";"1 пара (08:30-09:45)";"УП.05 (УП утро 08:30-12:00) — 1 п/г, Гобов, Лесная"
"ИСП-3304";"28.02.2026";"СБ";"2 пара (09:55-11:10)";"УП.05 (УП утро 08:30-12:00) — 1 п/г, Гобов, Лесная"
"ИСП-3304";"28.02.2026";"СБ";"3 пара (11:30-12:45)";"-"
"ИСП-3304";"28.02.2026";"СБ";"4 пара (12:55-14:10)";"МДК.04.01 ЛПЗ — 2 п/г, Гобов, Лесная"
"ИСП-3304";"28.02.2026";"СБ";"5 пара (14:20-15:30)";"МДК.04.01 ЛПЗ — 2 п/г, Гобов, Лесная"
"ИСП-3304";"28.02.2026";"СБ";"6 пара (15:40-16:50)";"МДК.04.01 ЛПЗ — 2 п/г, Гобов, Лесная"
"ИСП-3304";"28.02.2026";"СБ";"7 пара (17:00-18:10)";"МДК.04.01 ЛПЗ — 2 п/г, Гобов, Лесная"
"ИСП-3304";"02.03.2026";"ПН";"1 пара (09:15-10:40)";"МДК.04.01 ЛПЗ — 2 п/г, Гобов, Лесная | УП.04 (УП утро 09:00-13:00) — 1 п/г, Самцова, Лесная"
"ИСП-3304";"02.03.2026";"ПН";"2 пара (10:50-12:15)";"МДК.04.01 ЛПЗ — 2 п/г, Гобов, Лесная | УП.04 (УП утро 09:00-13:00) — 1 п/г, Самцова, Лесная"
"ИСП-3304";"02.03.2026";"ПН";"3 пара (13:10-14:35)";"МДК.04.01 ЛПЗ — 2 п/г, Гобов, Лесная"
"ИСП-3304";"02.03.2026";"ПН";"4 пара (14:45-16:10)";"МДК.04.01 ЛПЗ — 2 п/г, Гобов, Лесная"
"ИСП-3304";"02.03.2026";"ПН";"5 пара (16:20-17:40)";"МДК.04.01 ЛПЗ — 2 п/г, Гобов, Лесная"
"ИСП-3304";"02.03.2026";"ПН";"6 пара (17:50-19:10)";"-"
"ИСП-3304";"02.03.2026";"ПН";"7 пара (19:20-20:40)";"-"
"ИСП-3304";"03.03.2026";"ВТ";"1 пара (08:30-09:55)";"МДК.04.01 ЛПЗ — 1 п/г, Гобов, Лесная | УП.04 (УП утро 08:30-12:30) — 2 п/г, Самцова, Лесная"
"ИСП-3304";"03.03.2026";"ВТ";"2 пара (10:05-11:30)";"МДК.04.01 ЛПЗ — 1 п/г, Гобов, Лесная | УП.04 (УП утро 08:30-12:30) — 2 п/г, Самцова, Лесная"
"ИСП-3304";"03.03.2026";"ВТ";"3 пара (12:25-13:50)";"МДК.04.01 ЛПЗ — 1 п/г, Гобов, Лесная"
"ИСП-3304";"03.03.2026";"ВТ";"4 пара (14:00-15:25)";"МДК.04.01 ЛПЗ — 1 п/г, Гобов, Лесная"
"ИСП-3304";"03.03.2026";"ВТ";"5 пара (15:35-16:55)";"МДК.04.01 ЛПЗ — 1 п/г, Гобов, Лесная"
"ИСП-3304";"03.03.2026";"ВТ";"6 пара (17:05-18:25)";"-"
"ИСП-3304";"03.03.2026";"ВТ";"7 пара (18:35-19:55)";"-"
"ИСП-3304";"04.03.2026";"СР";"1 пара (08:30-09:55)";"-"
"ИСП-3304";"04.03.2026";"СР";"2 пара (10:05-11:30)";"МДК.04.01 ЛПЗ — 1 п/г, Гобов, Лесная"
"ИСП-3304";"04.03.2026";"СР";"3 пара (12:25-13:50)";"МДК.04.01 ЛПЗ — 1 п/г, Гобов, Лесная"
"ИСП-3304";"04.03.2026";"СР";"4 пара (14:00-15:25)";"МДК.04.01 теория — вся группа, Самцова, Лесная"
"ИСП-3304";"04.03.2026";"СР";"5 пара (15:35-16:55)";"МДК.04.01 теория — вся группа, Самцова, Лесная"
"ИСП-3304";"04.03.2026";"СР";"6 пара (17:05-18:25)";"МДК.04.01 теория — вся группа, Самцова, Лесная"
"ИСП-3304";"04.03.2026";"СР";"7 пара (18:35-19:55)";"МДК.04.01 ЛПЗ — 2 п/г, Гобов, Лесная"
"ИСП-3304";"05.03.2026";"ЧТ";"1 пара (08:30-09:55)";"МДК.04.01 ЛПЗ — 1 п/г, Гобов, Лесная"
"ИСП-3304";"05.03.2026";"ЧТ";"2 пара (10:05-11:30)";"МДК.04.01 ЛПЗ — 1 п/г, Гобов, Лесная"
"ИСП-3304";"05.03.2026";"ЧТ";"3 пара (12:25-13:50)";"МДК.04.01 ЛПЗ — 1 п/г, Гобов, Лесная"
"ИСП-3304";"05.03.2026";"ЧТ";"4 пара (14:00-15:25)";"МДК.04.01 ЛПЗ — 2 п/г, Гобов, Лесная"
"ИСП-3304";"05.03.2026";"ЧТ";"5 пара (15:35-16:55)";"МДК.04.01 ЛПЗ — 2 п/г, Гобов, Лесная"
"ИСП-3304";"05.03.2026";"ЧТ";"6 пара (17:05-18:25)";"МДК.04.01 ЛПЗ — 2 п/г, Гобов, Лесная"
"ИСП-3304";"05.03.2026";"ЧТ";"7 пара (18:35-19:55)";"МДК.04.01 ЛПЗ — 2 п/г, Гобов, Лесная"
"ИСП-3304";"06.03.2026";"ПТ";"1 пара (08:30-09:55)";"УП.05 (УП утро 08:30-12:30) — 1 п/г, Гобов, Лесная"
"ИСП-3304";"06.03.2026";"ПТ";"2 пара (10:05-11:30)";"УП.05 (УП утро 08:30-12:30) — 1 п/г, Гобов, Лесная"
"ИСП-3304";"06.03.2026";"ПТ";"3 пара (12:25-13:50)";"-"
"ИСП-3304";"06.03.2026";"ПТ";"4 пара (14:00-15:25)";"МДК.04.01 ЛПЗ — 2 п/г, Гобов, Лесная"
"ИСП-3304";"06.03.2026";"ПТ";"5 пара (15:35-16:55)";"МДК.04.01 ЛПЗ — 2 п/г, Гобов, Лесная"
"ИСП-3304";"06.03.2026";"ПТ";"6 пара (17:05-18:25)";"ВМДК.05.01 ЛПЗ — 2 п/г, Гобов, Лесная"
"ИСП-3304";"06.03.2026";"ПТ";"7 пара (18:35-19:55)";"ВМДК.05.01 ЛПЗ — 2 п/г, Гобов, Лесная"
"ИСП-3304";"07.03.2026";"СБ";"1 пара (08:30-09:45)";"УП.05 (УП утро 08:30-12:00) — 2 п/г, Гобов, Лесная"
"ИСП-3304";"07.03.2026";"СБ";"2 пара (09:55-11:10)";"УП.05 (УП утро 08:30-12:00) — 2 п/г, Гобов, Лесная"
"ИСП-3304";"07.03.2026";"СБ";"3 пара (11:30-12:45)";"-"
"ИСП-3304";"07.03.2026";"СБ";"4 пара (12:55-14:10)";"-"
"ИСП-3304";"07.03.2026";"СБ";"5 пара (14:20-15:30)";"-"
"ИСП-3304";"07.03.2026";"СБ";"6 пара (15:40-16:50)";"ВМДК.05.01 ЛПЗ — 1 п/г, Гобов, Лесная"
"ИСП-3304";"07.03.2026";"СБ";"7 пара (17:00-18:10)";"ВМДК.05.01 ЛПЗ — 1 п/г, Гобов, Лесная"
"ИСП-3304";"09.03.2026";"ПН";"1 пара (09:15-10:40)";"УП.04 (УП утро 09:00-13:00) — 1 п/г, Самцова, Лесная"
"ИСП-3304";"09.03.2026";"ПН";"2 пара (10:50-12:15)";"УП.04 (УП утро 09:00-13:00) — 1 п/г, Самцова, Лесная"
"ИСП-3304";"09.03.2026";"ПН";"3 пара (13:10-14:35)";"-"
"ИСП-3304";"09.03.2026";"ПН";"4 пара (14:45-16:10)";"-"
"ИСП-3304";"09.03.2026";"ПН";"5 пара (16:20-17:40)";"-"
"ИСП-3304";"09.03.2026";"ПН";"6 пара (17:50-19:10)";"-"
"ИСП-3304";"09.03.2026";"ПН";"7 пара (19:20-20:40)";"-"
"ИСП-3304";"10.03.2026";"ВТ";"1 пара (08:30-09:55)";"УП.04 (УП утро 08:30-12:30) — 2 п/г, Самцова, Лесная"
"ИСП-3304";"10.03.2026";"ВТ";"2 пара (10:05-11:30)";"УП.04 (УП утро 08:30-12:30) — 2 п/г, Самцова, Лесная"
"ИСП-3304";"10.03.2026";"ВТ";"3 пара (12:25-13:50)";"-"
"ИСП-3304";"10.03.2026";"ВТ";"4 пара (14:00-15:25)";"-"
"ИСП-3304";"10.03.2026";"ВТ";"5 пара (15:35-16:55)";"-"
"ИСП-3304";"10.03.2026";"ВТ";"6 пара (17:05-18:25)";"-"
"ИСП-3304";"10.03.2026";"ВТ";"7 пара (18:35-19:55)";"-"
"ИСП-3304";"11.03.2026";"СР";"1 пара (08:30-09:55)";"УП.05 (УП утро 08:30-12:30) — 1 п/г, Гобов, Лесная"
"ИСП-3304";"11.03.2026";"СР";"2 пара (10:05-11:30)";"УП.05 (УП утро 08:30-12:30) — 1 п/г, Гобов, Лесная"
"ИСП-3304";"11.03.2026";"СР";"3 пара (12:25-13:50)";"-"
"ИСП-3304";"11.03.2026";"СР";"4 пара (14:00-15:25)";"-"
"ИСП-3304";"11.03.2026";"СР";"5 пара (15:35-16:55)";"-"
"ИСП-3304";"11.03.2026";"СР";"6 пара (17:05-18:25)";"-"
"ИСП-3304";"11.03.2026";"СР";"7 пара (18:35-19:55)";"-"
"ИСП-3304";"12.03.2026";"ЧТ";"1 пара (08:30-09:55)";"УП.05 (УП утро 08:30-12:30) — 2 п/г, Гобов, Лесная"
"ИСП-3304";"12.03.2026";"ЧТ";"2 пара (10:05-11:30)";"УП.05 (УП утро 08:30-12:30) — 2 п/г, Гобов, Лесная"
"ИСП-3304";"12.03.2026";"ЧТ";"3 пара (12:25-13:50)";"-"
"ИСП-3304";"12.03.2026";"ЧТ";"4 пара (14:00-15:25)";"-"
"ИСП-3304";"12.03.2026";"ЧТ";"5 пара (15:35-16:55)";"-"
"ИСП-3304";"12.03.2026";"ЧТ";"6 пара (17:05-18:25)";"-"
"ИСП-3304";"12.03.2026";"ЧТ";"7 пара (18:35-19:55)";"-"
"ИСП-3304";"13.03.2026";"ПТ";"1 пара (08:30-09:55)";"ВМДК.05.01 теория — вся группа, Гарбузов Андрей Евгеньевич, Лесная"
"ИСП-3304";"13.03.2026";"ПТ";"2 пара (10:05-11:30)";"ВМДК.05.01 теория — вся группа, Гарбузов Андрей Евгеньевич, Лесная"
"ИСП-3304";"13.03.2026";"ПТ";"3 пара (12:25-13:50)";"ВМДК.05.01 теория — вся группа, Гарбузов Андрей Евгеньевич, Лесная"
"ИСП-3304";"13.03.2026";"ПТ";"4 пара (14:00-15:25)";"ВМДК.05.01 теория — вся группа, Гарбузов Андрей Евгеньевич, Лесная"
"ИСП-3304";"13.03.2026";"ПТ";"5 пара (15:35-16:55)";"ВМДК.05.01 теория — вся группа, Гарбузов Андрей Евгеньевич, Лесная"
"ИСП-3304";"13.03.2026";"ПТ";"6 пара (17:05-18:25)";"-"
"ИСП-3304";"13.03.2026";"ПТ";"7 пара (18:35-19:55)";"-"
"ИСП-3304";"14.03.2026";"СБ";"1 пара (08:30-09:45)";"ВМДК.05.01 теория — вся группа, Гарбузов Андрей Евгеньевич, Лесная"
"ИСП-3304";"14.03.2026";"СБ";"2 пара (09:55-11:10)";"ВМДК.05.01 теория — вся группа, Гарбузов Андрей Евгеньевич, Лесная"
"ИСП-3304";"14.03.2026";"СБ";"3 пара (11:30-12:45)";"ВМДК.05.01 теория — вся группа, Гарбузов Андрей Евгеньевич, Лесная"
"ИСП-3304";"14.03.2026";"СБ";"4 пара (12:55-14:10)";"ВМДК.05.01 теория — вся группа, Гарбузов Андрей Евгеньевич, Лесная"
"ИСП-3304";"14.03.2026";"СБ";"5 пара (14:20-15:30)";"ВМДК.05.01 теория — вся группа, Гарбузов Андрей Евгеньевич, Лесная"
"ИСП-3304";"14.03.2026";"СБ";"6 пара (15:40-16:50)";"-"
"ИСП-3304";"14.03.2026";"СБ";"7 пара (17:00-18:10)";"-"
"ИСП-3304";"16.03.2026";"ПН";"1 пара (09:15-10:40)";"УП.04 (УП утро 09:00-13:00) — 1 п/г, Самцова, Лесная | ВМДК.05.01 ЛПЗ — 2 п/г, Гобов, Лесная"
"ИСП-3304";"16.03.2026";"ПН";"2 пара (10:50-12:15)";"УП.04 (УП утро 09:00-13:00) — 1 п/г, Самцова, Лесная | ВМДК.05.01 ЛПЗ — 2 п/г, Гобов, Лесная"
"ИСП-3304";"16.03.2026";"ПН";"3 пара (13:10-14:35)";"ВМДК.05.01 ЛПЗ — 2 п/г, Гобов, Лесная"
"ИСП-3304";"16.03.2026";"ПН";"4 пара (14:45-16:10)";"ВМДК.05.01 ЛПЗ — 2 п/г, Гобов, Лесная"
"ИСП-3304";"16.03.2026";"ПН";"5 пара (16:20-17:40)";"ВМДК.05.01 ЛПЗ — 2 п/г, Гобов, Лесная"
"ИСП-3304";"16.03.2026";"ПН";"6 пара (17:50-19:10)";"-"
"ИСП-3304";"16.03.2026";"ПН";"7 пара (19:20-20:40)";"-"
"ИСП-3304";"17.03.2026";"ВТ";"1 пара (08:30-09:55)";"УП.04 (УП утро 08:30-12:30) — 2 п/г, Самцова, Лесная"
"ИСП-3304";"17.03.2026";"ВТ";"2 пара (10:05-11:30)";"УП.04 (УП утро 08:30-12:30) — 2 п/г, Самцова, Лесная"
"ИСП-3304";"17.03.2026";"ВТ";"3 пара (12:25-13:50)";"-"
"ИСП-3304";"17.03.2026";"ВТ";"4 пара (14:00-15:25)";"ВМДК.05.01 ЛПЗ — 1 п/г, Гобов, Лесная"
"ИСП-3304";"17.03.2026";"ВТ";"5 пара (15:35-16:55)";"ВМДК.05.01 ЛПЗ — 1 п/г, Гобов, Лесная"
"ИСП-3304";"17.03.2026";"ВТ";"6 пара (17:05-18:25)";"ВМДК.05.01 ЛПЗ — 1 п/г, Гобов, Лесная"
"ИСП-3304";"17.03.2026";"ВТ";"7 пара (18:35-19:55)";"ВМДК.05.01 ЛПЗ — 1 п/г, Гобов, Лесная"
"ИСП-3304";"18.03.2026";"СР";"1 пара (08:30-09:55)";"УП.05 (УП утро 08:30-12:30) — 1 п/г, Гобов, Лесная"
"ИСП-3304";"18.03.2026";"СР";"2 пара (10:05-11:30)";"УП.05 (УП утро 08:30-12:30) — 1 п/г, Гобов, Лесная"
"ИСП-3304";"18.03.2026";"СР";"3 пара (12:25-13:50)";"-"
"ИСП-3304";"18.03.2026";"СР";"4 пара (14:00-15:25)";"ВМДК.05.01 ЛПЗ — 2 п/г, Гобов, Лесная"
"ИСП-3304";"18.03.2026";"СР";"5 пара (15:35-16:55)";"ВМДК.05.01 ЛПЗ — 2 п/г, Гобов, Лесная"
"ИСП-3304";"18.03.2026";"СР";"6 пара (17:05-18:25)";"ВМДК.05.01 ЛПЗ — 2 п/г, Гобов, Лесная"
"ИСП-3304";"18.03.2026";"СР";"7 пара (18:35-19:55)";"ВМДК.05.01 ЛПЗ — 2 п/г, Гобов, Лесная"
"ИСП-3304";"19.03.2026";"ЧТ";"1 пара (08:30-09:55)";"УП.05 (УП утро 08:30-12:30) — 2 п/г, Гобов, Лесная"
"ИСП-3304";"19.03.2026";"ЧТ";"2 пара (10:05-11:30)";"УП.05 (УП утро 08:30-12:30) — 2 п/г, Гобов, Лесная"
"ИСП-3304";"19.03.2026";"ЧТ";"3 пара (12:25-13:50)";"-"
"ИСП-3304";"19.03.2026";"ЧТ";"4 пара (14:00-15:25)";"ВМДК.05.01 ЛПЗ — 1 п/г, Гобов, Лесная"
"ИСП-3304";"19.03.2026";"ЧТ";"5 пара (15:35-16:55)";"ВМДК.05.01 ЛПЗ — 1 п/г, Гобов, Лесная"
"ИСП-3304";"19.03.2026";"ЧТ";"6 пара (17:05-18:25)";"ВМДК.05.01 ЛПЗ — 1 п/г, Гобов, Лесная"
"ИСП-3304";"19.03.2026";"ЧТ";"7 пара (18:35-19:55)";"ВМДК.05.01 ЛПЗ — 1 п/г, Гобов, Лесная"
"ИСП-3304";"20.03.2026";"ПТ";"1 пара (08:30-09:55)";"ВМДК.05.01 теория — вся группа, Гарбузов Андрей Евгеньевич, Лесная"
"ИСП-3304";"20.03.2026";"ПТ";"2 пара (10:05-11:30)";"ВМДК.05.01 теория — вся группа, Гарбузов Андрей Евгеньевич, Лесная"
"ИСП-3304";"20.03.2026";"ПТ";"3 пара (12:25-13:50)";"ВМДК.05.01 теория — вся группа, Гарбузов Андрей Евгеньевич, Лесная"
"ИСП-3304";"20.03.2026";"ПТ";"4 пара (14:00-15:25)";"ВМДК.05.01 теория — вся группа, Гарбузов Андрей Евгеньевич, Лесная"
"ИСП-3304";"20.03.2026";"ПТ";"5 пара (15:35-16:55)";"ВМДК.05.01 теория — вся группа, Гарбузов Андрей Евгеньевич, Лесная"
"ИСП-3304";"20.03.2026";"ПТ";"6 пара (17:05-18:25)";"-"
"ИСП-3304";"20.03.2026";"ПТ";"7 пара (18:35-19:55)";"-"
"ИСП-3304";"21.03.2026";"СБ";"1 пара (08:30-09:45)";"ВМДК.05.01 ЛПЗ — 1 п/г, Гобов, Лесная"
"ИСП-3304";"21.03.2026";"СБ";"2 пара (09:55-11:10)";"ВМДК.05.01 теория — вся группа, Гарбузов Андрей Евгеньевич, Лесная"
"ИСП-3304";"21.03.2026";"СБ";"3 пара (11:30-12:45)";"ВМДК.05.01 ЛПЗ — 2 п/г, Гобов, Лесная"
"ИСП-3304";"21.03.2026";"СБ";"4 пара (12:55-14:10)";"ВМДК.05.01 ЛПЗ — 2 п/г, Гобов, Лесная"
"ИСП-3304";"21.03.2026";"СБ";"5 пара (14:20-15:30)";"ВМДК.05.01 ЛПЗ — 2 п/г, Гобов, Лесная"
"ИСП-3304";"21.03.2026";"СБ";"6 пара (15:40-16:50)";"ВМДК.05.01 ЛПЗ — 2 п/г, Гобов, Лесная"
"ИСП-3304";"21.03.2026";"СБ";"7 пара (17:00-18:10)";"-"
"ИСП-3304";"23.03.2026";"ПН";"1 пара (09:15-10:40)";"УП.04 (УП утро 09:00-13:00) — 1 п/г, Самцова, Лесная | ВМДК.05.01 ЛПЗ — 2 п/г, Гобов, Лесная"
"ИСП-3304";"23.03.2026";"ПН";"2 пара (10:50-12:15)";"УП.04 (УП утро 09:00-13:00) — 1 п/г, Самцова, Лесная | ВМДК.05.01 ЛПЗ — 2 п/г, Гобов, Лесная"
"ИСП-3304";"23.03.2026";"ПН";"3 пара (13:10-14:35)";"ВМДК.05.01 ЛПЗ — 2 п/г, Гобов, Лесная"
"ИСП-3304";"23.03.2026";"ПН";"4 пара (14:45-16:10)";"ВМДК.05.01 ЛПЗ — 2 п/г, Гобов, Лесная"
"ИСП-3304";"23.03.2026";"ПН";"5 пара (16:20-17:40)";"-"
"ИСП-3304";"23.03.2026";"ПН";"6 пара (17:50-19:10)";"-"
"ИСП-3304";"23.03.2026";"ПН";"7 пара (19:20-20:40)";"-"
"ИСП-3304";"24.03.2026";"ВТ";"1 пара (08:30-09:55)";"УП.04 (УП утро 08:30-12:30) — 2 п/г, Самцова, Лесная"
"ИСП-3304";"24.03.2026";"ВТ";"2 пара (10:05-11:30)";"УП.04 (УП утро 08:30-12:30) — 2 п/г, Самцова, Лесная"
"ИСП-3304";"24.03.2026";"ВТ";"3 пара (12:25-13:50)";"-"
"ИСП-3304";"24.03.2026";"ВТ";"4 пара (14:00-15:25)";"ВМДК.05.01 ЛПЗ — 1 п/г, Гобов, Лесная"
"ИСП-3304";"24.03.2026";"ВТ";"5 пара (15:35-16:55)";"ВМДК.05.01 ЛПЗ — 1 п/г, Гобов, Лесная"
"ИСП-3304";"24.03.2026";"ВТ";"6 пара (17:05-18:25)";"ВМДК.05.01 ЛПЗ — 1 п/г, Гобов, Лесная"
"ИСП-3304";"24.03.2026";"ВТ";"7 пара (18:35-19:55)";"ВМДК.05.01 ЛПЗ — 1 п/г, Гобов, Лесная"
"ИСП-3304";"25.03.2026";"СР";"1 пара (08:30-09:55)";"УП.05 (УП утро 08:30-12:30) — 1 п/г, Гобов, Лесная"
"ИСП-3304";"25.03.2026";"СР";"2 пара (10:05-11:30)";"УП.05 (УП утро 08:30-12:30) — 1 п/г, Гобов, Лесная"
"ИСП-3304";"25.03.2026";"СР";"3 пара (12:25-13:50)";"-"
"ИСП-3304";"25.03.2026";"СР";"4 пара (14:00-15:25)";"-"
"ИСП-3304";"25.03.2026";"СР";"5 пара (15:35-16:55)";"-"
"ИСП-3304";"25.03.2026";"СР";"6 пара (17:05-18:25)";"-"
"ИСП-3304";"25.03.2026";"СР";"7 пара (18:35-19:55)";"-"
"ИСП-3304";"26.03.2026";"ЧТ";"1 пара (08:30-09:55)";"УП.05 (УП утро 08:30-12:30) — 2 п/г, Гобов, Лесная"
"ИСП-3304";"26.03.2026";"ЧТ";"2 пара (10:05-11:30)";"УП.05 (УП утро 08:30-12:30) — 2 п/г, Гобов, Лесная"
"ИСП-3304";"26.03.2026";"ЧТ";"3 пара (12:25-13:50)";"-"
"ИСП-3304";"26.03.2026";"ЧТ";"4 пара (14:00-15:25)";"ВМДК.05.01 ЛПЗ — 1 п/г, Гобов, Лесная"
"ИСП-3304";"26.03.2026";"ЧТ";"5 пара (15:35-16:55)";"ВМДК.05.01 ЛПЗ — 1 п/г, Гобов, Лесная"
"ИСП-3304";"26.03.2026";"ЧТ";"6 пара (17:05-18:25)";"ВМДК.05.01 ЛПЗ — 1 п/г, Гобов, Лесная"
"ИСП-3304";"26.03.2026";"ЧТ";"7 пара (18:35-19:55)";"ВМДК.05.01 ЛПЗ — 1 п/г, Гобов, Лесная"
"ИСП-3304";"30.03.2026";"ПН";"1 пара (09:15-10:40)";"УП.04 (УП утро 09:00-13:00) — 1 п/г, Самцова, Лесная"
"ИСП-3304";"30.03.2026";"ПН";"2 пара (10:50-12:15)";"УП.04 (УП утро 09:00-13:00) — 1 п/г, Самцова, Лесная"
"ИСП-3304";"30.03.2026";"ПН";"3 пара (13:10-14:35)";"-"
"ИСП-3304";"30.03.2026";"ПН";"4 пара (14:45-16:10)";"-"
"ИСП-3304";"30.03.2026";"ПН";"5 пара (16:20-17:40)";"-"
"ИСП-3304";"30.03.2026";"ПН";"6 пара (17:50-19:10)";"-"
"ИСП-3304";"30.03.2026";"ПН";"7 пара (19:20-20:40)";"-"
"ИСП-3304";"31.03.2026";"ВТ";"1 пара (08:30-09:55)";"УП.04 (УП утро 08:30-12:30) — 2 п/г, Самцова, Лесная"
"ИСП-3304";"31.03.2026";"ВТ";"2 пара (10:05-11:30)";"УП.04 (УП утро 08:30-12:30) — 2 п/г, Самцова, Лесная"
"ИСП-3304";"31.03.2026";"ВТ";"3 пара (12:25-13:50)";"-"
"ИСП-3304";"31.03.2026";"ВТ";"4 пара (14:00-15:25)";"-"
"ИСП-3304";"31.03.2026";"ВТ";"5 пара (15:35-16:55)";"-"
"ИСП-3304";"31.03.2026";"ВТ";"6 пара (17:05-18:25)";"-"
"ИСП-3304";"31.03.2026";"ВТ";"7 пара (18:35-19:55)";"-"
"ИСП-3304";"01.04.2026";"СР";"1 пара (08:30-09:55)";"УП.05 (УП утро 08:30-12:30) — 1 п/г, Гобов, Лесная"
"ИСП-3304";"01.04.2026";"СР";"2 пара (10:05-11:30)";"УП.05 (УП утро 08:30-12:30) — 1 п/г, Гобов, Лесная"
"ИСП-3304";"01.04.2026";"СР";"3 пара (12:25-13:50)";"-"
"ИСП-3304";"01.04.2026";"СР";"4 пара (14:00-15:25)";"-"
"ИСП-3304";"01.04.2026";"СР";"5 пара (15:35-16:55)";"-"
"ИСП-3304";"01.04.2026";"СР";"6 пара (17:05-18:25)";"-"
"ИСП-3304";"01.04.2026";"СР";"7 пара (18:35-19:55)";"-"
"ИСП-3304";"02.04.2026";"ЧТ";"1 пара (08:30-09:55)";"УП.05 (УП утро 08:30-12:30) — 2 п/г, Гобов, Лесная"
"ИСП-3304";"02.04.2026";"ЧТ";"2 пара (10:05-11:30)";"УП.05 (УП утро 08:30-12:30) — 2 п/г, Гобов, Лесная"
"ИСП-3304";"02.04.2026";"ЧТ";"3 пара (12:25-13:50)";"-"
"ИСП-3304";"02.04.2026";"ЧТ";"4 пара (14:00-15:25)";"-"
"ИСП-3304";"02.04.2026";"ЧТ";"5 пара (15:35-16:55)";"-"
"ИСП-3304";"02.04.2026";"ЧТ";"6 пара (17:05-18:25)";"-"
"ИСП-3304";"02.04.2026";"ЧТ";"7 пара (18:35-19:55)";"-"
"ИСП-3304";"06.04.2026";"ПН";"1 пара (09:15-10:40)";"УП.04 (УП утро 09:00-13:00) — 1 п/г, Самцова, Лесная"
"ИСП-3304";"06.04.2026";"ПН";"2 пара (10:50-12:15)";"УП.04 (УП утро 09:00-13:00) — 1 п/г, Самцова, Лесная"
"ИСП-3304";"06.04.2026";"ПН";"3 пара (13:10-14:35)";"-"
"ИСП-3304";"06.04.2026";"ПН";"4 пара (14:45-16:10)";"-"
"ИСП-3304";"06.04.2026";"ПН";"5 пара (16:20-17:40)";"-"
"ИСП-3304";"06.04.2026";"ПН";"6 пара (17:50-19:10)";"-"
"ИСП-3304";"06.04.2026";"ПН";"7 пара (19:20-20:40)";"-"
"ИСП-3304";"07.04.2026";"ВТ";"1 пара (08:30-09:55)";"УП.04 (УП утро 08:30-12:30) — 2 п/г, Самцова, Лесная"
"ИСП-3304";"07.04.2026";"ВТ";"2 пара (10:05-11:30)";"УП.04 (УП утро 08:30-12:30) — 2 п/г, Самцова, Лесная"
"ИСП-3304";"07.04.2026";"ВТ";"3 пара (12:25-13:50)";"-"
"ИСП-3304";"07.04.2026";"ВТ";"4 пара (14:00-15:25)";"-"
"ИСП-3304";"07.04.2026";"ВТ";"5 пара (15:35-16:55)";"-"
"ИСП-3304";"07.04.2026";"ВТ";"6 пара (17:05-18:25)";"-"
"ИСП-3304";"07.04.2026";"ВТ";"7 пара (18:35-19:55)";"-"
"ИСП-3304";"08.04.2026";"СР";"1 пара (08:30-09:55)";"УП.05 (УП утро 08:30-12:30) — 1 п/г, Гобов, Лесная"
"ИСП-3304";"08.04.2026";"СР";"2 пара (10:05-11:30)";"УП.05 (УП утро 08:30-12:30) — 1 п/г, Гобов, Лесная"
"ИСП-3304";"08.04.2026";"СР";"3 пара (12:25-13:50)";"-"
"ИСП-3304";"08.04.2026";"СР";"4 пара (14:00-15:25)";"-"
"ИСП-3304";"08.04.2026";"СР";"5 пара (15:35-16:55)";"-"
"ИСП-3304";"08.04.2026";"СР";"6 пара (17:05-18:25)";"-"
"ИСП-3304";"08.04.2026";"СР";"7 пара (18:35-19:55)";"-"
"ИСП-3304";"09.04.2026";"ЧТ";"1 пара (08:30-09:55)";"УП.05 (УП утро 08:30-12:30) — 2 п/г, Гобов, Лесная"
"ИСП-3304";"09.04.2026";"ЧТ";"2 пара (10:05-11:30)";"УП.05 (УП утро 08:30-12:30) — 2 п/г, Гобов, Лесная"
"ИСП-3304";"09.04.2026";"ЧТ";"3 пара (12:25-13:50)";"-"
"ИСП-3304";"09.04.2026";"ЧТ";"4 пара (14:00-15:25)";"-"
"ИСП-3304";"09.04.2026";"ЧТ";"5 пара (15:35-16:55)";"-"
"ИСП-3304";"09.04.2026";"ЧТ";"6 пара (17:05-18:25)";"-"
"ИСП-3304";"09.04.2026";"ЧТ";"7 пара (18:35-19:55)";"-"
"ИСП-3304";"13.04.2026";"ПН";"1 пара (09:15-10:40)";"УП.04 (УП утро 09:00-13:00) — 1 п/г, Самцова, Лесная"
"ИСП-3304";"13.04.2026";"ПН";"2 пара (10:50-12:15)";"УП.04 (УП утро 09:00-13:00) — 1 п/г, Самцова, Лесная"
"ИСП-3304";"13.04.2026";"ПН";"3 пара (13:10-14:35)";"-"
"ИСП-3304";"13.04.2026";"ПН";"4 пара (14:45-16:10)";"-"
"ИСП-3304";"13.04.2026";"ПН";"5 пара (16:20-17:40)";"-"
"ИСП-3304";"13.04.2026";"ПН";"6 пара (17:50-19:10)";"-"
"ИСП-3304";"13.04.2026";"ПН";"7 пара (19:20-20:40)";"-"
"ИСП-3304";"14.04.2026";"ВТ";"1 пара (08:30-09:55)";"УП.04 (УП утро 08:30-12:30) — 2 п/г, Самцова, Лесная"
"ИСП-3304";"14.04.2026";"ВТ";"2 пара (10:05-11:30)";"УП.04 (УП утро 08:30-12:30) — 2 п/г, Самцова, Лесная"
"ИСП-3304";"14.04.2026";"ВТ";"3 пара (12:25-13:50)";"-"
"ИСП-3304";"14.04.2026";"ВТ";"4 пара (14:00-15:25)";"-"
"ИСП-3304";"14.04.2026";"ВТ";"5 пара (15:35-16:55)";"-"
"ИСП-3304";"14.04.2026";"ВТ";"6 пара (17:05-18:25)";"-"
"ИСП-3304";"14.04.2026";"ВТ";"7 пара (18:35-19:55)";"-"
"ИСП-3304";"15.04.2026";"СР";"1 пара (08:30-09:55)";"УП.05 (УП утро 08:30-12:30) — 1 п/г, Гобов, Лесная"
"ИСП-3304";"15.04.2026";"СР";"2 пара (10:05-11:30)";"УП.05 (УП утро 08:30-12:30) — 1 п/г, Гобов, Лесная"
"ИСП-3304";"15.04.2026";"СР";"3 пара (12:25-13:50)";"-"
"ИСП-3304";"15.04.2026";"СР";"4 пара (14:00-15:25)";"-"
"ИСП-3304";"15.04.2026";"СР";"5 пара (15:35-16:55)";"-"
"ИСП-3304";"15.04.2026";"СР";"6 пара (17:05-18:25)";"-"
"ИСП-3304";"15.04.2026";"СР";"7 пара (18:35-19:55)";"-"
"ИСП-3304";"16.04.2026";"ЧТ";"1 пара (08:30-09:55)";"УП.05 (УП утро 08:30-12:30) — 2 п/г, Гобов, Лесная"
"ИСП-3304";"16.04.2026";"ЧТ";"2 пара (10:05-11:30)";"УП.05 (УП утро 08:30-12:30) — 2 п/г, Гобов, Лесная"
"ИСП-3304";"16.04.2026";"ЧТ";"3 пара (12:25-13:50)";"-"
"ИСП-3304";"16.04.2026";"ЧТ";"4 пара (14:00-15:25)";"-"
"ИСП-3304";"16.04.2026";"ЧТ";"5 пара (15:35-16:55)";"-"
"ИСП-3304";"16.04.2026";"ЧТ";"6 пара (17:05-18:25)";"-"
"ИСП-3304";"16.04.2026";"ЧТ";"7 пара (18:35-19:55)";"-"
"ИСП-3304";"20.04.2026";"ПН";"1 пара (09:15-10:40)";"УП.04 (УП утро 09:00-13:00) — 1 п/г, Самцова, Лесная"
"ИСП-3304";"20.04.2026";"ПН";"2 пара (10:50-12:15)";"УП.04 (УП утро 09:00-13:00) — 1 п/г, Самцова, Лесная"
"ИСП-3304";"20.04.2026";"ПН";"3 пара (13:10-14:35)";"-"
"ИСП-3304";"20.04.2026";"ПН";"4 пара (14:45-16:10)";"-"
"ИСП-3304";"20.04.2026";"ПН";"5 пара (16:20-17:40)";"-"
"ИСП-3304";"20.04.2026";"ПН";"6 пара (17:50-19:10)";"-"
"ИСП-3304";"20.04.2026";"ПН";"7 пара (19:20-20:40)";"-"
"ИСП-3304";"21.04.2026";"ВТ";"1 пара (08:30-09:55)";"УП.04 (УП утро 08:30-12:30) — 2 п/г, Самцова, Лесная"
"ИСП-3304";"21.04.2026";"ВТ";"2 пара (10:05-11:30)";"УП.04 (УП утро 08:30-12:30) — 2 п/г, Самцова, Лесная"
"ИСП-3304";"21.04.2026";"ВТ";"3 пара (12:25-13:50)";"-"
"ИСП-3304";"21.04.2026";"ВТ";"4 пара (14:00-15:25)";"-"
"ИСП-3304";"21.04.2026";"ВТ";"5 пара (15:35-16:55)";"-"
"ИСП-3304";"21.04.2026";"ВТ";"6 пара (17:05-18:25)";"-"
"ИСП-3304";"21.04.2026";"ВТ";"7 пара (18:35-19:55)";"-"
"ИСП-3304";"22.04.2026";"СР";"1 пара (08:30-09:55)";"УП.05 (УП утро 08:30-12:30) — 1 п/г, Гобов, Лесная"
"ИСП-3304";"22.04.2026";"СР";"2 пара (10:05-11:30)";"УП.05 (УП утро 08:30-12:30) — 1 п/г, Гобов, Лесная"
"ИСП-3304";"22.04.2026";"СР";"3 пара (12:25-13:50)";"-"
"ИСП-3304";"22.04.2026";"СР";"4 пара (14:00-15:25)";"-"
"ИСП-3304";"22.04.2026";"СР";"5 пара (15:35-16:55)";"-"
"ИСП-3304";"22.04.2026";"СР";"6 пара (17:05-18:25)";"-"
"ИСП-3304";"22.04.2026";"СР";"7 пара (18:35-19:55)";"-"
"ИСП-3304";"23.04.2026";"ЧТ";"1 пара (08:30-09:55)";"УП.05 (УП утро 08:30-12:30) — 2 п/г, Гобов, Лесная"
"ИСП-3304";"23.04.2026";"ЧТ";"2 пара (10:05-11:30)";"УП.05 (УП утро 08:30-12:30) — 2 п/г, Гобов, Лесная"
"ИСП-3304";"23.04.2026";"ЧТ";"3 пара (12:25-13:50)";"-"
"ИСП-3304";"23.04.2026";"ЧТ";"4 пара (14:00-15:25)";"-"
"ИСП-3304";"23.04.2026";"ЧТ";"5 пара (15:35-16:55)";"-"
"ИСП-3304";"23.04.2026";"ЧТ";"6 пара (17:05-18:25)";"-"
"ИСП-3304";"23.04.2026";"ЧТ";"7 пара (18:35-19:55)";"-"
"ИСП-3304";"27.04.2026";"ПН";"1 пара (09:15-10:40)";"УП.04 (УП утро 09:00-13:00) — 1 п/г, Самцова, Лесная"
"ИСП-3304";"27.04.2026";"ПН";"2 пара (10:50-12:15)";"УП.04 (УП утро 09:00-13:00) — 1 п/г, Самцова, Лесная"
"ИСП-3304";"27.04.2026";"ПН";"3 пара (13:10-14:35)";"-"
"ИСП-3304";"27.04.2026";"ПН";"4 пара (14:45-16:10)";"-"
"ИСП-3304";"27.04.2026";"ПН";"5 пара (16:20-17:40)";"-"
"ИСП-3304";"27.04.2026";"ПН";"6 пара (17:50-19:10)";"-"
"ИСП-3304";"27.04.2026";"ПН";"7 пара (19:20-20:40)";"-"
"ИСП-3304";"28.04.2026";"ВТ";"1 пара (08:30-09:55)";"УП.04 (УП утро 08:30-12:30) — 2 п/г, Самцова, Лесная"
"ИСП-3304";"28.04.2026";"ВТ";"2 пара (10:05-11:30)";"УП.04 (УП утро 08:30-12:30) — 2 п/г, Самцова, Лесная"
"ИСП-3304";"28.04.2026";"ВТ";"3 пара (12:25-13:50)";"-"
"ИСП-3304";"28.04.2026";"ВТ";"4 пара (14:00-15:25)";"-"
"ИСП-3304";"28.04.2026";"ВТ";"5 пара (15:35-16:55)";"-"
"ИСП-3304";"28.04.2026";"ВТ";"6 пара (17:05-18:25)";"-"
"ИСП-3304";"28.04.2026";"ВТ";"7 пара (18:35-19:55)";"-"
"ИСП-3304";"29.04.2026";"СР";"1 пара (08:30-09:55)";"УП.05 (УП утро 08:30-12:30) — 2 п/г, Гобов, Лесная"
"ИСП-3304";"29.04.2026";"СР";"2 пара (10:05-11:30)";"УП.05 (УП утро 08:30-12:30) — 2 п/г, Гобов, Лесная"
"ИСП-3304";"29.04.2026";"СР";"3 пара (12:25-13:50)";"-"
"ИСП-3304";"29.04.2026";"СР";"4 пара (14:00-15:25)";"-"
"ИСП-3304";"29.04.2026";"СР";"5 пара (15:35-16:55)";"-"
"ИСП-3304";"29.04.2026";"СР";"6 пара (17:05-18:25)";"-"
"ИСП-3304";"29.04.2026";"СР";"7 пара (18:35-19:55)";"-"
"ИСП-3305п";"12.01.2026";"ПН";"1 пара (09:15-10:40)";"УП.05 (УП утро 09:00-13:00) — 1 п/г, Гобов, Лесная"
"ИСП-3305п";"12.01.2026";"ПН";"2 пара (10:50-12:15)";"УП.05 (УП утро 09:00-13:00) — 1 п/г, Гобов, Лесная"
"ИСП-3305п";"12.01.2026";"ПН";"3 пара (13:10-14:35)";"МДК.01.01 ЛПЗ — 2 п/г, Гарбузов Андрей Евгеньевич, Лесная"
"ИСП-3305п";"12.01.2026";"ПН";"4 пара (14:45-16:10)";"МДК.01.01 ЛПЗ — 2 п/г, Гарбузов Андрей Евгеньевич, Лесная"
"ИСП-3305п";"12.01.2026";"ПН";"5 пара (16:20-17:40)";"МДК.01.01 ЛПЗ — 2 п/г, Гарбузов Андрей Евгеньевич, Лесная"
"ИСП-3305п";"12.01.2026";"ПН";"6 пара (17:50-19:10)";"Ин. язык — 2 п/г, Давыдова Валентина Алексеевна, Лесная"
"ИСП-3305п";"12.01.2026";"ПН";"7 пара (19:20-20:40)";"Ин. язык — 2 п/г, Давыдова Валентина Алексеевна, Лесная"
"ИСП-3305п";"13.01.2026";"ВТ";"1 пара (08:30-09:55)";"Ин. язык — 1 п/г, Новосёлова Светлана Юрьевна, Лесная | УП.05 (УП утро 08:30-12:30) — 2 п/г, Гобов, Лесная"
"ИСП-3305п";"13.01.2026";"ВТ";"2 пара (10:05-11:30)";"Ин. язык — 1 п/г, Новосёлова Светлана Юрьевна, Лесная | УП.05 (УП утро 08:30-12:30) — 2 п/г, Гобов, Лесная"
"ИСП-3305п";"13.01.2026";"ВТ";"3 пара (12:25-13:50)";"Ин. язык — 1 п/г, Новосёлова Светлана Юрьевна, Лесная"
"ИСП-3305п";"13.01.2026";"ВТ";"4 пара (14:00-15:25)";"Ин. язык — 1 п/г, Новосёлова Светлана Юрьевна, Лесная"
"ИСП-3305п";"13.01.2026";"ВТ";"5 пара (15:35-16:55)";"Ин. язык — 1 п/г, Новосёлова Светлана Юрьевна, Лесная"
"ИСП-3305п";"13.01.2026";"ВТ";"6 пара (17:05-18:25)";"-"
"ИСП-3305п";"13.01.2026";"ВТ";"7 пара (18:35-19:55)";"-"
"ИСП-3305п";"14.01.2026";"СР";"1 пара (08:30-09:55)";"Ин. язык — 2 п/г, Давыдова Валентина Алексеевна, Лесная"
"ИСП-3305п";"14.01.2026";"СР";"2 пара (10:05-11:30)";"Ин. язык — 2 п/г, Давыдова Валентина Алексеевна, Лесная"
"ИСП-3305п";"14.01.2026";"СР";"3 пара (12:25-13:50)";"Ин. язык — 2 п/г, Давыдова Валентина Алексеевна, Лесная | МДК.01.01 ЛПЗ — 1 п/г, Гарбузов Андрей Евгеньевич, Лесная"
"ИСП-3305п";"14.01.2026";"СР";"4 пара (14:00-15:25)";"Ин. язык — 2 п/г, Давыдова Валентина Алексеевна, Лесная | МДК.01.01 ЛПЗ — 1 п/г, Гарбузов Андрей Евгеньевич, Лесная"
"ИСП-3305п";"14.01.2026";"СР";"5 пара (15:35-16:55)";"Ин. язык — 2 п/г, Давыдова Валентина Алексеевна, Лесная | МДК.01.01 ЛПЗ — 1 п/г, Гарбузов Андрей Евгеньевич, Лесная"
"ИСП-3305п";"14.01.2026";"СР";"6 пара (17:05-18:25)";"Ин. язык — 1 п/г, Новосёлова Светлана Юрьевна, Лесная"
"ИСП-3305п";"14.01.2026";"СР";"7 пара (18:35-19:55)";"Ин. язык — 1 п/г, Новосёлова Светлана Юрьевна, Лесная"
"ИСП-3305п";"15.01.2026";"ЧТ";"1 пара (08:30-09:55)";"Ин. язык — 2 п/г, Давыдова Валентина Алексеевна, Лесная"
"ИСП-3305п";"15.01.2026";"ЧТ";"2 пара (10:05-11:30)";"Ин. язык — 2 п/г, Давыдова Валентина Алексеевна, Лесная"
"ИСП-3305п";"15.01.2026";"ЧТ";"3 пара (12:25-13:50)";"Ин. язык — 2 п/г, Давыдова Валентина Алексеевна, Лесная | МДК.01.01 ЛПЗ — 1 п/г, Гарбузов Андрей Евгеньевич, Лесная"
"ИСП-3305п";"15.01.2026";"ЧТ";"4 пара (14:00-15:25)";"Ин. язык — 2 п/г, Давыдова Валентина Алексеевна, Лесная | МДК.01.01 ЛПЗ — 1 п/г, Гарбузов Андрей Евгеньевич, Лесная"
"ИСП-3305п";"15.01.2026";"ЧТ";"5 пара (15:35-16:55)";"Ин. язык — 2 п/г, Давыдова Валентина Алексеевна, Лесная | МДК.01.01 ЛПЗ — 1 п/г, Гарбузов Андрей Евгеньевич, Лесная"
"ИСП-3305п";"15.01.2026";"ЧТ";"6 пара (17:05-18:25)";"Ин. язык — 1 п/г, Новосёлова Светлана Юрьевна, Лесная"
"ИСП-3305п";"15.01.2026";"ЧТ";"7 пара (18:35-19:55)";"Ин. язык — 1 п/г, Новосёлова Светлана Юрьевна, Лесная"
"ИСП-3305п";"16.01.2026";"ПТ";"1 пара (08:30-09:55)";"МДК.01.01 ЛПЗ — 2 п/г, Гарбузов Андрей Евгеньевич, Лесная | УП.04 (УП утро 08:30-12:30) — 1 п/г, Самцова, Лесная"
"ИСП-3305п";"16.01.2026";"ПТ";"2 пара (10:05-11:30)";"МДК.01.01 ЛПЗ — 2 п/г, Гарбузов Андрей Евгеньевич, Лесная | УП.04 (УП утро 08:30-12:30) — 1 п/г, Самцова, Лесная"
"ИСП-3305п";"16.01.2026";"ПТ";"3 пара (12:25-13:50)";"МДК.01.01 ЛПЗ — 2 п/г, Гарбузов Андрей Евгеньевич, Лесная"
"ИСП-3305п";"16.01.2026";"ПТ";"4 пара (14:00-15:25)";"Ин. язык — 2 п/г, Давыдова Валентина Алексеевна, Лесная"
"ИСП-3305п";"16.01.2026";"ПТ";"5 пара (15:35-16:55)";"МДК.01.01 ЛПЗ — 2 п/г, Гарбузов Андрей Евгеньевич, Лесная"
"ИСП-3305п";"16.01.2026";"ПТ";"6 пара (17:05-18:25)";"-"
"ИСП-3305п";"16.01.2026";"ПТ";"7 пара (18:35-19:55)";"-"
"ИСП-3305п";"17.01.2026";"СБ";"1 пара (08:30-09:45)";"МДК.01.01 ЛПЗ — 2 п/г, Гарбузов Андрей Евгеньевич, Лесная | УП.04 (УП утро 08:30-12:00) — 1 п/г, Самцова, Лесная"
"ИСП-3305п";"17.01.2026";"СБ";"2 пара (09:55-11:10)";"МДК.01.01 ЛПЗ — 2 п/г, Гарбузов Андрей Евгеньевич, Лесная | УП.04 (УП утро 08:30-12:00) — 1 п/г, Самцова, Лесная"
"ИСП-3305п";"17.01.2026";"СБ";"3 пара (11:30-12:45)";"МДК.01.01 ЛПЗ — 2 п/г, Гарбузов Андрей Евгеньевич, Лесная"
"ИСП-3305п";"17.01.2026";"СБ";"4 пара (12:55-14:10)";"МДК.01.01 ЛПЗ — 2 п/г, Гарбузов Андрей Евгеньевич, Лесная"
"ИСП-3305п";"17.01.2026";"СБ";"5 пара (14:20-15:30)";"МДК.01.01 ЛПЗ — 2 п/г, Гарбузов Андрей Евгеньевич, Лесная"
"ИСП-3305п";"17.01.2026";"СБ";"6 пара (15:40-16:50)";"-"
"ИСП-3305п";"17.01.2026";"СБ";"7 пара (17:00-18:10)";"-"
"ИСП-3305п";"19.01.2026";"ПН";"1 пара (09:15-10:40)";"Ин. язык — 1 п/г, Новосёлова Светлана Юрьевна, Лесная"
"ИСП-3305п";"19.01.2026";"ПН";"2 пара (10:50-12:15)";"Ин. язык — 1 п/г, Новосёлова Светлана Юрьевна, Лесная"
"ИСП-3305п";"19.01.2026";"ПН";"3 пара (13:10-14:35)";"Ин. язык — 1 п/г, Новосёлова Светлана Юрьевна, Лесная | МДК.04.01 ЛПЗ — 2 п/г, Гобов, Лесная"
"ИСП-3305п";"19.01.2026";"ПН";"4 пара (14:45-16:10)";"Ин. язык — 1 п/г, Новосёлова Светлана Юрьевна, Лесная | МДК.04.01 ЛПЗ — 2 п/г, Гобов, Лесная"
"ИСП-3305п";"19.01.2026";"ПН";"5 пара (16:20-17:40)";"Физическая культура — вся группа, Нуров Мирзо Нуралиевич, Лесная"
"ИСП-3305п";"19.01.2026";"ПН";"6 пара (17:50-19:10)";"МДК.01.01 ЛПЗ — 2 п/г, Гарбузов Андрей Евгеньевич, Лесная"
"ИСП-3305п";"19.01.2026";"ПН";"7 пара (19:20-20:40)";"МДК.01.01 ЛПЗ — 2 п/г, Гарбузов Андрей Евгеньевич, Лесная"
"ИСП-3305п";"20.01.2026";"ВТ";"1 пара (08:30-09:55)";"Физическая культура — вся группа, Нуров Мирзо Нуралиевич, Лесная"
"ИСП-3305п";"20.01.2026";"ВТ";"2 пара (10:05-11:30)";"Физическая культура — вся группа, Нуров Мирзо Нуралиевич, Лесная"
"ИСП-3305п";"20.01.2026";"ВТ";"3 пара (12:25-13:50)";"Физическая культура — вся группа, Нуров Мирзо Нуралиевич, Лесная"
"ИСП-3305п";"20.01.2026";"ВТ";"4 пара (14:00-15:25)";"Физическая культура — вся группа, Нуров Мирзо Нуралиевич, Лесная"
"ИСП-3305п";"20.01.2026";"ВТ";"5 пара (15:35-16:55)";"Физическая культура — вся группа, Нуров Мирзо Нуралиевич, Лесная"
"ИСП-3305п";"20.01.2026";"ВТ";"6 пара (17:05-18:25)";"-"
"ИСП-3305п";"20.01.2026";"ВТ";"7 пара (18:35-19:55)";"-"
"ИСП-3305п";"21.01.2026";"СР";"1 пара (08:30-09:55)";"Физическая культура — вся группа, Нуров Мирзо Нуралиевич, Лесная"
"ИСП-3305п";"21.01.2026";"СР";"2 пара (10:05-11:30)";"Физическая культура — вся группа, Нуров Мирзо Нуралиевич, Лесная"
"ИСП-3305п";"21.01.2026";"СР";"3 пара (12:25-13:50)";"Физическая культура — вся группа, Нуров Мирзо Нуралиевич, Лесная"
"ИСП-3305п";"21.01.2026";"СР";"4 пара (14:00-15:25)";"Физическая культура — вся группа, Нуров Мирзо Нуралиевич, Лесная"
"ИСП-3305п";"21.01.2026";"СР";"5 пара (15:35-16:55)";"Физическая культура — вся группа, Нуров Мирзо Нуралиевич, Лесная"
"ИСП-3305п";"21.01.2026";"СР";"6 пара (17:05-18:25)";"-"
"ИСП-3305п";"21.01.2026";"СР";"7 пара (18:35-19:55)";"-"
"ИСП-3305п";"22.01.2026";"ЧТ";"1 пара (08:30-09:55)";"Физическая культура — вся группа, Нуров Мирзо Нуралиевич, Лесная"
"ИСП-3305п";"22.01.2026";"ЧТ";"2 пара (10:05-11:30)";"Физическая культура — вся группа, Нуров Мирзо Нуралиевич, Лесная"
"ИСП-3305п";"22.01.2026";"ЧТ";"3 пара (12:25-13:50)";"Физическая культура — вся группа, Нуров Мирзо Нуралиевич, Лесная"
"ИСП-3305п";"22.01.2026";"ЧТ";"4 пара (14:00-15:25)";"БЖД — вся группа, Потапова Регина Александровна, Лесная"
"ИСП-3305п";"22.01.2026";"ЧТ";"5 пара (15:35-16:55)";"БЖД — вся группа, Потапова Регина Александровна, Лесная"
"ИСП-3305п";"22.01.2026";"ЧТ";"6 пара (17:05-18:25)";"-"
"ИСП-3305п";"22.01.2026";"ЧТ";"7 пара (18:35-19:55)";"-"
"ИСП-3305п";"23.01.2026";"ПТ";"1 пара (08:30-09:55)";"МДК.01.01 ЛПЗ — 2 п/г, Гарбузов Андрей Евгеньевич, Лесная | УП.04 (УП утро 08:30-12:30) — 1 п/г, Самцова, Лесная"
"ИСП-3305п";"23.01.2026";"ПТ";"2 пара (10:05-11:30)";"МДК.01.01 ЛПЗ — 2 п/г, Гарбузов Андрей Евгеньевич, Лесная | УП.04 (УП утро 08:30-12:30) — 1 п/г, Самцова, Лесная"
"ИСП-3305п";"23.01.2026";"ПТ";"3 пара (12:25-13:50)";"МДК.01.01 ЛПЗ — 2 п/г, Гарбузов Андрей Евгеньевич, Лесная"
"ИСП-3305п";"23.01.2026";"ПТ";"4 пара (14:00-15:25)";"МДК.01.01 ЛПЗ — 2 п/г, Гарбузов Андрей Евгеньевич, Лесная"
"ИСП-3305п";"23.01.2026";"ПТ";"5 пара (15:35-16:55)";"МДК.01.01 ЛПЗ — 2 п/г, Гарбузов Андрей Евгеньевич, Лесная"
"ИСП-3305п";"23.01.2026";"ПТ";"6 пара (17:05-18:25)";"-"
"ИСП-3305п";"23.01.2026";"ПТ";"7 пара (18:35-19:55)";"-"
"ИСП-3305п";"24.01.2026";"СБ";"1 пара (08:30-09:45)";"МДК.01.01 ЛПЗ — 2 п/г, Гарбузов Андрей Евгеньевич, Лесная | УП.04 (УП утро 08:30-12:00) — 1 п/г, Самцова, Лесная"
"ИСП-3305п";"24.01.2026";"СБ";"2 пара (09:55-11:10)";"МДК.01.01 ЛПЗ — 2 п/г, Гарбузов Андрей Евгеньевич, Лесная | УП.04 (УП утро 08:30-12:00) — 1 п/г, Самцова, Лесная"
"ИСП-3305п";"24.01.2026";"СБ";"3 пара (11:30-12:45)";"МДК.01.01 ЛПЗ — 2 п/г, Гарбузов Андрей Евгеньевич, Лесная"
"ИСП-3305п";"24.01.2026";"СБ";"4 пара (12:55-14:10)";"МДК.01.01 ЛПЗ — 2 п/г, Гарбузов Андрей Евгеньевич, Лесная"
"ИСП-3305п";"24.01.2026";"СБ";"5 пара (14:20-15:30)";"МДК.04.01 ЛПЗ — 2 п/г, Гобов, Лесная"
"ИСП-3305п";"24.01.2026";"СБ";"6 пара (15:40-16:50)";"-"
"ИСП-3305п";"24.01.2026";"СБ";"7 пара (17:00-18:10)";"-"
"ИСП-3305п";"26.01.2026";"ПН";"1 пара (09:15-10:40)";"БЖД — вся группа, Потапова Регина Александровна, Лесная"
"ИСП-3305п";"26.01.2026";"ПН";"2 пара (10:50-12:15)";"БЖД — вся группа, Потапова Регина Александровна, Лесная"
"ИСП-3305п";"26.01.2026";"ПН";"3 пара (13:10-14:35)";"БЖД — вся группа, Потапова Регина Александровна, Лесная"
"ИСП-3305п";"26.01.2026";"ПН";"4 пара (14:45-16:10)";"БЖД — вся группа, Потапова Регина Александровна, Лесная"
"ИСП-3305п";"26.01.2026";"ПН";"5 пара (16:20-17:40)";"БЖД — вся группа, Потапова Регина Александровна, Лесная"
"ИСП-3305п";"26.01.2026";"ПН";"6 пара (17:50-19:10)";"-"
"ИСП-3305п";"26.01.2026";"ПН";"7 пара (19:20-20:40)";"-"
"ИСП-3305п";"27.01.2026";"ВТ";"1 пара (08:30-09:55)";"БЖД — вся группа, Потапова Регина Александровна, Лесная"
"ИСП-3305п";"27.01.2026";"ВТ";"2 пара (10:05-11:30)";"БЖД — вся группа, Потапова Регина Александровна, Лесная"
"ИСП-3305п";"27.01.2026";"ВТ";"3 пара (12:25-13:50)";"БЖД — вся группа, Потапова Регина Александровна, Лесная"
"ИСП-3305п";"27.01.2026";"ВТ";"4 пара (14:00-15:25)";"БЖД — вся группа, Потапова Регина Александровна, Лесная"
"ИСП-3305п";"27.01.2026";"ВТ";"5 пара (15:35-16:55)";"БЖД — вся группа, Потапова Регина Александровна, Лесная"
"ИСП-3305п";"27.01.2026";"ВТ";"6 пара (17:05-18:25)";"-"
"ИСП-3305п";"27.01.2026";"ВТ";"7 пара (18:35-19:55)";"-"
"ИСП-3305п";"28.01.2026";"СР";"1 пара (08:30-09:55)";"МДК.04.01 ЛПЗ — 2 п/г, Гобов, Лесная | УП.04 (УП утро 08:30-12:30) — 1 п/г, Самцова, Лесная"
"ИСП-3305п";"28.01.2026";"СР";"2 пара (10:05-11:30)";"МДК.04.01 ЛПЗ — 2 п/г, Гобов, Лесная | УП.04 (УП утро 08:30-12:30) — 1 п/г, Самцова, Лесная"
"ИСП-3305п";"28.01.2026";"СР";"3 пара (12:25-13:50)";"МДК.04.01 ЛПЗ — 2 п/г, Гобов, Лесная"
"ИСП-3305п";"28.01.2026";"СР";"4 пара (14:00-15:25)";"МДК.04.01 ЛПЗ — 2 п/г, Гобов, Лесная"
"ИСП-3305п";"28.01.2026";"СР";"5 пара (15:35-16:55)";"МДК.04.01 ЛПЗ — 2 п/г, Гобов, Лесная"
"ИСП-3305п";"28.01.2026";"СР";"6 пара (17:05-18:25)";"-"
"ИСП-3305п";"28.01.2026";"СР";"7 пара (18:35-19:55)";"-"
"ИСП-3305п";"29.01.2026";"ЧТ";"1 пара (08:30-09:55)";"МДК.01.01 ЛПЗ — 1 п/г, Гарбузов Андрей Евгеньевич, Лесная | УП.04 (УП утро 08:30-12:30) — 2 п/г, Самцова, Лесная"
"ИСП-3305п";"29.01.2026";"ЧТ";"2 пара (10:05-11:30)";"МДК.01.01 ЛПЗ — 1 п/г, Гарбузов Андрей Евгеньевич, Лесная | УП.04 (УП утро 08:30-12:30) — 2 п/г, Самцова, Лесная"
"ИСП-3305п";"29.01.2026";"ЧТ";"3 пара (12:25-13:50)";"МДК.01.01 ЛПЗ — 1 п/г, Гарбузов Андрей Евгеньевич, Лесная"
"ИСП-3305п";"29.01.2026";"ЧТ";"4 пара (14:00-15:25)";"МДК.01.01 ЛПЗ — 1 п/г, Гарбузов Андрей Евгеньевич, Лесная"
"ИСП-3305п";"29.01.2026";"ЧТ";"5 пара (15:35-16:55)";"МДК.01.01 ЛПЗ — 1 п/г, Гарбузов Андрей Евгеньевич, Лесная"
"ИСП-3305п";"29.01.2026";"ЧТ";"6 пара (17:05-18:25)";"-"
"ИСП-3305п";"29.01.2026";"ЧТ";"7 пара (18:35-19:55)";"-"
"ИСП-3305п";"30.01.2026";"ПТ";"1 пара (08:30-09:55)";"МДК.01.01 ЛПЗ — 1 п/г, Гарбузов Андрей Евгеньевич, Лесная | УП.04 (УП утро 08:30-12:30) — 2 п/г, Самцова, Лесная"
"ИСП-3305п";"30.01.2026";"ПТ";"2 пара (10:05-11:30)";"МДК.01.01 ЛПЗ — 1 п/г, Гарбузов Андрей Евгеньевич, Лесная | УП.04 (УП утро 08:30-12:30) — 2 п/г, Самцова, Лесная"
"ИСП-3305п";"30.01.2026";"ПТ";"3 пара (12:25-13:50)";"МДК.01.01 ЛПЗ — 1 п/г, Гарбузов Андрей Евгеньевич, Лесная"
"ИСП-3305п";"30.01.2026";"ПТ";"4 пара (14:00-15:25)";"МДК.01.01 ЛПЗ — 1 п/г, Гарбузов Андрей Евгеньевич, Лесная"
"ИСП-3305п";"30.01.2026";"ПТ";"5 пара (15:35-16:55)";"МДК.01.01 ЛПЗ — 1 п/г, Гарбузов Андрей Евгеньевич, Лесная"
"ИСП-3305п";"30.01.2026";"ПТ";"6 пара (17:05-18:25)";"-"
"ИСП-3305п";"30.01.2026";"ПТ";"7 пара (18:35-19:55)";"-"
"ИСП-3305п";"31.01.2026";"СБ";"1 пара (08:30-09:45)";"БЖД — вся группа, Потапова Регина Александровна, Лесная"
"ИСП-3305п";"31.01.2026";"СБ";"2 пара (09:55-11:10)";"БЖД — вся группа, Потапова Регина Александровна, Лесная"
"ИСП-3305п";"31.01.2026";"СБ";"3 пара (11:30-12:45)";"БЖД — вся группа, Потапова Регина Александровна, Лесная"
"ИСП-3305п";"31.01.2026";"СБ";"4 пара (12:55-14:10)";"БЖД — вся группа, Потапова Регина Александровна, Лесная"
"ИСП-3305п";"31.01.2026";"СБ";"5 пара (14:20-15:30)";"БЖД — вся группа, Потапова Регина Александровна, Лесная"
"ИСП-3305п";"31.01.2026";"СБ";"6 пара (15:40-16:50)";"-"
"ИСП-3305п";"31.01.2026";"СБ";"7 пара (17:00-18:10)";"-"
"ИСП-3305п";"02.02.2026";"ПН";"1 пара (09:15-10:40)";"Экономика — вся группа, Гарбузов Андрей Евгеньевич, Лесная"
"ИСП-3305п";"02.02.2026";"ПН";"2 пара (10:50-12:15)";"Экономика — вся группа, Гарбузов Андрей Евгеньевич, Лесная"
"ИСП-3305п";"02.02.2026";"ПН";"3 пара (13:10-14:35)";"Экономика — вся группа, Гарбузов Андрей Евгеньевич, Лесная"
"ИСП-3305п";"02.02.2026";"ПН";"4 пара (14:45-16:10)";"Экономика — вся группа, Гарбузов Андрей Евгеньевич, Лесная"
"ИСП-3305п";"02.02.2026";"ПН";"5 пара (16:20-17:40)";"Экономика — вся группа, Гарбузов Андрей Евгеньевич, Лесная"
"ИСП-3305п";"02.02.2026";"ПН";"6 пара (17:50-19:10)";"-"
"ИСП-3305п";"02.02.2026";"ПН";"7 пара (19:20-20:40)";"-"
"ИСП-3305п";"03.02.2026";"ВТ";"1 пара (08:30-09:55)";"Экономика — вся группа, Гарбузов Андрей Евгеньевич, Лесная"
"ИСП-3305п";"03.02.2026";"ВТ";"2 пара (10:05-11:30)";"Экономика — вся группа, Гарбузов Андрей Евгеньевич, Лесная"
"ИСП-3305п";"03.02.2026";"ВТ";"3 пара (12:25-13:50)";"Экономика — вся группа, Гарбузов Андрей Евгеньевич, Лесная"
"ИСП-3305п";"03.02.2026";"ВТ";"4 пара (14:00-15:25)";"Экономика — вся группа, Гарбузов Андрей Евгеньевич, Лесная"
"ИСП-3305п";"03.02.2026";"ВТ";"5 пара (15:35-16:55)";"Экономика — вся группа, Гарбузов Андрей Евгеньевич, Лесная"
"ИСП-3305п";"03.02.2026";"ВТ";"6 пара (17:05-18:25)";"-"
"ИСП-3305п";"03.02.2026";"ВТ";"7 пара (18:35-19:55)";"-"
"ИСП-3305п";"04.02.2026";"СР";"1 пара (08:30-09:55)";"МДК.04.01 ЛПЗ — 2 п/г, Гобов, Лесная | УП.04 (УП утро 08:30-12:30) — 1 п/г, Самцова, Лесная"
"ИСП-3305п";"04.02.2026";"СР";"2 пара (10:05-11:30)";"МДК.04.01 ЛПЗ — 2 п/г, Гобов, Лесная | УП.04 (УП утро 08:30-12:30) — 1 п/г, Самцова, Лесная"
"ИСП-3305п";"04.02.2026";"СР";"3 пара (12:25-13:50)";"МДК.04.01 ЛПЗ — 2 п/г, Гобов, Лесная"
"ИСП-3305п";"04.02.2026";"СР";"4 пара (14:00-15:25)";"МДК.04.01 ЛПЗ — 2 п/г, Гобов, Лесная"
"ИСП-3305п";"04.02.2026";"СР";"5 пара (15:35-16:55)";"МДК.04.01 ЛПЗ — 2 п/г, Гобов, Лесная"
"ИСП-3305п";"04.02.2026";"СР";"6 пара (17:05-18:25)";"-"
"ИСП-3305п";"04.02.2026";"СР";"7 пара (18:35-19:55)";"-"
"ИСП-3305п";"05.02.2026";"ЧТ";"1 пара (08:30-09:55)";"МДК.01.01 ЛПЗ — 1 п/г, Гарбузов Андрей Евгеньевич, Лесная | УП.04 (УП утро 08:30-12:30) — 2 п/г, Самцова, Лесная"
"ИСП-3305п";"05.02.2026";"ЧТ";"2 пара (10:05-11:30)";"МДК.04.01 ЛПЗ — 1 п/г, Гобов, Лесная | УП.04 (УП утро 08:30-12:30) — 2 п/г, Самцова, Лесная"
"ИСП-3305п";"05.02.2026";"ЧТ";"3 пара (12:25-13:50)";"МДК.04.01 ЛПЗ — 1 п/г, Гобов, Лесная"
"ИСП-3305п";"05.02.2026";"ЧТ";"4 пара (14:00-15:25)";"МДК.04.01 ЛПЗ — 1 п/г, Гобов, Лесная"
"ИСП-3305п";"05.02.2026";"ЧТ";"5 пара (15:35-16:55)";"МДК.04.01 ЛПЗ — 1 п/г, Гобов, Лесная"
"ИСП-3305п";"05.02.2026";"ЧТ";"6 пара (17:05-18:25)";"-"
"ИСП-3305п";"05.02.2026";"ЧТ";"7 пара (18:35-19:55)";"-"
"ИСП-3305п";"06.02.2026";"ПТ";"1 пара (08:30-09:55)";"УП.04 (УП утро 08:30-12:30) — 2 п/г, Самцова, Лесная"
"ИСП-3305п";"06.02.2026";"ПТ";"2 пара (10:05-11:30)";"УП.04 (УП утро 08:30-12:30) — 2 п/г, Самцова, Лесная"
"ИСП-3305п";"06.02.2026";"ПТ";"3 пара (12:25-13:50)";"-"
"ИСП-3305п";"06.02.2026";"ПТ";"4 пара (14:00-15:25)";"-"
"ИСП-3305п";"06.02.2026";"ПТ";"5 пара (15:35-16:55)";"-"
"ИСП-3305п";"06.02.2026";"ПТ";"6 пара (17:05-18:25)";"МДК.01.01 ЛПЗ — 1 п/г, Гарбузов Андрей Евгеньевич, Лесная"
"ИСП-3305п";"06.02.2026";"ПТ";"7 пара (18:35-19:55)";"МДК.01.01 ЛПЗ — 1 п/г, Гарбузов Андрей Евгеньевич, Лесная"
"ИСП-3305п";"07.02.2026";"СБ";"1 пара (08:30-09:45)";"Экономика — вся группа, Гарбузов Андрей Евгеньевич, Лесная"
"ИСП-3305п";"07.02.2026";"СБ";"2 пара (09:55-11:10)";"Экономика — вся группа, Гарбузов Андрей Евгеньевич, Лесная"
"ИСП-3305п";"07.02.2026";"СБ";"3 пара (11:30-12:45)";"МДК.04.01 теория — вся группа, Самцова, Лесная"
"ИСП-3305п";"07.02.2026";"СБ";"4 пара (12:55-14:10)";"МДК.04.01 теория — вся группа, Самцова, Лесная"
"ИСП-3305п";"07.02.2026";"СБ";"5 пара (14:20-15:30)";"МДК.04.01 теория — вся группа, Самцова, Лесная"
"ИСП-3305п";"07.02.2026";"СБ";"6 пара (15:40-16:50)";"-"
"ИСП-3305п";"07.02.2026";"СБ";"7 пара (17:00-18:10)";"-"
"ИСП-3305п";"09.02.2026";"ПН";"1 пара (09:15-10:40)";"-"
"ИСП-3305п";"09.02.2026";"ПН";"2 пара (10:50-12:15)";"-"
"ИСП-3305п";"09.02.2026";"ПН";"3 пара (13:10-14:35)";"МДК.04.01 теория — вся группа, Самцова, Лесная"
"ИСП-3305п";"09.02.2026";"ПН";"4 пара (14:45-16:10)";"МДК.04.01 теория — вся группа, Самцова, Лесная"
"ИСП-3305п";"09.02.2026";"ПН";"5 пара (16:20-17:40)";"МДК.04.01 теория — вся группа, Самцова, Лесная"
"ИСП-3305п";"09.02.2026";"ПН";"6 пара (17:50-19:10)";"МДК.01.01 теория — вся группа, Гарбузов Андрей Евгеньевич, Лесная"
"ИСП-3305п";"09.02.2026";"ПН";"7 пара (19:20-20:40)";"МДК.01.01 теория — вся группа, Гарбузов Андрей Евгеньевич, Лесная"
"ИСП-3305п";"10.02.2026";"ВТ";"1 пара (08:30-09:55)";"МДК.01.01 теория — вся группа, Гарбузов Андрей Евгеньевич, Лесная"
"ИСП-3305п";"10.02.2026";"ВТ";"2 пара (10:05-11:30)";"МДК.01.01 теория — вся группа, Гарбузов Андрей Евгеньевич, Лесная"
"ИСП-3305п";"10.02.2026";"ВТ";"3 пара (12:25-13:50)";"МДК.01.01 теория — вся группа, Гарбузов Андрей Евгеньевич, Лесная"
"ИСП-3305п";"10.02.2026";"ВТ";"4 пара (14:00-15:25)";"МДК.01.01 теория — вся группа, Гарбузов Андрей Евгеньевич, Лесная"
"ИСП-3305п";"10.02.2026";"ВТ";"5 пара (15:35-16:55)";"МДК.01.01 теория — вся группа, Гарбузов Андрей Евгеньевич, Лесная"
"ИСП-3305п";"10.02.2026";"ВТ";"6 пара (17:05-18:25)";"-"
"ИСП-3305п";"10.02.2026";"ВТ";"7 пара (18:35-19:55)";"-"
"ИСП-3305п";"11.02.2026";"СР";"1 пара (08:30-09:55)";"УП.04 (УП утро 08:30-12:30) — 1 п/г, Самцова, Лесная"
"ИСП-3305п";"11.02.2026";"СР";"2 пара (10:05-11:30)";"МДК.04.01 ЛПЗ — 2 п/г, Гобов, Лесная | УП.04 (УП утро 08:30-12:30) — 1 п/г, Самцова, Лесная"
"ИСП-3305п";"11.02.2026";"СР";"3 пара (12:25-13:50)";"МДК.04.01 ЛПЗ — 2 п/г, Гобов, Лесная"
"ИСП-3305п";"11.02.2026";"СР";"4 пара (14:00-15:25)";"МДК.04.01 ЛПЗ — 2 п/г, Гобов, Лесная"
"ИСП-3305п";"11.02.2026";"СР";"5 пара (15:35-16:55)";"МДК.04.01 ЛПЗ — 2 п/г, Гобов, Лесная"
"ИСП-3305п";"11.02.2026";"СР";"6 пара (17:05-18:25)";"МДК.04.01 ЛПЗ — 2 п/г, Гобов, Лесная"
"ИСП-3305п";"11.02.2026";"СР";"7 пара (18:35-19:55)";"-"
"ИСП-3305п";"12.02.2026";"ЧТ";"1 пара (08:30-09:55)";"УП.04 (УП утро 08:30-12:30) — 2 п/г, Самцова, Лесная"
"ИСП-3305п";"12.02.2026";"ЧТ";"2 пара (10:05-11:30)";"УП.04 (УП утро 08:30-12:30) — 2 п/г, Самцова, Лесная"
"ИСП-3305п";"12.02.2026";"ЧТ";"3 пара (12:25-13:50)";"МДК.04.01 ЛПЗ — 1 п/г, Гобов, Лесная"
"ИСП-3305п";"12.02.2026";"ЧТ";"4 пара (14:00-15:25)";"МДК.04.01 ЛПЗ — 1 п/г, Гобов, Лесная"
"ИСП-3305п";"12.02.2026";"ЧТ";"5 пара (15:35-16:55)";"МДК.04.01 ЛПЗ — 1 п/г, Гобов, Лесная"
"ИСП-3305п";"12.02.2026";"ЧТ";"6 пара (17:05-18:25)";"МДК.01.01 ЛПЗ — 1 п/г, Гарбузов Андрей Евгеньевич, Лесная"
"ИСП-3305п";"12.02.2026";"ЧТ";"7 пара (18:35-19:55)";"МДК.01.01 ЛПЗ — 1 п/г, Гарбузов Андрей Евгеньевич, Лесная"
"ИСП-3305п";"13.02.2026";"ПТ";"1 пара (08:30-09:55)";"УП.04 (УП утро 08:30-12:30) — 2 п/г, Самцова, Лесная"
"ИСП-3305п";"13.02.2026";"ПТ";"2 пара (10:05-11:30)";"УП.04 (УП утро 08:30-12:30) — 2 п/г, Самцова, Лесная"
"ИСП-3305п";"13.02.2026";"ПТ";"3 пара (12:25-13:50)";"МДК.04.01 ЛПЗ — 1 п/г, Гобов, Лесная"
"ИСП-3305п";"13.02.2026";"ПТ";"4 пара (14:00-15:25)";"МДК.04.01 ЛПЗ — 1 п/г, Гобов, Лесная"
"ИСП-3305п";"13.02.2026";"ПТ";"5 пара (15:35-16:55)";"МДК.04.01 ЛПЗ — 1 п/г, Гобов, Лесная"
"ИСП-3305п";"13.02.2026";"ПТ";"6 пара (17:05-18:25)";"МДК.01.01 ЛПЗ — 1 п/г, Гарбузов Андрей Евгеньевич, Лесная"
"ИСП-3305п";"13.02.2026";"ПТ";"7 пара (18:35-19:55)";"МДК.01.01 ЛПЗ — 1 п/г, Гарбузов Андрей Евгеньевич, Лесная"
"ИСП-3305п";"14.02.2026";"СБ";"1 пара (08:30-09:45)";"-"
"ИСП-3305п";"14.02.2026";"СБ";"2 пара (09:55-11:10)";"МДК.01.01 теория — вся группа, Гарбузов Андрей Евгеньевич, Лесная"
"ИСП-3305п";"14.02.2026";"СБ";"3 пара (11:30-12:45)";"МДК.01.01 КП — вся группа, Гарбузов Андрей Евгеньевич, Лесная"
"ИСП-3305п";"14.02.2026";"СБ";"4 пара (12:55-14:10)";"МДК.01.01 КП — вся группа, Гарбузов Андрей Евгеньевич, Лесная"
"ИСП-3305п";"14.02.2026";"СБ";"5 пара (14:20-15:30)";"МДК.01.01 КП — вся группа, Гарбузов Андрей Евгеньевич, Лесная"
"ИСП-3305п";"14.02.2026";"СБ";"6 пара (15:40-16:50)";"МДК.01.01 КП — вся группа, Гарбузов Андрей Евгеньевич, Лесная"
"ИСП-3305п";"14.02.2026";"СБ";"7 пара (17:00-18:10)";"-"
"ИСП-3305п";"16.02.2026";"ПН";"1 пара (09:15-10:40)";"МДК.01.01 КП — вся группа, Гарбузов Андрей Евгеньевич, Лесная"
"ИСП-3305п";"16.02.2026";"ПН";"2 пара (10:50-12:15)";"МДК.01.01 КП — вся группа, Гарбузов Андрей Евгеньевич, Лесная"
"ИСП-3305п";"16.02.2026";"ПН";"3 пара (13:10-14:35)";"МДК.01.01 КП — вся группа, Гарбузов Андрей Евгеньевич, Лесная"
"ИСП-3305п";"16.02.2026";"ПН";"4 пара (14:45-16:10)";"МДК.01.01 КП — вся группа, Гарбузов Андрей Евгеньевич, Лесная"
"ИСП-3305п";"16.02.2026";"ПН";"5 пара (16:20-17:40)";"МДК.01.01 КП — вся группа, Гарбузов Андрей Евгеньевич, Лесная"
"ИСП-3305п";"16.02.2026";"ПН";"6 пара (17:50-19:10)";"-"
"ИСП-3305п";"16.02.2026";"ПН";"7 пара (19:20-20:40)";"-"
"ИСП-3305п";"17.02.2026";"ВТ";"1 пара (08:30-09:55)";"МДК.01.01 КП — вся группа, Гарбузов Андрей Евгеньевич, Лесная"
"ИСП-3305п";"17.02.2026";"ВТ";"2 пара (10:05-11:30)";"МДК.01.01 КП — вся группа, Гарбузов Андрей Евгеньевич, Лесная"
"ИСП-3305п";"17.02.2026";"ВТ";"3 пара (12:25-13:50)";"МДК.01.01 КП — вся группа, Гарбузов Андрей Евгеньевич, Лесная"
"ИСП-3305п";"17.02.2026";"ВТ";"4 пара (14:00-15:25)";"МДК.01.01 КП — вся группа, Гарбузов Андрей Евгеньевич, Лесная"
"ИСП-3305п";"17.02.2026";"ВТ";"5 пара (15:35-16:55)";"МДК.01.01 КП — вся группа, Гарбузов Андрей Евгеньевич, Лесная"
"ИСП-3305п";"17.02.2026";"ВТ";"6 пара (17:05-18:25)";"-"
"ИСП-3305п";"17.02.2026";"ВТ";"7 пара (18:35-19:55)";"-"
"ИСП-3305п";"18.02.2026";"СР";"1 пара (08:30-09:55)";"МДК.04.01 ЛПЗ — 2 п/г, Гобов, Лесная | УП.04 (УП утро 08:30-12:30) — 1 п/г, Самцова, Лесная"
"ИСП-3305п";"18.02.2026";"СР";"2 пара (10:05-11:30)";"МДК.04.01 ЛПЗ — 2 п/г, Гобов, Лесная | УП.04 (УП утро 08:30-12:30) — 1 п/г, Самцова, Лесная"
"ИСП-3305п";"18.02.2026";"СР";"3 пара (12:25-13:50)";"-"
"ИСП-3305п";"18.02.2026";"СР";"4 пара (14:00-15:25)";"-"
"ИСП-3305п";"18.02.2026";"СР";"5 пара (15:35-16:55)";"-"
"ИСП-3305п";"18.02.2026";"СР";"6 пара (17:05-18:25)";"-"
"ИСП-3305п";"18.02.2026";"СР";"7 пара (18:35-19:55)";"-"
"ИСП-3305п";"19.02.2026";"ЧТ";"1 пара (08:30-09:55)";"МДК.04.01 ЛПЗ — 1 п/г, Гобов, Лесная | УП.04 (УП утро 08:30-12:30) — 2 п/г, Самцова, Лесная"
"ИСП-3305п";"19.02.2026";"ЧТ";"2 пара (10:05-11:30)";"МДК.04.01 ЛПЗ — 1 п/г, Гобов, Лесная | УП.04 (УП утро 08:30-12:30) — 2 п/г, Самцова, Лесная"
"ИСП-3305п";"19.02.2026";"ЧТ";"3 пара (12:25-13:50)";"-"
"ИСП-3305п";"19.02.2026";"ЧТ";"4 пара (14:00-15:25)";"-"
"ИСП-3305п";"19.02.2026";"ЧТ";"5 пара (15:35-16:55)";"-"
"ИСП-3305п";"19.02.2026";"ЧТ";"6 пара (17:05-18:25)";"-"
"ИСП-3305п";"19.02.2026";"ЧТ";"7 пара (18:35-19:55)";"-"
"ИСП-3305п";"20.02.2026";"ПТ";"1 пара (08:30-09:55)";"МДК.04.01 ЛПЗ — 1 п/г, Гобов, Лесная | УП.04 (УП утро 08:30-12:30) — 2 п/г, Самцова, Лесная"
"ИСП-3305п";"20.02.2026";"ПТ";"2 пара (10:05-11:30)";"МДК.04.01 ЛПЗ — 1 п/г, Гобов, Лесная | УП.04 (УП утро 08:30-12:30) — 2 п/г, Самцова, Лесная"
"ИСП-3305п";"20.02.2026";"ПТ";"3 пара (12:25-13:50)";"-"
"ИСП-3305п";"20.02.2026";"ПТ";"4 пара (14:00-15:25)";"-"
"ИСП-3305п";"20.02.2026";"ПТ";"5 пара (15:35-16:55)";"-"
"ИСП-3305п";"20.02.2026";"ПТ";"6 пара (17:05-18:25)";"-"
"ИСП-3305п";"20.02.2026";"ПТ";"7 пара (18:35-19:55)";"-"
"ИСП-3305п";"21.02.2026";"СБ";"1 пара (08:30-09:45)";"МДК.01.01 КП — вся группа, Гарбузов Андрей Евгеньевич, Лесная"
"ИСП-3305п";"21.02.2026";"СБ";"2 пара (09:55-11:10)";"ВМДК.05.01 теория — вся группа, Гарбузов Андрей Евгеньевич, Лесная"
"ИСП-3305п";"21.02.2026";"СБ";"3 пара (11:30-12:45)";"МДК.04.01 ЛПЗ — 1 п/г, Гобов, Лесная"
"ИСП-3305п";"21.02.2026";"СБ";"4 пара (12:55-14:10)";"МДК.04.01 ЛПЗ — 1 п/г, Гобов, Лесная"
"ИСП-3305п";"21.02.2026";"СБ";"5 пара (14:20-15:30)";"МДК.04.01 ЛПЗ — 1 п/г, Гобов, Лесная"
"ИСП-3305п";"21.02.2026";"СБ";"6 пара (15:40-16:50)";"-"
"ИСП-3305п";"21.02.2026";"СБ";"7 пара (17:00-18:10)";"-"
"ИСП-3305п";"23.02.2026";"ПН";"1 пара (09:15-10:40)";"-"
"ИСП-3305п";"23.02.2026";"ПН";"2 пара (10:50-12:15)";"-"
"ИСП-3305п";"23.02.2026";"ПН";"3 пара (13:10-14:35)";"МДК.04.01 теория — вся группа, Самцова, Лесная"
"ИСП-3305п";"23.02.2026";"ПН";"4 пара (14:45-16:10)";"МДК.04.01 теория — вся группа, Самцова, Лесная"
"ИСП-3305п";"23.02.2026";"ПН";"5 пара (16:20-17:40)";"МДК.04.01 теория — вся группа, Самцова, Лесная"
"ИСП-3305п";"23.02.2026";"ПН";"6 пара (17:50-19:10)";"МДК.04.01 теория — вся группа, Самцова, Лесная"
"ИСП-3305п";"23.02.2026";"ПН";"7 пара (19:20-20:40)";"МДК.04.01 теория — вся группа, Самцова, Лесная"
"ИСП-3305п";"24.02.2026";"ВТ";"1 пара (08:30-09:55)";"-"
"ИСП-3305п";"24.02.2026";"ВТ";"2 пара (10:05-11:30)";"-"
"ИСП-3305п";"24.02.2026";"ВТ";"3 пара (12:25-13:50)";"ВМДК.05.01 теория — вся группа, Гарбузов Андрей Евгеньевич, Лесная"
"ИСП-3305п";"24.02.2026";"ВТ";"4 пара (14:00-15:25)";"МДК.04.01 теория — вся группа, Самцова, Лесная"
"ИСП-3305п";"24.02.2026";"ВТ";"5 пара (15:35-16:55)";"МДК.04.01 теория — вся группа, Самцова, Лесная"
"ИСП-3305п";"24.02.2026";"ВТ";"6 пара (17:05-18:25)";"МДК.04.01 теория — вся группа, Самцова, Лесная"
"ИСП-3305п";"24.02.2026";"ВТ";"7 пара (18:35-19:55)";"МДК.04.01 теория — вся группа, Самцова, Лесная"
"ИСП-3305п";"25.02.2026";"СР";"1 пара (08:30-09:55)";"МДК.04.01 ЛПЗ — 2 п/г, Гобов, Лесная | УП.04 (УП утро 08:30-12:30) — 1 п/г, Самцова, Лесная"
"ИСП-3305п";"25.02.2026";"СР";"2 пара (10:05-11:30)";"МДК.04.01 ЛПЗ — 2 п/г, Гобов, Лесная | УП.04 (УП утро 08:30-12:30) — 1 п/г, Самцова, Лесная"
"ИСП-3305п";"25.02.2026";"СР";"3 пара (12:25-13:50)";"-"
"ИСП-3305п";"25.02.2026";"СР";"4 пара (14:00-15:25)";"-"
"ИСП-3305п";"25.02.2026";"СР";"5 пара (15:35-16:55)";"-"
"ИСП-3305п";"25.02.2026";"СР";"6 пара (17:05-18:25)";"-"
"ИСП-3305п";"25.02.2026";"СР";"7 пара (18:35-19:55)";"-"
"ИСП-3305п";"26.02.2026";"ЧТ";"1 пара (08:30-09:55)";"МДК.04.01 ЛПЗ — 1 п/г, Гобов, Лесная | УП.04 (УП утро 08:30-12:30) — 2 п/г, Самцова, Лесная"
"ИСП-3305п";"26.02.2026";"ЧТ";"2 пара (10:05-11:30)";"МДК.04.01 ЛПЗ — 1 п/г, Гобов, Лесная | УП.04 (УП утро 08:30-12:30) — 2 п/г, Самцова, Лесная"
"ИСП-3305п";"26.02.2026";"ЧТ";"3 пара (12:25-13:50)";"-"
"ИСП-3305п";"26.02.2026";"ЧТ";"4 пара (14:00-15:25)";"-"
"ИСП-3305п";"26.02.2026";"ЧТ";"5 пара (15:35-16:55)";"-"
"ИСП-3305п";"26.02.2026";"ЧТ";"6 пара (17:05-18:25)";"-"
"ИСП-3305п";"26.02.2026";"ЧТ";"7 пара (18:35-19:55)";"-"
"ИСП-3305п";"27.02.2026";"ПТ";"1 пара (08:30-09:55)";"МДК.04.01 ЛПЗ — 1 п/г, Гобов, Лесная | УП.04 (УП утро 08:30-12:30) — 2 п/г, Самцова, Лесная"
"ИСП-3305п";"27.02.2026";"ПТ";"2 пара (10:05-11:30)";"МДК.04.01 ЛПЗ — 1 п/г, Гобов, Лесная | УП.04 (УП утро 08:30-12:30) — 2 п/г, Самцова, Лесная"
"ИСП-3305п";"27.02.2026";"ПТ";"3 пара (12:25-13:50)";"-"
"ИСП-3305п";"27.02.2026";"ПТ";"4 пара (14:00-15:25)";"-"
"ИСП-3305п";"27.02.2026";"ПТ";"5 пара (15:35-16:55)";"-"
"ИСП-3305п";"27.02.2026";"ПТ";"6 пара (17:05-18:25)";"-"
"ИСП-3305п";"27.02.2026";"ПТ";"7 пара (18:35-19:55)";"-"
"ИСП-3305п";"28.02.2026";"СБ";"1 пара (08:30-09:45)";"МДК.04.01 теория — вся группа, Самцова, Лесная"
"ИСП-3305п";"28.02.2026";"СБ";"2 пара (09:55-11:10)";"МДК.04.01 теория — вся группа, Самцова, Лесная"
"ИСП-3305п";"28.02.2026";"СБ";"3 пара (11:30-12:45)";"МДК.04.01 теория — вся группа, Самцова, Лесная"
"ИСП-3305п";"28.02.2026";"СБ";"4 пара (12:55-14:10)";"МДК.04.01 теория — вся группа, Самцова, Лесная"
"ИСП-3305п";"28.02.2026";"СБ";"5 пара (14:20-15:30)";"МДК.04.01 теория — вся группа, Самцова, Лесная"
"ИСП-3305п";"28.02.2026";"СБ";"6 пара (15:40-16:50)";"-"
"ИСП-3305п";"28.02.2026";"СБ";"7 пара (17:00-18:10)";"-"
"ИСП-3305п";"02.03.2026";"ПН";"1 пара (09:15-10:40)";"-"
"ИСП-3305п";"02.03.2026";"ПН";"2 пара (10:50-12:15)";"-"
"ИСП-3305п";"02.03.2026";"ПН";"3 пара (13:10-14:35)";"МДК.04.01 теория — вся группа, Самцова, Лесная"
"ИСП-3305п";"02.03.2026";"ПН";"4 пара (14:45-16:10)";"МДК.04.01 теория — вся группа, Самцова, Лесная"
"ИСП-3305п";"02.03.2026";"ПН";"5 пара (16:20-17:40)";"МДК.04.01 теория — вся группа, Самцова, Лесная"
"ИСП-3305п";"02.03.2026";"ПН";"6 пара (17:50-19:10)";"МДК.04.01 теория — вся группа, Самцова, Лесная"
"ИСП-3305п";"02.03.2026";"ПН";"7 пара (19:20-20:40)";"МДК.04.01 теория — вся группа, Самцова, Лесная"
"ИСП-3305п";"03.03.2026";"ВТ";"1 пара (08:30-09:55)";"-"
"ИСП-3305п";"03.03.2026";"ВТ";"2 пара (10:05-11:30)";"-"
"ИСП-3305п";"03.03.2026";"ВТ";"3 пара (12:25-13:50)";"ВМДК.05.01 теория — вся группа, Гарбузов Андрей Евгеньевич, Лесная"
"ИСП-3305п";"03.03.2026";"ВТ";"4 пара (14:00-15:25)";"МДК.04.01 теория — вся группа, Самцова, Лесная"
"ИСП-3305п";"03.03.2026";"ВТ";"5 пара (15:35-16:55)";"МДК.04.01 теория — вся группа, Самцова, Лесная"
"ИСП-3305п";"03.03.2026";"ВТ";"6 пара (17:05-18:25)";"МДК.04.01 теория — вся группа, Самцова, Лесная"
"ИСП-3305п";"03.03.2026";"ВТ";"7 пара (18:35-19:55)";"МДК.04.01 теория — вся группа, Самцова, Лесная"
"ИСП-3305п";"04.03.2026";"СР";"1 пара (08:30-09:55)";"УП.04 (УП утро 08:30-12:30) — 1 п/г, Самцова, Лесная"
"ИСП-3305п";"04.03.2026";"СР";"2 пара (10:05-11:30)";"УП.04 (УП утро 08:30-12:30) — 1 п/г, Самцова, Лесная"
"ИСП-3305п";"04.03.2026";"СР";"3 пара (12:25-13:50)";"-"
"ИСП-3305п";"04.03.2026";"СР";"4 пара (14:00-15:25)";"МДК.04.01 ЛПЗ — 2 п/г, Гобов, Лесная"
"ИСП-3305п";"04.03.2026";"СР";"5 пара (15:35-16:55)";"МДК.04.01 ЛПЗ — 2 п/г, Гобов, Лесная"
"ИСП-3305п";"04.03.2026";"СР";"6 пара (17:05-18:25)";"МДК.04.01 ЛПЗ — 2 п/г, Гобов, Лесная"
"ИСП-3305п";"04.03.2026";"СР";"7 пара (18:35-19:55)";"-"
"ИСП-3305п";"05.03.2026";"ЧТ";"1 пара (08:30-09:55)";"УП.04 (УП утро 08:30-12:30) — 2 п/г, Самцова, Лесная"
"ИСП-3305п";"05.03.2026";"ЧТ";"2 пара (10:05-11:30)";"УП.04 (УП утро 08:30-12:30) — 2 п/г, Самцова, Лесная"
"ИСП-3305п";"05.03.2026";"ЧТ";"3 пара (12:25-13:50)";"-"
"ИСП-3305п";"05.03.2026";"ЧТ";"4 пара (14:00-15:25)";"-"
"ИСП-3305п";"05.03.2026";"ЧТ";"5 пара (15:35-16:55)";"-"
"ИСП-3305п";"05.03.2026";"ЧТ";"6 пара (17:05-18:25)";"-"
"ИСП-3305п";"05.03.2026";"ЧТ";"7 пара (18:35-19:55)";"-"
"ИСП-3305п";"06.03.2026";"ПТ";"1 пара (08:30-09:55)";"МДК.04.01 теория — вся группа, Самцова, Лесная"
"ИСП-3305п";"06.03.2026";"ПТ";"2 пара (10:05-11:30)";"МДК.04.01 теория — вся группа, Самцова, Лесная"
"ИСП-3305п";"06.03.2026";"ПТ";"3 пара (12:25-13:50)";"МДК.04.01 теория — вся группа, Самцова, Лесная"
"ИСП-3305п";"06.03.2026";"ПТ";"4 пара (14:00-15:25)";"МДК.04.01 теория — вся группа, Самцова, Лесная"
"ИСП-3305п";"06.03.2026";"ПТ";"5 пара (15:35-16:55)";"МДК.04.01 теория — вся группа, Самцова, Лесная"
"ИСП-3305п";"06.03.2026";"ПТ";"6 пара (17:05-18:25)";"-"
"ИСП-3305п";"06.03.2026";"ПТ";"7 пара (18:35-19:55)";"-"
"ИСП-3305п";"07.03.2026";"СБ";"1 пара (08:30-09:45)";"МДК.04.01 теория — вся группа, Самцова, Лесная"
"ИСП-3305п";"07.03.2026";"СБ";"2 пара (09:55-11:10)";"МДК.04.01 теория — вся группа, Самцова, Лесная"
"ИСП-3305п";"07.03.2026";"СБ";"3 пара (11:30-12:45)";"ВМДК.05.01 теория — вся группа, Гарбузов Андрей Евгеньевич, Лесная"
"ИСП-3305п";"07.03.2026";"СБ";"4 пара (12:55-14:10)";"МДК.04.01 ЛПЗ — 1 п/г, Гобов, Лесная"
"ИСП-3305п";"07.03.2026";"СБ";"5 пара (14:20-15:30)";"МДК.04.01 ЛПЗ — 1 п/г, Гобов, Лесная"
"ИСП-3305п";"07.03.2026";"СБ";"6 пара (15:40-16:50)";"-"
"ИСП-3305п";"07.03.2026";"СБ";"7 пара (17:00-18:10)";"-"
"ИСП-3305п";"09.03.2026";"ПН";"1 пара (09:15-10:40)";"МДК.04.01 ЛПЗ — 1 п/г, Гобов, Лесная"
"ИСП-3305п";"09.03.2026";"ПН";"2 пара (10:50-12:15)";"МДК.04.01 ЛПЗ — 1 п/г, Гобов, Лесная"
"ИСП-3305п";"09.03.2026";"ПН";"3 пара (13:10-14:35)";"МДК.04.01 ЛПЗ — 1 п/г, Гобов, Лесная"
"ИСП-3305п";"09.03.2026";"ПН";"4 пара (14:45-16:10)";"МДК.04.01 ЛПЗ — 1 п/г, Гобов, Лесная"
"ИСП-3305п";"09.03.2026";"ПН";"5 пара (16:20-17:40)";"МДК.04.01 ЛПЗ — 1 п/г, Гобов, Лесная"
"ИСП-3305п";"09.03.2026";"ПН";"6 пара (17:50-19:10)";"МДК.04.01 ЛПЗ — 2 п/г, Гобов, Лесная"
"ИСП-3305п";"09.03.2026";"ПН";"7 пара (19:20-20:40)";"МДК.04.01 ЛПЗ — 2 п/г, Гобов, Лесная"
"ИСП-3305п";"10.03.2026";"ВТ";"1 пара (08:30-09:55)";"УП.05 (УП утро 08:30-12:30) — 1 п/г, Гобов, Лесная"
"ИСП-3305п";"10.03.2026";"ВТ";"2 пара (10:05-11:30)";"УП.05 (УП утро 08:30-12:30) — 1 п/г, Гобов, Лесная"
"ИСП-3305п";"10.03.2026";"ВТ";"3 пара (12:25-13:50)";"-"
"ИСП-3305п";"10.03.2026";"ВТ";"4 пара (14:00-15:25)";"МДК.04.01 ЛПЗ — 2 п/г, Гобов, Лесная"
"ИСП-3305п";"10.03.2026";"ВТ";"5 пара (15:35-16:55)";"МДК.04.01 ЛПЗ — 2 п/г, Гобов, Лесная"
"ИСП-3305п";"10.03.2026";"ВТ";"6 пара (17:05-18:25)";"МДК.04.01 ЛПЗ — 2 п/г, Гобов, Лесная"
"ИСП-3305п";"10.03.2026";"ВТ";"7 пара (18:35-19:55)";"МДК.04.01 ЛПЗ — 2 п/г, Гобов, Лесная"
"ИСП-3305п";"11.03.2026";"СР";"1 пара (08:30-09:55)";"УП.04 (УП утро 08:30-12:30) — 1 п/г, Самцова, Лесная"
"ИСП-3305п";"11.03.2026";"СР";"2 пара (10:05-11:30)";"УП.04 (УП утро 08:30-12:30) — 1 п/г, Самцова, Лесная"
"ИСП-3305п";"11.03.2026";"СР";"3 пара (12:25-13:50)";"-"
"ИСП-3305п";"11.03.2026";"СР";"4 пара (14:00-15:25)";"МДК.04.01 ЛПЗ — 2 п/г, Гобов, Лесная"
"ИСП-3305п";"11.03.2026";"СР";"5 пара (15:35-16:55)";"МДК.04.01 ЛПЗ — 2 п/г, Гобов, Лесная"
"ИСП-3305п";"11.03.2026";"СР";"6 пара (17:05-18:25)";"МДК.04.01 ЛПЗ — 2 п/г, Гобов, Лесная"
"ИСП-3305п";"11.03.2026";"СР";"7 пара (18:35-19:55)";"МДК.04.01 ЛПЗ — 2 п/г, Гобов, Лесная"
"ИСП-3305п";"12.03.2026";"ЧТ";"1 пара (08:30-09:55)";"УП.04 (УП утро 08:30-12:30) — 2 п/г, Самцова, Лесная"
"ИСП-3305п";"12.03.2026";"ЧТ";"2 пара (10:05-11:30)";"УП.04 (УП утро 08:30-12:30) — 2 п/г, Самцова, Лесная"
"ИСП-3305п";"12.03.2026";"ЧТ";"3 пара (12:25-13:50)";"-"
"ИСП-3305п";"12.03.2026";"ЧТ";"4 пара (14:00-15:25)";"МДК.04.01 ЛПЗ — 1 п/г, Гобов, Лесная"
"ИСП-3305п";"12.03.2026";"ЧТ";"5 пара (15:35-16:55)";"МДК.04.01 ЛПЗ — 1 п/г, Гобов, Лесная"
"ИСП-3305п";"12.03.2026";"ЧТ";"6 пара (17:05-18:25)";"МДК.04.01 ЛПЗ — 1 п/г, Гобов, Лесная"
"ИСП-3305п";"12.03.2026";"ЧТ";"7 пара (18:35-19:55)";"МДК.04.01 ЛПЗ — 1 п/г, Гобов, Лесная"
"ИСП-3305п";"13.03.2026";"ПТ";"1 пара (08:30-09:55)";"УП.05 (УП утро 08:30-12:30) — 2 п/г, Гобов, Лесная"
"ИСП-3305п";"13.03.2026";"ПТ";"2 пара (10:05-11:30)";"УП.05 (УП утро 08:30-12:30) — 2 п/г, Гобов, Лесная"
"ИСП-3305п";"13.03.2026";"ПТ";"3 пара (12:25-13:50)";"-"
"ИСП-3305п";"13.03.2026";"ПТ";"4 пара (14:00-15:25)";"МДК.04.01 ЛПЗ — 1 п/г, Гобов, Лесная"
"ИСП-3305п";"13.03.2026";"ПТ";"5 пара (15:35-16:55)";"МДК.04.01 ЛПЗ — 1 п/г, Гобов, Лесная"
"ИСП-3305п";"13.03.2026";"ПТ";"6 пара (17:05-18:25)";"МДК.04.01 ЛПЗ — 1 п/г, Гобов, Лесная"
"ИСП-3305п";"13.03.2026";"ПТ";"7 пара (18:35-19:55)";"ВМДК.05.01 ЛПЗ — 1 п/г, Гобов, Лесная"
"ИСП-3305п";"14.03.2026";"СБ";"1 пара (08:30-09:45)";"-"
"ИСП-3305п";"14.03.2026";"СБ";"2 пара (09:55-11:10)";"-"
"ИСП-3305п";"14.03.2026";"СБ";"3 пара (11:30-12:45)";"ВМДК.05.01 ЛПЗ — 1 п/г, Гобов, Лесная"
"ИСП-3305п";"14.03.2026";"СБ";"4 пара (12:55-14:10)";"ВМДК.05.01 ЛПЗ — 1 п/г, Гобов, Лесная"
"ИСП-3305п";"14.03.2026";"СБ";"5 пара (14:20-15:30)";"ВМДК.05.01 ЛПЗ — 1 п/г, Гобов, Лесная"
"ИСП-3305п";"14.03.2026";"СБ";"6 пара (15:40-16:50)";"ВМДК.05.01 теория — вся группа, Гарбузов Андрей Евгеньевич, Лесная"
"ИСП-3305п";"14.03.2026";"СБ";"7 пара (17:00-18:10)";"ВМДК.05.01 теория — вся группа, Гарбузов Андрей Евгеньевич, Лесная"
"ИСП-3305п";"16.03.2026";"ПН";"1 пара (09:15-10:40)";"ВМДК.05.01 теория — вся группа, Гарбузов Андрей Евгеньевич, Лесная"
"ИСП-3305п";"16.03.2026";"ПН";"2 пара (10:50-12:15)";"ВМДК.05.01 теория — вся группа, Гарбузов Андрей Евгеньевич, Лесная"
"ИСП-3305п";"16.03.2026";"ПН";"3 пара (13:10-14:35)";"ВМДК.05.01 теория — вся группа, Гарбузов Андрей Евгеньевич, Лесная"
"ИСП-3305п";"16.03.2026";"ПН";"4 пара (14:45-16:10)";"ВМДК.05.01 теория — вся группа, Гарбузов Андрей Евгеньевич, Лесная"
"ИСП-3305п";"16.03.2026";"ПН";"5 пара (16:20-17:40)";"ВМДК.05.01 теория — вся группа, Гарбузов Андрей Евгеньевич, Лесная"
"ИСП-3305п";"16.03.2026";"ПН";"6 пара (17:50-19:10)";"-"
"ИСП-3305п";"16.03.2026";"ПН";"7 пара (19:20-20:40)";"-"
"ИСП-3305п";"17.03.2026";"ВТ";"1 пара (08:30-09:55)";"УП.05 (УП утро 08:30-12:30) — 1 п/г, Гобов, Лесная"
"ИСП-3305п";"17.03.2026";"ВТ";"2 пара (10:05-11:30)";"УП.05 (УП утро 08:30-12:30) — 1 п/г, Гобов, Лесная"
"ИСП-3305п";"17.03.2026";"ВТ";"3 пара (12:25-13:50)";"-"
"ИСП-3305п";"17.03.2026";"ВТ";"4 пара (14:00-15:25)";"-"
"ИСП-3305п";"17.03.2026";"ВТ";"5 пара (15:35-16:55)";"-"
"ИСП-3305п";"17.03.2026";"ВТ";"6 пара (17:05-18:25)";"-"
"ИСП-3305п";"17.03.2026";"ВТ";"7 пара (18:35-19:55)";"-"
"ИСП-3305п";"18.03.2026";"СР";"1 пара (08:30-09:55)";"УП.04 (УП утро 08:30-12:30) — 1 п/г, Самцова, Лесная"
"ИСП-3305п";"18.03.2026";"СР";"2 пара (10:05-11:30)";"УП.04 (УП утро 08:30-12:30) — 1 п/г, Самцова, Лесная"
"ИСП-3305п";"18.03.2026";"СР";"3 пара (12:25-13:50)";"-"
"ИСП-3305п";"18.03.2026";"СР";"4 пара (14:00-15:25)";"-"
"ИСП-3305п";"18.03.2026";"СР";"5 пара (15:35-16:55)";"-"
"ИСП-3305п";"18.03.2026";"СР";"6 пара (17:05-18:25)";"-"
"ИСП-3305п";"18.03.2026";"СР";"7 пара (18:35-19:55)";"-"
"ИСП-3305п";"19.03.2026";"ЧТ";"1 пара (08:30-09:55)";"УП.04 (УП утро 08:30-12:30) — 2 п/г, Самцова, Лесная"
"ИСП-3305п";"19.03.2026";"ЧТ";"2 пара (10:05-11:30)";"УП.04 (УП утро 08:30-12:30) — 2 п/г, Самцова, Лесная"
"ИСП-3305п";"19.03.2026";"ЧТ";"3 пара (12:25-13:50)";"-"
"ИСП-3305п";"19.03.2026";"ЧТ";"4 пара (14:00-15:25)";"-"
"ИСП-3305п";"19.03.2026";"ЧТ";"5 пара (15:35-16:55)";"-"
"ИСП-3305п";"19.03.2026";"ЧТ";"6 пара (17:05-18:25)";"-"
"ИСП-3305п";"19.03.2026";"ЧТ";"7 пара (18:35-19:55)";"-"
"ИСП-3305п";"20.03.2026";"ПТ";"1 пара (08:30-09:55)";"УП.05 (УП утро 08:30-12:30) — 2 п/г, Гобов, Лесная"
"ИСП-3305п";"20.03.2026";"ПТ";"2 пара (10:05-11:30)";"УП.05 (УП утро 08:30-12:30) — 2 п/г, Гобов, Лесная"
"ИСП-3305п";"20.03.2026";"ПТ";"3 пара (12:25-13:50)";"-"
"ИСП-3305п";"20.03.2026";"ПТ";"4 пара (14:00-15:25)";"ВМДК.05.01 ЛПЗ — 1 п/г, Гобов, Лесная"
"ИСП-3305п";"20.03.2026";"ПТ";"5 пара (15:35-16:55)";"ВМДК.05.01 ЛПЗ — 1 п/г, Гобов, Лесная"
"ИСП-3305п";"20.03.2026";"ПТ";"6 пара (17:05-18:25)";"ВМДК.05.01 ЛПЗ — 1 п/г, Гобов, Лесная"
"ИСП-3305п";"20.03.2026";"ПТ";"7 пара (18:35-19:55)";"ВМДК.05.01 ЛПЗ — 1 п/г, Гобов, Лесная"
"ИСП-3305п";"21.03.2026";"СБ";"1 пара (08:30-09:45)";"-"
"ИСП-3305п";"21.03.2026";"СБ";"2 пара (09:55-11:10)";"-"
"ИСП-3305п";"21.03.2026";"СБ";"3 пара (11:30-12:45)";"ВМДК.05.01 теория — вся группа, Гарбузов Андрей Евгеньевич, Лесная"
"ИСП-3305п";"21.03.2026";"СБ";"4 пара (12:55-14:10)";"ВМДК.05.01 теория — вся группа, Гарбузов Андрей Евгеньевич, Лесная"
"ИСП-3305п";"21.03.2026";"СБ";"5 пара (14:20-15:30)";"ВМДК.05.01 теория — вся группа, Гарбузов Андрей Евгеньевич, Лесная"
"ИСП-3305п";"21.03.2026";"СБ";"6 пара (15:40-16:50)";"ВМДК.05.01 теория — вся группа, Гарбузов Андрей Евгеньевич, Лесная"
"ИСП-3305п";"21.03.2026";"СБ";"7 пара (17:00-18:10)";"ВМДК.05.01 теория — вся группа, Гарбузов Андрей Евгеньевич, Лесная"
"ИСП-3305п";"23.03.2026";"ПН";"1 пара (09:15-10:40)";"-"
"ИСП-3305п";"23.03.2026";"ПН";"2 пара (10:50-12:15)";"-"
"ИСП-3305п";"23.03.2026";"ПН";"3 пара (13:10-14:35)";"-"
"ИСП-3305п";"23.03.2026";"ПН";"4 пара (14:45-16:10)";"-"
"ИСП-3305п";"23.03.2026";"ПН";"5 пара (16:20-17:40)";"ВМДК.05.01 ЛПЗ — 1 п/г, Гобов, Лесная"
"ИСП-3305п";"23.03.2026";"ПН";"6 пара (17:50-19:10)";"ВМДК.05.01 ЛПЗ — 1 п/г, Гобов, Лесная"
"ИСП-3305п";"23.03.2026";"ПН";"7 пара (19:20-20:40)";"ВМДК.05.01 ЛПЗ — 1 п/г, Гобов, Лесная"
"ИСП-3305п";"24.03.2026";"ВТ";"1 пара (08:30-09:55)";"УП.05 (УП утро 08:30-12:30) — 1 п/г, Гобов, Лесная"
"ИСП-3305п";"24.03.2026";"ВТ";"2 пара (10:05-11:30)";"УП.05 (УП утро 08:30-12:30) — 1 п/г, Гобов, Лесная"
"ИСП-3305п";"24.03.2026";"ВТ";"3 пара (12:25-13:50)";"-"
"ИСП-3305п";"24.03.2026";"ВТ";"4 пара (14:00-15:25)";"-"
"ИСП-3305п";"24.03.2026";"ВТ";"5 пара (15:35-16:55)";"-"
"ИСП-3305п";"24.03.2026";"ВТ";"6 пара (17:05-18:25)";"-"
"ИСП-3305п";"24.03.2026";"ВТ";"7 пара (18:35-19:55)";"-"
"ИСП-3305п";"25.03.2026";"СР";"1 пара (08:30-09:55)";"УП.04 (УП утро 08:30-12:30) — 1 п/г, Самцова, Лесная"
"ИСП-3305п";"25.03.2026";"СР";"2 пара (10:05-11:30)";"УП.04 (УП утро 08:30-12:30) — 1 п/г, Самцова, Лесная"
"ИСП-3305п";"25.03.2026";"СР";"3 пара (12:25-13:50)";"-"
"ИСП-3305п";"25.03.2026";"СР";"4 пара (14:00-15:25)";"ВМДК.05.01 ЛПЗ — 2 п/г, Гобов, Лесная"
"ИСП-3305п";"25.03.2026";"СР";"5 пара (15:35-16:55)";"ВМДК.05.01 ЛПЗ — 2 п/г, Гобов, Лесная"
"ИСП-3305п";"25.03.2026";"СР";"6 пара (17:05-18:25)";"ВМДК.05.01 ЛПЗ — 2 п/г, Гобов, Лесная"
"ИСП-3305п";"25.03.2026";"СР";"7 пара (18:35-19:55)";"ВМДК.05.01 ЛПЗ — 2 п/г, Гобов, Лесная"
"ИСП-3305п";"26.03.2026";"ЧТ";"1 пара (08:30-09:55)";"УП.04 (УП утро 08:30-12:30) — 2 п/г, Самцова, Лесная"
"ИСП-3305п";"26.03.2026";"ЧТ";"2 пара (10:05-11:30)";"УП.04 (УП утро 08:30-12:30) — 2 п/г, Самцова, Лесная"
"ИСП-3305п";"26.03.2026";"ЧТ";"3 пара (12:25-13:50)";"-"
"ИСП-3305п";"26.03.2026";"ЧТ";"4 пара (14:00-15:25)";"-"
"ИСП-3305п";"26.03.2026";"ЧТ";"5 пара (15:35-16:55)";"-"
"ИСП-3305п";"26.03.2026";"ЧТ";"6 пара (17:05-18:25)";"-"
"ИСП-3305п";"26.03.2026";"ЧТ";"7 пара (18:35-19:55)";"-"
"ИСП-3305п";"27.03.2026";"ПТ";"1 пара (08:30-09:55)";"УП.05 (УП утро 08:30-12:30) — 2 п/г, Гобов, Лесная"
"ИСП-3305п";"27.03.2026";"ПТ";"2 пара (10:05-11:30)";"УП.05 (УП утро 08:30-12:30) — 2 п/г, Гобов, Лесная"
"ИСП-3305п";"27.03.2026";"ПТ";"3 пара (12:25-13:50)";"-"
"ИСП-3305п";"27.03.2026";"ПТ";"4 пара (14:00-15:25)";"ВМДК.05.01 ЛПЗ — 1 п/г, Гобов, Лесная"
"ИСП-3305п";"27.03.2026";"ПТ";"5 пара (15:35-16:55)";"ВМДК.05.01 ЛПЗ — 1 п/г, Гобов, Лесная"
"ИСП-3305п";"27.03.2026";"ПТ";"6 пара (17:05-18:25)";"ВМДК.05.01 ЛПЗ — 1 п/г, Гобов, Лесная"
"ИСП-3305п";"27.03.2026";"ПТ";"7 пара (18:35-19:55)";"ВМДК.05.01 ЛПЗ — 1 п/г, Гобов, Лесная"
"ИСП-3305п";"28.03.2026";"СБ";"1 пара (08:30-09:45)";"ВМДК.05.01 ЛПЗ — 1 п/г, Гобов, Лесная"
"ИСП-3305п";"28.03.2026";"СБ";"2 пара (09:55-11:10)";"ВМДК.05.01 ЛПЗ — 1 п/г, Гобов, Лесная"
"ИСП-3305п";"28.03.2026";"СБ";"3 пара (11:30-12:45)";"ВМДК.05.01 ЛПЗ — 1 п/г, Гобов, Лесная"
"ИСП-3305п";"28.03.2026";"СБ";"4 пара (12:55-14:10)";"ВМДК.05.01 ЛПЗ — 1 п/г, Гобов, Лесная"
"ИСП-3305п";"28.03.2026";"СБ";"5 пара (14:20-15:30)";"ВМДК.05.01 ЛПЗ — 2 п/г, Гобов, Лесная"
"ИСП-3305п";"28.03.2026";"СБ";"6 пара (15:40-16:50)";"ВМДК.05.01 ЛПЗ — 2 п/г, Гобов, Лесная"
"ИСП-3305п";"28.03.2026";"СБ";"7 пара (17:00-18:10)";"ВМДК.05.01 ЛПЗ — 2 п/г, Гобов, Лесная"
"ИСП-3305п";"30.03.2026";"ПН";"1 пара (09:15-10:40)";"УП.05 (УП утро 09:00-13:00) — 1 п/г, Гобов, Лесная"
"ИСП-3305п";"30.03.2026";"ПН";"2 пара (10:50-12:15)";"УП.05 (УП утро 09:00-13:00) — 1 п/г, Гобов, Лесная"
"ИСП-3305п";"30.03.2026";"ПН";"3 пара (13:10-14:35)";"ВМДК.05.01 ЛПЗ — 2 п/г, Гобов, Лесная"
"ИСП-3305п";"30.03.2026";"ПН";"4 пара (14:45-16:10)";"ВМДК.05.01 ЛПЗ — 2 п/г, Гобов, Лесная"
"ИСП-3305п";"30.03.2026";"ПН";"5 пара (16:20-17:40)";"ВМДК.05.01 ЛПЗ — 2 п/г, Гобов, Лесная"
"ИСП-3305п";"30.03.2026";"ПН";"6 пара (17:50-19:10)";"ВМДК.05.01 ЛПЗ — 2 п/г, Гобов, Лесная"
"ИСП-3305п";"30.03.2026";"ПН";"7 пара (19:20-20:40)";"ВМДК.05.01 ЛПЗ — 2 п/г, Гобов, Лесная"
"ИСП-3305п";"31.03.2026";"ВТ";"1 пара (08:30-09:55)";"УП.05 (УП утро 08:30-12:30) — 2 п/г, Гобов, Лесная"
"ИСП-3305п";"31.03.2026";"ВТ";"2 пара (10:05-11:30)";"УП.05 (УП утро 08:30-12:30) — 2 п/г, Гобов, Лесная"
"ИСП-3305п";"31.03.2026";"ВТ";"3 пара (12:25-13:50)";"-"
"ИСП-3305п";"31.03.2026";"ВТ";"4 пара (14:00-15:25)";"-"
"ИСП-3305п";"31.03.2026";"ВТ";"5 пара (15:35-16:55)";"-"
"ИСП-3305п";"31.03.2026";"ВТ";"6 пара (17:05-18:25)";"-"
"ИСП-3305п";"31.03.2026";"ВТ";"7 пара (18:35-19:55)";"-"
"ИСП-3305п";"01.04.2026";"СР";"1 пара (08:30-09:55)";"УП.04 (УП утро 08:30-12:30) — 1 п/г, Самцова, Лесная"
"ИСП-3305п";"01.04.2026";"СР";"2 пара (10:05-11:30)";"УП.04 (УП утро 08:30-12:30) — 1 п/г, Самцова, Лесная"
"ИСП-3305п";"01.04.2026";"СР";"3 пара (12:25-13:50)";"-"
"ИСП-3305п";"01.04.2026";"СР";"4 пара (14:00-15:25)";"ВМДК.05.01 ЛПЗ — 2 п/г, Гобов, Лесная"
"ИСП-3305п";"01.04.2026";"СР";"5 пара (15:35-16:55)";"ВМДК.05.01 ЛПЗ — 2 п/г, Гобов, Лесная"
"ИСП-3305п";"01.04.2026";"СР";"6 пара (17:05-18:25)";"ВМДК.05.01 ЛПЗ — 2 п/г, Гобов, Лесная"
"ИСП-3305п";"01.04.2026";"СР";"7 пара (18:35-19:55)";"ВМДК.05.01 ЛПЗ — 2 п/г, Гобов, Лесная"
"ИСП-3305п";"02.04.2026";"ЧТ";"1 пара (08:30-09:55)";"УП.04 (УП утро 08:30-12:30) — 2 п/г, Самцова, Лесная"
"ИСП-3305п";"02.04.2026";"ЧТ";"2 пара (10:05-11:30)";"УП.04 (УП утро 08:30-12:30) — 2 п/г, Самцова, Лесная"
"ИСП-3305п";"02.04.2026";"ЧТ";"3 пара (12:25-13:50)";"-"
"ИСП-3305п";"02.04.2026";"ЧТ";"4 пара (14:00-15:25)";"-"
"ИСП-3305п";"02.04.2026";"ЧТ";"5 пара (15:35-16:55)";"-"
"ИСП-3305п";"02.04.2026";"ЧТ";"6 пара (17:05-18:25)";"-"
"ИСП-3305п";"02.04.2026";"ЧТ";"7 пара (18:35-19:55)";"-"
"ИСП-3305п";"03.04.2026";"ПТ";"1 пара (08:30-09:55)";"ВМДК.05.01 ЛПЗ — 2 п/г, Гобов, Лесная"
"ИСП-3305п";"03.04.2026";"ПТ";"2 пара (10:05-11:30)";"ВМДК.05.01 ЛПЗ — 2 п/г, Гобов, Лесная"
"ИСП-3305п";"03.04.2026";"ПТ";"3 пара (12:25-13:50)";"ВМДК.05.01 ЛПЗ — 2 п/г, Гобов, Лесная"
"ИСП-3305п";"03.04.2026";"ПТ";"4 пара (14:00-15:25)";"-"
"ИСП-3305п";"03.04.2026";"ПТ";"5 пара (15:35-16:55)";"-"
"ИСП-3305п";"03.04.2026";"ПТ";"6 пара (17:05-18:25)";"-"
"ИСП-3305п";"03.04.2026";"ПТ";"7 пара (18:35-19:55)";"-"
"ИСП-3305п";"06.04.2026";"ПН";"1 пара (09:15-10:40)";"УП.05 (УП утро 09:00-13:00) — 1 п/г, Гобов, Лесная"
"ИСП-3305п";"06.04.2026";"ПН";"2 пара (10:50-12:15)";"УП.05 (УП утро 09:00-13:00) — 1 п/г, Гобов, Лесная"
"ИСП-3305п";"06.04.2026";"ПН";"3 пара (13:10-14:35)";"-"
"ИСП-3305п";"06.04.2026";"ПН";"4 пара (14:45-16:10)";"-"
"ИСП-3305п";"06.04.2026";"ПН";"5 пара (16:20-17:40)";"-"
"ИСП-3305п";"06.04.2026";"ПН";"6 пара (17:50-19:10)";"-"
"ИСП-3305п";"06.04.2026";"ПН";"7 пара (19:20-20:40)";"-"
"ИСП-3305п";"07.04.2026";"ВТ";"1 пара (08:30-09:55)";"УП.05 (УП утро 08:30-12:30) — 2 п/г, Гобов, Лесная"
"ИСП-3305п";"07.04.2026";"ВТ";"2 пара (10:05-11:30)";"УП.05 (УП утро 08:30-12:30) — 2 п/г, Гобов, Лесная"
"ИСП-3305п";"07.04.2026";"ВТ";"3 пара (12:25-13:50)";"-"
"ИСП-3305п";"07.04.2026";"ВТ";"4 пара (14:00-15:25)";"-"
"ИСП-3305п";"07.04.2026";"ВТ";"5 пара (15:35-16:55)";"-"
"ИСП-3305п";"07.04.2026";"ВТ";"6 пара (17:05-18:25)";"-"
"ИСП-3305п";"07.04.2026";"ВТ";"7 пара (18:35-19:55)";"-"
"ИСП-3305п";"08.04.2026";"СР";"1 пара (08:30-09:55)";"УП.04 (УП утро 08:30-12:30) — 1 п/г, Самцова, Лесная"
"ИСП-3305п";"08.04.2026";"СР";"2 пара (10:05-11:30)";"УП.04 (УП утро 08:30-12:30) — 1 п/г, Самцова, Лесная"
"ИСП-3305п";"08.04.2026";"СР";"3 пара (12:25-13:50)";"-"
"ИСП-3305п";"08.04.2026";"СР";"4 пара (14:00-15:25)";"-"
"ИСП-3305п";"08.04.2026";"СР";"5 пара (15:35-16:55)";"-"
"ИСП-3305п";"08.04.2026";"СР";"6 пара (17:05-18:25)";"-"
"ИСП-3305п";"08.04.2026";"СР";"7 пара (18:35-19:55)";"-"
"ИСП-3305п";"09.04.2026";"ЧТ";"1 пара (08:30-09:55)";"УП.04 (УП утро 08:30-12:30) — 2 п/г, Самцова, Лесная"
"ИСП-3305п";"09.04.2026";"ЧТ";"2 пара (10:05-11:30)";"УП.04 (УП утро 08:30-12:30) — 2 п/г, Самцова, Лесная"
"ИСП-3305п";"09.04.2026";"ЧТ";"3 пара (12:25-13:50)";"-"
"ИСП-3305п";"09.04.2026";"ЧТ";"4 пара (14:00-15:25)";"-"
"ИСП-3305п";"09.04.2026";"ЧТ";"5 пара (15:35-16:55)";"-"
"ИСП-3305п";"09.04.2026";"ЧТ";"6 пара (17:05-18:25)";"-"
"ИСП-3305п";"09.04.2026";"ЧТ";"7 пара (18:35-19:55)";"-"
"ИСП-3305п";"13.04.2026";"ПН";"1 пара (09:15-10:40)";"УП.05 (УП утро 09:00-13:00) — 1 п/г, Гобов, Лесная"
"ИСП-3305п";"13.04.2026";"ПН";"2 пара (10:50-12:15)";"УП.05 (УП утро 09:00-13:00) — 1 п/г, Гобов, Лесная"
"ИСП-3305п";"13.04.2026";"ПН";"3 пара (13:10-14:35)";"-"
"ИСП-3305п";"13.04.2026";"ПН";"4 пара (14:45-16:10)";"-"
"ИСП-3305п";"13.04.2026";"ПН";"5 пара (16:20-17:40)";"-"
"ИСП-3305п";"13.04.2026";"ПН";"6 пара (17:50-19:10)";"-"
"ИСП-3305п";"13.04.2026";"ПН";"7 пара (19:20-20:40)";"-"
"ИСП-3305п";"14.04.2026";"ВТ";"1 пара (08:30-09:55)";"УП.05 (УП утро 08:30-12:30) — 2 п/г, Гобов, Лесная"
"ИСП-3305п";"14.04.2026";"ВТ";"2 пара (10:05-11:30)";"УП.05 (УП утро 08:30-12:30) — 2 п/г, Гобов, Лесная"
"ИСП-3305п";"14.04.2026";"ВТ";"3 пара (12:25-13:50)";"-"
"ИСП-3305п";"14.04.2026";"ВТ";"4 пара (14:00-15:25)";"-"
"ИСП-3305п";"14.04.2026";"ВТ";"5 пара (15:35-16:55)";"-"
"ИСП-3305п";"14.04.2026";"ВТ";"6 пара (17:05-18:25)";"-"
"ИСП-3305п";"14.04.2026";"ВТ";"7 пара (18:35-19:55)";"-"
"ИСП-3305п";"15.04.2026";"СР";"1 пара (08:30-09:55)";"УП.04 (УП утро 08:30-12:30) — 1 п/г, Самцова, Лесная"
"ИСП-3305п";"15.04.2026";"СР";"2 пара (10:05-11:30)";"УП.04 (УП утро 08:30-12:30) — 1 п/г, Самцова, Лесная"
"ИСП-3305п";"15.04.2026";"СР";"3 пара (12:25-13:50)";"-"
"ИСП-3305п";"15.04.2026";"СР";"4 пара (14:00-15:25)";"-"
"ИСП-3305п";"15.04.2026";"СР";"5 пара (15:35-16:55)";"-"
"ИСП-3305п";"15.04.2026";"СР";"6 пара (17:05-18:25)";"-"
"ИСП-3305п";"15.04.2026";"СР";"7 пара (18:35-19:55)";"-"
"ИСП-3305п";"16.04.2026";"ЧТ";"1 пара (08:30-09:55)";"УП.04 (УП утро 08:30-12:30) — 2 п/г, Самцова, Лесная"
"ИСП-3305п";"16.04.2026";"ЧТ";"2 пара (10:05-11:30)";"УП.04 (УП утро 08:30-12:30) — 2 п/г, Самцова, Лесная"
"ИСП-3305п";"16.04.2026";"ЧТ";"3 пара (12:25-13:50)";"-"
"ИСП-3305п";"16.04.2026";"ЧТ";"4 пара (14:00-15:25)";"-"
"ИСП-3305п";"16.04.2026";"ЧТ";"5 пара (15:35-16:55)";"-"
"ИСП-3305п";"16.04.2026";"ЧТ";"6 пара (17:05-18:25)";"-"
"ИСП-3305п";"16.04.2026";"ЧТ";"7 пара (18:35-19:55)";"-"
"ИСП-3305п";"20.04.2026";"ПН";"1 пара (09:15-10:40)";"УП.05 (УП утро 09:00-13:00) — 1 п/г, Гобов, Лесная"
"ИСП-3305п";"20.04.2026";"ПН";"2 пара (10:50-12:15)";"УП.05 (УП утро 09:00-13:00) — 1 п/г, Гобов, Лесная"
"ИСП-3305п";"20.04.2026";"ПН";"3 пара (13:10-14:35)";"-"
"ИСП-3305п";"20.04.2026";"ПН";"4 пара (14:45-16:10)";"-"
"ИСП-3305п";"20.04.2026";"ПН";"5 пара (16:20-17:40)";"-"
"ИСП-3305п";"20.04.2026";"ПН";"6 пара (17:50-19:10)";"-"
"ИСП-3305п";"20.04.2026";"ПН";"7 пара (19:20-20:40)";"-"
"ИСП-3305п";"21.04.2026";"ВТ";"1 пара (08:30-09:55)";"УП.05 (УП утро 08:30-12:30) — 2 п/г, Гобов, Лесная"
"ИСП-3305п";"21.04.2026";"ВТ";"2 пара (10:05-11:30)";"УП.05 (УП утро 08:30-12:30) — 2 п/г, Гобов, Лесная"
"ИСП-3305п";"21.04.2026";"ВТ";"3 пара (12:25-13:50)";"-"
"ИСП-3305п";"21.04.2026";"ВТ";"4 пара (14:00-15:25)";"-"
"ИСП-3305п";"21.04.2026";"ВТ";"5 пара (15:35-16:55)";"-"
"ИСП-3305п";"21.04.2026";"ВТ";"6 пара (17:05-18:25)";"-"
"ИСП-3305п";"21.04.2026";"ВТ";"7 пара (18:35-19:55)";"-"
"ИСП-3305п";"22.04.2026";"СР";"1 пара (08:30-09:55)";"УП.04 (УП утро 08:30-12:30) — 1 п/г, Самцова, Лесная"
"ИСП-3305п";"22.04.2026";"СР";"2 пара (10:05-11:30)";"УП.04 (УП утро 08:30-12:30) — 1 п/г, Самцова, Лесная"
"ИСП-3305п";"22.04.2026";"СР";"3 пара (12:25-13:50)";"-"
"ИСП-3305п";"22.04.2026";"СР";"4 пара (14:00-15:25)";"-"
"ИСП-3305п";"22.04.2026";"СР";"5 пара (15:35-16:55)";"-"
"ИСП-3305п";"22.04.2026";"СР";"6 пара (17:05-18:25)";"-"
"ИСП-3305п";"22.04.2026";"СР";"7 пара (18:35-19:55)";"-"
"ИСП-3305п";"23.04.2026";"ЧТ";"1 пара (08:30-09:55)";"УП.04 (УП утро 08:30-12:30) — 2 п/г, Самцова, Лесная"
"ИСП-3305п";"23.04.2026";"ЧТ";"2 пара (10:05-11:30)";"УП.04 (УП утро 08:30-12:30) — 2 п/г, Самцова, Лесная"
"ИСП-3305п";"23.04.2026";"ЧТ";"3 пара (12:25-13:50)";"-"
"ИСП-3305п";"23.04.2026";"ЧТ";"4 пара (14:00-15:25)";"-"
"ИСП-3305п";"23.04.2026";"ЧТ";"5 пара (15:35-16:55)";"-"
"ИСП-3305п";"23.04.2026";"ЧТ";"6 пара (17:05-18:25)";"-"
"ИСП-3305п";"23.04.2026";"ЧТ";"7 пара (18:35-19:55)";"-"
"ИСП-3305п";"27.04.2026";"ПН";"1 пара (09:15-10:40)";"УП.05 (УП утро 09:00-13:00) — 1 п/г, Гобов, Лесная"
"ИСП-3305п";"27.04.2026";"ПН";"2 пара (10:50-12:15)";"УП.05 (УП утро 09:00-13:00) — 1 п/г, Гобов, Лесная"
"ИСП-3305п";"27.04.2026";"ПН";"3 пара (13:10-14:35)";"-"
"ИСП-3305п";"27.04.2026";"ПН";"4 пара (14:45-16:10)";"-"
"ИСП-3305п";"27.04.2026";"ПН";"5 пара (16:20-17:40)";"-"
"ИСП-3305п";"27.04.2026";"ПН";"6 пара (17:50-19:10)";"-"
"ИСП-3305п";"27.04.2026";"ПН";"7 пара (19:20-20:40)";"-"
"ИСП-3305п";"28.04.2026";"ВТ";"1 пара (08:30-09:55)";"УП.05 (УП утро 08:30-12:30) — 2 п/г, Гобов, Лесная"
"ИСП-3305п";"28.04.2026";"ВТ";"2 пара (10:05-11:30)";"УП.05 (УП утро 08:30-12:30) — 2 п/г, Гобов, Лесная"
"ИСП-3305п";"28.04.2026";"ВТ";"3 пара (12:25-13:50)";"-"
"ИСП-3305п";"28.04.2026";"ВТ";"4 пара (14:00-15:25)";"-"
"ИСП-3305п";"28.04.2026";"ВТ";"5 пара (15:35-16:55)";"-"
"ИСП-3305п";"28.04.2026";"ВТ";"6 пара (17:05-18:25)";"-"
"ИСП-3305п";"28.04.2026";"ВТ";"7 пара (18:35-19:55)";"-"
"ИСП-3305п";"29.04.2026";"СР";"1 пара (08:30-09:55)";"УП.04 (УП утро 08:30-12:30) — 1 п/г, Самцова, Лесная"
"ИСП-3305п";"29.04.2026";"СР";"2 пара (10:05-11:30)";"УП.04 (УП утро 08:30-12:30) — 1 п/г, Самцова, Лесная"
"ИСП-3305п";"29.04.2026";"СР";"3 пара (12:25-13:50)";"-"
"ИСП-3305п";"29.04.2026";"СР";"4 пара (14:00-15:25)";"-"
"ИСП-3305п";"29.04.2026";"СР";"5 пара (15:35-16:55)";"-"
"ИСП-3305п";"29.04.2026";"СР";"6 пара (17:05-18:25)";"-"
"ИСП-3305п";"29.04.2026";"СР";"7 пара (18:35-19:55)";"-"
"ТАКХС-Пф-2201";"12.01.2026";"ПН";"1 пара (09:15-10:40)";"История — вся группа, Цимфер Татьяна Ивановна, Лесная"
"ТАКХС-Пф-2201";"12.01.2026";"ПН";"2 пара (10:50-12:15)";"История — вся группа, Цимфер Татьяна Ивановна, Лесная"
"ТАКХС-Пф-2201";"12.01.2026";"ПН";"3 пара (13:10-14:35)";"История — вся группа, Цимфер Татьяна Ивановна, Лесная"
"ТАКХС-Пф-2201";"12.01.2026";"ПН";"4 пара (14:45-16:10)";"История — вся группа, Цимфер Татьяна Ивановна, Лесная"
"ТАКХС-Пф-2201";"12.01.2026";"ПН";"5 пара (16:20-17:40)";"История — вся группа, Цимфер Татьяна Ивановна, Лесная"
"ТАКХС-Пф-2201";"12.01.2026";"ПН";"6 пара (17:50-19:10)";"-"
"ТАКХС-Пф-2201";"12.01.2026";"ПН";"7 пара (19:20-20:40)";"-"
"ТАКХС-Пф-2201";"13.01.2026";"ВТ";"1 пара (08:30-09:55)";"История — вся группа, Цимфер Татьяна Ивановна, Лесная"
"ТАКХС-Пф-2201";"13.01.2026";"ВТ";"2 пара (10:05-11:30)";"История — вся группа, Цимфер Татьяна Ивановна, Лесная"
"ТАКХС-Пф-2201";"13.01.2026";"ВТ";"3 пара (12:25-13:50)";"История — вся группа, Цимфер Татьяна Ивановна, Лесная"
"ТАКХС-Пф-2201";"13.01.2026";"ВТ";"4 пара (14:00-15:25)";"История — вся группа, Цимфер Татьяна Ивановна, Лесная"
"ТАКХС-Пф-2201";"13.01.2026";"ВТ";"5 пара (15:35-16:55)";"История — вся группа, Цимфер Татьяна Ивановна, Лесная"
"ТАКХС-Пф-2201";"13.01.2026";"ВТ";"6 пара (17:05-18:25)";"-"
"ТАКХС-Пф-2201";"13.01.2026";"ВТ";"7 пара (18:35-19:55)";"-"
"ТАКХС-Пф-2201";"14.01.2026";"СР";"1 пара (08:30-09:55)";"История — вся группа, Цимфер Татьяна Ивановна, Лесная"
"ТАКХС-Пф-2201";"14.01.2026";"СР";"2 пара (10:05-11:30)";"История — вся группа, Цимфер Татьяна Ивановна, Лесная"
"ТАКХС-Пф-2201";"14.01.2026";"СР";"3 пара (12:25-13:50)";"История — вся группа, Цимфер Татьяна Ивановна, Лесная"
"ТАКХС-Пф-2201";"14.01.2026";"СР";"4 пара (14:00-15:25)";"История — вся группа, Цимфер Татьяна Ивановна, Лесная"
"ТАКХС-Пф-2201";"14.01.2026";"СР";"5 пара (15:35-16:55)";"История — вся группа, Цимфер Татьяна Ивановна, Лесная"
"ТАКХС-Пф-2201";"14.01.2026";"СР";"6 пара (17:05-18:25)";"-"
"ТАКХС-Пф-2201";"14.01.2026";"СР";"7 пара (18:35-19:55)";"-"
"ТАКХС-Пф-2201";"15.01.2026";"ЧТ";"1 пара (08:30-09:55)";"История — вся группа, Цимфер Татьяна Ивановна, Лесная"
"ТАКХС-Пф-2201";"15.01.2026";"ЧТ";"2 пара (10:05-11:30)";"История — вся группа, Цимфер Татьяна Ивановна, Лесная"
"ТАКХС-Пф-2201";"15.01.2026";"ЧТ";"3 пара (12:25-13:50)";"История — вся группа, Цимфер Татьяна Ивановна, Лесная"
"ТАКХС-Пф-2201";"15.01.2026";"ЧТ";"4 пара (14:00-15:25)";"История — вся группа, Цимфер Татьяна Ивановна, Лесная"
"ТАКХС-Пф-2201";"15.01.2026";"ЧТ";"5 пара (15:35-16:55)";"История — вся группа, Цимфер Татьяна Ивановна, Лесная"
"ТАКХС-Пф-2201";"15.01.2026";"ЧТ";"6 пара (17:05-18:25)";"-"
"ТАКХС-Пф-2201";"15.01.2026";"ЧТ";"7 пара (18:35-19:55)";"-"
"ТАКХС-Пф-2201";"16.01.2026";"ПТ";"1 пара (08:30-09:55)";"История — вся группа, Цимфер Татьяна Ивановна, Лесная"
"ТАКХС-Пф-2201";"16.01.2026";"ПТ";"2 пара (10:05-11:30)";"История — вся группа, Цимфер Татьяна Ивановна, Лесная"
"ТАКХС-Пф-2201";"16.01.2026";"ПТ";"3 пара (12:25-13:50)";"Иностранный язык в профессиональной деятельности — 1 п/г, Синельникова Елена Владимировна, Лесная | Информационные технологии в профессиональной деятельности / Адаптивные информационные и коммуникационные технологии — 2 п/г, Азарян Карине Айказовна, Лесная"
"ТАКХС-Пф-2201";"16.01.2026";"ПТ";"4 пара (14:00-15:25)";"Иностранный язык в профессиональной деятельности — 1 п/г, Синельникова Елена Владимировна, Лесная | Информационные технологии в профессиональной деятельности / Адаптивные информационные и коммуникационные технологии — 2 п/г, Азарян Карине Айказовна, Лесная"
"ТАКХС-Пф-2201";"16.01.2026";"ПТ";"5 пара (15:35-16:55)";"Иностранный язык в профессиональной деятельности — 1 п/г, Синельникова Елена Владимировна, Лесная | Информационные технологии в профессиональной деятельности / Адаптивные информационные и коммуникационные технологии — 2 п/г, Азарян Карине Айказовна, Лесная"
"ТАКХС-Пф-2201";"16.01.2026";"ПТ";"6 пара (17:05-18:25)";"-"
"ТАКХС-Пф-2201";"16.01.2026";"ПТ";"7 пара (18:35-19:55)";"-"
"ТАКХС-Пф-2201";"17.01.2026";"СБ";"1 пара (08:30-09:45)";"Иностранный язык в профессиональной деятельности — 1 п/г, Синельникова Елена Владимировна, Лесная"
"ТАКХС-Пф-2201";"17.01.2026";"СБ";"2 пара (09:55-11:10)";"Иностранный язык в профессиональной деятельности — 1 п/г, Синельникова Елена Владимировна, Лесная"
"ТАКХС-Пф-2201";"17.01.2026";"СБ";"3 пара (11:30-12:45)";"Иностранный язык в профессиональной деятельности — 1 п/г, Синельникова Елена Владимировна, Лесная | Информационные технологии в профессиональной деятельности / Адаптивные информационные и коммуникационные технологии — 2 п/г, Азарян Карине Айказовна, Лесная"
"ТАКХС-Пф-2201";"17.01.2026";"СБ";"4 пара (12:55-14:10)";"Иностранный язык в профессиональной деятельности — 1 п/г, Синельникова Елена Владимировна, Лесная | Информационные технологии в профессиональной деятельности / Адаптивные информационные и коммуникационные технологии — 2 п/г, Азарян Карине Айказовна, Лесная"
"ТАКХС-Пф-2201";"17.01.2026";"СБ";"5 пара (14:20-15:30)";"Иностранный язык в профессиональной деятельности — 1 п/г, Синельникова Елена Владимировна, Лесная | Информационные технологии в профессиональной деятельности / Адаптивные информационные и коммуникационные технологии — 2 п/г, Азарян Карине Айказовна, Лесная"
"ТАКХС-Пф-2201";"17.01.2026";"СБ";"6 пара (15:40-16:50)";"Иностранный язык в профессиональной деятельности — 2 п/г, Синельникова Елена Владимировна, Лесная"
"ТАКХС-Пф-2201";"17.01.2026";"СБ";"7 пара (17:00-18:10)";"Иностранный язык в профессиональной деятельности — 2 п/г, Синельникова Елена Владимировна, Лесная"
"ТАКХС-Пф-2201";"19.01.2026";"ПН";"1 пара (09:15-10:40)";"Иностранный язык в профессиональной деятельности — 1 п/г, Синельникова Елена Владимировна, Лесная"
"ТАКХС-Пф-2201";"19.01.2026";"ПН";"2 пара (10:50-12:15)";"Иностранный язык в профессиональной деятельности — 1 п/г, Синельникова Елена Владимировна, Лесная"
"ТАКХС-Пф-2201";"19.01.2026";"ПН";"3 пара (13:10-14:35)";"Иностранный язык в профессиональной деятельности — 1 п/г, Синельникова Елена Владимировна, Лесная | Информационные технологии в профессиональной деятельности / Адаптивные информационные и коммуникационные технологии — 2 п/г, Азарян Карине Айказовна, Лесная"
"ТАКХС-Пф-2201";"19.01.2026";"ПН";"4 пара (14:45-16:10)";"Иностранный язык в профессиональной деятельности — 1 п/г, Синельникова Елена Владимировна, Лесная | Информационные технологии в профессиональной деятельности / Адаптивные информационные и коммуникационные технологии — 2 п/г, Азарян Карине Айказовна, Лесная"
"ТАКХС-Пф-2201";"19.01.2026";"ПН";"5 пара (16:20-17:40)";"Иностранный язык в профессиональной деятельности — 1 п/г, Синельникова Елена Владимировна, Лесная | Информационные технологии в профессиональной деятельности / Адаптивные информационные и коммуникационные технологии — 2 п/г, Азарян Карине Айказовна, Лесная"
"ТАКХС-Пф-2201";"19.01.2026";"ПН";"6 пара (17:50-19:10)";"Иностранный язык в профессиональной деятельности — 2 п/г, Синельникова Елена Владимировна, Лесная"
"ТАКХС-Пф-2201";"19.01.2026";"ПН";"7 пара (19:20-20:40)";"Иностранный язык в профессиональной деятельности — 2 п/г, Синельникова Елена Владимировна, Лесная"
"ТАКХС-Пф-2201";"20.01.2026";"ВТ";"1 пара (08:30-09:55)";"Иностранный язык в профессиональной деятельности — 1 п/г, Синельникова Елена Владимировна, Лесная"
"ТАКХС-Пф-2201";"20.01.2026";"ВТ";"2 пара (10:05-11:30)";"Иностранный язык в профессиональной деятельности — 1 п/г, Синельникова Елена Владимировна, Лесная"
"ТАКХС-Пф-2201";"20.01.2026";"ВТ";"3 пара (12:25-13:50)";"Иностранный язык в профессиональной деятельности — 1 п/г, Синельникова Елена Владимировна, Лесная | Информационные технологии в профессиональной деятельности / Адаптивные информационные и коммуникационные технологии — 2 п/г, Азарян Карине Айказовна, Лесная"
"ТАКХС-Пф-2201";"20.01.2026";"ВТ";"4 пара (14:00-15:25)";"Иностранный язык в профессиональной деятельности — 1 п/г, Синельникова Елена Владимировна, Лесная | Информационные технологии в профессиональной деятельности / Адаптивные информационные и коммуникационные технологии — 2 п/г, Азарян Карине Айказовна, Лесная"
"ТАКХС-Пф-2201";"20.01.2026";"ВТ";"5 пара (15:35-16:55)";"Иностранный язык в профессиональной деятельности — 1 п/г, Синельникова Елена Владимировна, Лесная | Информационные технологии в профессиональной деятельности / Адаптивные информационные и коммуникационные технологии — 2 п/г, Азарян Карине Айказовна, Лесная"
"ТАКХС-Пф-2201";"20.01.2026";"ВТ";"6 пара (17:05-18:25)";"Иностранный язык в профессиональной деятельности — 2 п/г, Синельникова Елена Владимировна, Лесная"
"ТАКХС-Пф-2201";"20.01.2026";"ВТ";"7 пара (18:35-19:55)";"Иностранный язык в профессиональной деятельности — 2 п/г, Синельникова Елена Владимировна, Лесная"
"ТАКХС-Пф-2201";"21.01.2026";"СР";"1 пара (08:30-09:55)";"Иностранный язык в профессиональной деятельности — 1 п/г, Синельникова Елена Владимировна, Лесная"
"ТАКХС-Пф-2201";"21.01.2026";"СР";"2 пара (10:05-11:30)";"Иностранный язык в профессиональной деятельности — 1 п/г, Синельникова Елена Владимировна, Лесная"
"ТАКХС-Пф-2201";"21.01.2026";"СР";"3 пара (12:25-13:50)";"Иностранный язык в профессиональной деятельности — 2 п/г, Синельникова Елена Владимировна, Лесная | Информационные технологии в профессиональной деятельности / Адаптивные информационные и коммуникационные технологии — 1 п/г, Азарян Карине Айказовна, Лесная"
"ТАКХС-Пф-2201";"21.01.2026";"СР";"4 пара (14:00-15:25)";"Иностранный язык в профессиональной деятельности — 2 п/г, Синельникова Елена Владимировна, Лесная | Информационные технологии в профессиональной деятельности / Адаптивные информационные и коммуникационные технологии — 1 п/г, Азарян Карине Айказовна, Лесная"
"ТАКХС-Пф-2201";"21.01.2026";"СР";"5 пара (15:35-16:55)";"Иностранный язык в профессиональной деятельности — 2 п/г, Синельникова Елена Владимировна, Лесная | Информационные технологии в профессиональной деятельности / Адаптивные информационные и коммуникационные технологии — 1 п/г, Азарян Карине Айказовна, Лесная"
"ТАКХС-Пф-2201";"21.01.2026";"СР";"6 пара (17:05-18:25)";"Иностранный язык в профессиональной деятельности — 2 п/г, Синельникова Елена Владимировна, Лесная"
"ТАКХС-Пф-2201";"21.01.2026";"СР";"7 пара (18:35-19:55)";"Иностранный язык в профессиональной деятельности — 2 п/г, Синельникова Елена Владимировна, Лесная"
"ТАКХС-Пф-2201";"22.01.2026";"ЧТ";"1 пара (08:30-09:55)";"Иностранный язык в профессиональной деятельности — 2 п/г, Синельникова Елена Владимировна, Лесная | Информационные технологии в профессиональной деятельности / Адаптивные информационные и коммуникационные технологии — 1 п/г, Азарян Карине Айказовна, Лесная"
"ТАКХС-Пф-2201";"22.01.2026";"ЧТ";"2 пара (10:05-11:30)";"Иностранный язык в профессиональной деятельности — 2 п/г, Синельникова Елена Владимировна, Лесная | Информационные технологии в профессиональной деятельности / Адаптивные информационные и коммуникационные технологии — 1 п/г, Азарян Карине Айказовна, Лесная"
"ТАКХС-Пф-2201";"22.01.2026";"ЧТ";"3 пара (12:25-13:50)";"Иностранный язык в профессиональной деятельности — 2 п/г, Синельникова Елена Владимировна, Лесная | Информационные технологии в профессиональной деятельности / Адаптивные информационные и коммуникационные технологии — 1 п/г, Азарян Карине Айказовна, Лесная"
"ТАКХС-Пф-2201";"22.01.2026";"ЧТ";"4 пара (14:00-15:25)";"Иностранный язык в профессиональной деятельности — 2 п/г, Синельникова Елена Владимировна, Лесная | Информационные технологии в профессиональной деятельности / Адаптивные информационные и коммуникационные технологии — 1 п/г, Азарян Карине Айказовна, Лесная"
"ТАКХС-Пф-2201";"22.01.2026";"ЧТ";"5 пара (15:35-16:55)";"Иностранный язык в профессиональной деятельности — 2 п/г, Синельникова Елена Владимировна, Лесная | Информационные технологии в профессиональной деятельности / Адаптивные информационные и коммуникационные технологии — 1 п/г, Азарян Карине Айказовна, Лесная"
"ТАКХС-Пф-2201";"22.01.2026";"ЧТ";"6 пара (17:05-18:25)";"-"
"ТАКХС-Пф-2201";"22.01.2026";"ЧТ";"7 пара (18:35-19:55)";"-"
"ТАКХС-Пф-2201";"23.01.2026";"ПТ";"1 пара (08:30-09:55)";"Иностранный язык в профессиональной деятельности — 2 п/г, Синельникова Елена Владимировна, Лесная | Информационные технологии в профессиональной деятельности / Адаптивные информационные и коммуникационные технологии — 1 п/г, Азарян Карине Айказовна, Лесная"
"ТАКХС-Пф-2201";"23.01.2026";"ПТ";"2 пара (10:05-11:30)";"Иностранный язык в профессиональной деятельности — 2 п/г, Синельникова Елена Владимировна, Лесная | Информационные технологии в профессиональной деятельности / Адаптивные информационные и коммуникационные технологии — 1 п/г, Азарян Карине Айказовна, Лесная"
"ТАКХС-Пф-2201";"23.01.2026";"ПТ";"3 пара (12:25-13:50)";"Иностранный язык в профессиональной деятельности — 2 п/г, Синельникова Елена Владимировна, Лесная | Информационные технологии в профессиональной деятельности / Адаптивные информационные и коммуникационные технологии — 1 п/г, Азарян Карине Айказовна, Лесная"
"ТАКХС-Пф-2201";"23.01.2026";"ПТ";"4 пара (14:00-15:25)";"Иностранный язык в профессиональной деятельности — 2 п/г, Синельникова Елена Владимировна, Лесная | Информационные технологии в профессиональной деятельности / Адаптивные информационные и коммуникационные технологии — 1 п/г, Азарян Карине Айказовна, Лесная"
"ТАКХС-Пф-2201";"23.01.2026";"ПТ";"5 пара (15:35-16:55)";"Математика — вся группа, Нифонтова Ирина Геннадьевна, Лесная"
"ТАКХС-Пф-2201";"23.01.2026";"ПТ";"6 пара (17:05-18:25)";"-"
"ТАКХС-Пф-2201";"23.01.2026";"ПТ";"7 пара (18:35-19:55)";"-"
"ТАКХС-Пф-2201";"24.01.2026";"СБ";"1 пара (08:30-09:45)";"-"
"ТАКХС-Пф-2201";"24.01.2026";"СБ";"2 пара (09:55-11:10)";"-"
"ТАКХС-Пф-2201";"24.01.2026";"СБ";"3 пара (11:30-12:45)";"Физическая культура — вся группа, Нуров Мирзо Нуралиевич, Лесная"
"ТАКХС-Пф-2201";"24.01.2026";"СБ";"4 пара (12:55-14:10)";"Физическая культура — вся группа, Нуров Мирзо Нуралиевич, Лесная"
"ТАКХС-Пф-2201";"24.01.2026";"СБ";"5 пара (14:20-15:30)";"Физическая культура — вся группа, Нуров Мирзо Нуралиевич, Лесная"
"ТАКХС-Пф-2201";"24.01.2026";"СБ";"6 пара (15:40-16:50)";"Физическая культура — вся группа, Нуров Мирзо Нуралиевич, Лесная"
"ТАКХС-Пф-2201";"24.01.2026";"СБ";"7 пара (17:00-18:10)";"Физическая культура — вся группа, Нуров Мирзо Нуралиевич, Лесная"
"ТАКХС-Пф-2201";"26.01.2026";"ПН";"1 пара (09:15-10:40)";"Физическая культура — вся группа, Нуров Мирзо Нуралиевич, Лесная"
"ТАКХС-Пф-2201";"26.01.2026";"ПН";"2 пара (10:50-12:15)";"Физическая культура — вся группа, Нуров Мирзо Нуралиевич, Лесная"
"ТАКХС-Пф-2201";"26.01.2026";"ПН";"3 пара (13:10-14:35)";"Физическая культура — вся группа, Нуров Мирзо Нуралиевич, Лесная"
"ТАКХС-Пф-2201";"26.01.2026";"ПН";"4 пара (14:45-16:10)";"Физическая культура — вся группа, Нуров Мирзо Нуралиевич, Лесная"
"ТАКХС-Пф-2201";"26.01.2026";"ПН";"5 пара (16:20-17:40)";"Физическая культура — вся группа, Нуров Мирзо Нуралиевич, Лесная"
"ТАКХС-Пф-2201";"26.01.2026";"ПН";"6 пара (17:50-19:10)";"-"
"ТАКХС-Пф-2201";"26.01.2026";"ПН";"7 пара (19:20-20:40)";"-"
"ТАКХС-Пф-2201";"27.01.2026";"ВТ";"1 пара (08:30-09:55)";"Физическая культура — вся группа, Нуров Мирзо Нуралиевич, Лесная"
"ТАКХС-Пф-2201";"27.01.2026";"ВТ";"2 пара (10:05-11:30)";"Физическая культура — вся группа, Нуров Мирзо Нуралиевич, Лесная"
"ТАКХС-Пф-2201";"27.01.2026";"ВТ";"3 пара (12:25-13:50)";"Физическая культура — вся группа, Нуров Мирзо Нуралиевич, Лесная"
"ТАКХС-Пф-2201";"27.01.2026";"ВТ";"4 пара (14:00-15:25)";"Физическая культура — вся группа, Нуров Мирзо Нуралиевич, Лесная"
"ТАКХС-Пф-2201";"27.01.2026";"ВТ";"5 пара (15:35-16:55)";"Физическая культура — вся группа, Нуров Мирзо Нуралиевич, Лесная"
"ТАКХС-Пф-2201";"27.01.2026";"ВТ";"6 пара (17:05-18:25)";"-"
"ТАКХС-Пф-2201";"27.01.2026";"ВТ";"7 пара (18:35-19:55)";"-"
"ТАКХС-Пф-2201";"28.01.2026";"СР";"1 пара (08:30-09:55)";"Физическая культура — вся группа, Нуров Мирзо Нуралиевич, Лесная"
"ТАКХС-Пф-2201";"28.01.2026";"СР";"2 пара (10:05-11:30)";"Физическая культура — вся группа, Нуров Мирзо Нуралиевич, Лесная"
"ТАКХС-Пф-2201";"28.01.2026";"СР";"3 пара (12:25-13:50)";"Физическая культура — вся группа, Нуров Мирзо Нуралиевич, Лесная"
"ТАКХС-Пф-2201";"28.01.2026";"СР";"4 пара (14:00-15:25)";"Физическая культура — вся группа, Нуров Мирзо Нуралиевич, Лесная"
"ТАКХС-Пф-2201";"28.01.2026";"СР";"5 пара (15:35-16:55)";"Физическая культура — вся группа, Нуров Мирзо Нуралиевич, Лесная"
"ТАКХС-Пф-2201";"28.01.2026";"СР";"6 пара (17:05-18:25)";"-"
"ТАКХС-Пф-2201";"28.01.2026";"СР";"7 пара (18:35-19:55)";"-"
"ТАКХС-Пф-2201";"29.01.2026";"ЧТ";"1 пара (08:30-09:55)";"Физическая культура — вся группа, Нуров Мирзо Нуралиевич, Лесная"
"ТАКХС-Пф-2201";"29.01.2026";"ЧТ";"2 пара (10:05-11:30)";"Математика — вся группа, Нифонтова Ирина Геннадьевна, Лесная"
"ТАКХС-Пф-2201";"29.01.2026";"ЧТ";"3 пара (12:25-13:50)";"Математика — вся группа, Нифонтова Ирина Геннадьевна, Лесная"
"ТАКХС-Пф-2201";"29.01.2026";"ЧТ";"4 пара (14:00-15:25)";"Математика — вся группа, Нифонтова Ирина Геннадьевна, Лесная"
"ТАКХС-Пф-2201";"29.01.2026";"ЧТ";"5 пара (15:35-16:55)";"Математика — вся группа, Нифонтова Ирина Геннадьевна, Лесная"
"ТАКХС-Пф-2201";"29.01.2026";"ЧТ";"6 пара (17:05-18:25)";"-"
"ТАКХС-Пф-2201";"29.01.2026";"ЧТ";"7 пара (18:35-19:55)";"-"
"ТАКХС-Пф-2201";"30.01.2026";"ПТ";"1 пара (08:30-09:55)";"Математика — вся группа, Нифонтова Ирина Геннадьевна, Лесная"
"ТАКХС-Пф-2201";"30.01.2026";"ПТ";"2 пара (10:05-11:30)";"Математика — вся группа, Нифонтова Ирина Геннадьевна, Лесная"
"ТАКХС-Пф-2201";"30.01.2026";"ПТ";"3 пара (12:25-13:50)";"Математика — вся группа, Нифонтова Ирина Геннадьевна, Лесная"
"ТАКХС-Пф-2201";"30.01.2026";"ПТ";"4 пара (14:00-15:25)";"Математика — вся группа, Нифонтова Ирина Геннадьевна, Лесная"
"ТАКХС-Пф-2201";"30.01.2026";"ПТ";"5 пара (15:35-16:55)";"Математика — вся группа, Нифонтова Ирина Геннадьевна, Лесная"
"ТАКХС-Пф-2201";"30.01.2026";"ПТ";"6 пара (17:05-18:25)";"-"
"ТАКХС-Пф-2201";"30.01.2026";"ПТ";"7 пара (18:35-19:55)";"-"
"ТАКХС-Пф-2201";"31.01.2026";"СБ";"1 пара (08:30-09:45)";"Информационные технологии в профессиональной деятельности / Адаптивные информационные и коммуникационные технологии — 2 п/г, Азарян Карине Айказовна, Лесная | УП.04 (УП утро 08:30-12:00) — 1 п/г, Кальчевская Наталья Владимировна, Лесная"
"ТАКХС-Пф-2201";"31.01.2026";"СБ";"2 пара (09:55-11:10)";"Информационные технологии в профессиональной деятельности / Адаптивные информационные и коммуникационные технологии — 2 п/г, Азарян Карине Айказовна, Лесная | УП.04 (УП утро 08:30-12:00) — 1 п/г, Кальчевская Наталья Владимировна, Лесная"
"ТАКХС-Пф-2201";"31.01.2026";"СБ";"3 пара (11:30-12:45)";"Информационные технологии в профессиональной деятельности / Адаптивные информационные и коммуникационные технологии — 2 п/г, Азарян Карине Айказовна, Лесная"
"ТАКХС-Пф-2201";"31.01.2026";"СБ";"4 пара (12:55-14:10)";"Информационные технологии в профессиональной деятельности / Адаптивные информационные и коммуникационные технологии — 2 п/г, Азарян Карине Айказовна, Лесная"
"ТАКХС-Пф-2201";"31.01.2026";"СБ";"5 пара (14:20-15:30)";"Информационные технологии в профессиональной деятельности / Адаптивные информационные и коммуникационные технологии — 2 п/г, Азарян Карине Айказовна, Лесная"
"ТАКХС-Пф-2201";"31.01.2026";"СБ";"6 пара (15:40-16:50)";"-"
"ТАКХС-Пф-2201";"31.01.2026";"СБ";"7 пара (17:00-18:10)";"-"
"ТАКХС-Пф-2201";"02.02.2026";"ПН";"1 пара (09:15-10:40)";"Математика — вся группа, Нифонтова Ирина Геннадьевна, Лесная"
"ТАКХС-Пф-2201";"02.02.2026";"ПН";"2 пара (10:50-12:15)";"Математика — вся группа, Нифонтова Ирина Геннадьевна, Лесная"
"ТАКХС-Пф-2201";"02.02.2026";"ПН";"3 пара (13:10-14:35)";"Математика — вся группа, Нифонтова Ирина Геннадьевна, Лесная"
"ТАКХС-Пф-2201";"02.02.2026";"ПН";"4 пара (14:45-16:10)";"Математика — вся группа, Нифонтова Ирина Геннадьевна, Лесная"
"ТАКХС-Пф-2201";"02.02.2026";"ПН";"5 пара (16:20-17:40)";"Информационные технологии в профессиональной деятельности / Адаптивные информационные и коммуникационные технологии — 1 п/г, Азарян Карине Айказовна, Лесная | ЛПЗ МДК.01.01 Основы аналитической химии и физико-химических методов анализа — 2 п/г, Кальчевская Наталья Владимировна, Лесная"
"ТАКХС-Пф-2201";"02.02.2026";"ПН";"6 пара (17:50-19:10)";"-"
"ТАКХС-Пф-2201";"02.02.2026";"ПН";"7 пара (19:20-20:40)";"-"
"ТАКХС-Пф-2201";"03.02.2026";"ВТ";"1 пара (08:30-09:55)";"Информационные технологии в профессиональной деятельности / Адаптивные информационные и коммуникационные технологии — 1 п/г, Азарян Карине Айказовна, Лесная"
"ТАКХС-Пф-2201";"03.02.2026";"ВТ";"2 пара (10:05-11:30)";"Информационные технологии в профессиональной деятельности / Адаптивные информационные и коммуникационные технологии — 1 п/г, Азарян Карине Айказовна, Лесная"
"ТАКХС-Пф-2201";"03.02.2026";"ВТ";"3 пара (12:25-13:50)";"Информационные технологии в профессиональной деятельности / Адаптивные информационные и коммуникационные технологии — 1 п/г, Азарян Карине Айказовна, Лесная | ЛПЗ МДК.01.01 Основы аналитической химии и физико-химических методов анализа — 2 п/г, Кальчевская Наталья Владимировна, Лесная"
"ТАКХС-Пф-2201";"03.02.2026";"ВТ";"4 пара (14:00-15:25)";"Информационные технологии в профессиональной деятельности / Адаптивные информационные и коммуникационные технологии — 1 п/г, Азарян Карине Айказовна, Лесная | ЛПЗ МДК.01.01 Основы аналитической химии и физико-химических методов анализа — 2 п/г, Кальчевская Наталья Владимировна, Лесная"
"ТАКХС-Пф-2201";"03.02.2026";"ВТ";"5 пара (15:35-16:55)";"Информационные технологии в профессиональной деятельности / Адаптивные информационные и коммуникационные технологии — 1 п/г, Азарян Карине Айказовна, Лесная | ЛПЗ МДК.01.01 Основы аналитической химии и физико-химических методов анализа — 2 п/г, Кальчевская Наталья Владимировна, Лесная"
"ТАКХС-Пф-2201";"03.02.2026";"ВТ";"6 пара (17:05-18:25)";"Информационные технологии в профессиональной деятельности / Адаптивные информационные и коммуникационные технологии — 2 п/г, Азарян Карине Айказовна, Лесная"
"ТАКХС-Пф-2201";"03.02.2026";"ВТ";"7 пара (18:35-19:55)";"Информационные технологии в профессиональной деятельности / Адаптивные информационные и коммуникационные технологии — 2 п/г, Азарян Карине Айказовна, Лесная"
"ТАКХС-Пф-2201";"04.02.2026";"СР";"1 пара (08:30-09:55)";"Информационные технологии в профессиональной деятельности / Адаптивные информационные и коммуникационные технологии — 1 п/г, Азарян Карине Айказовна, Лесная"
"ТАКХС-Пф-2201";"04.02.2026";"СР";"2 пара (10:05-11:30)";"Информационные технологии в профессиональной деятельности / Адаптивные информационные и коммуникационные технологии — 1 п/г, Азарян Карине Айказовна, Лесная"
"ТАКХС-Пф-2201";"04.02.2026";"СР";"3 пара (12:25-13:50)";"Информационные технологии в профессиональной деятельности / Адаптивные информационные и коммуникационные технологии — 1 п/г, Азарян Карине Айказовна, Лесная | ЛПЗ МДК.01.01 Основы аналитической химии и физико-химических методов анализа — 2 п/г, Кальчевская Наталья Владимировна, Лесная"
"ТАКХС-Пф-2201";"04.02.2026";"СР";"4 пара (14:00-15:25)";"Информационные технологии в профессиональной деятельности / Адаптивные информационные и коммуникационные технологии — 1 п/г, Азарян Карине Айказовна, Лесная | ЛПЗ МДК.01.01 Основы аналитической химии и физико-химических методов анализа — 2 п/г, Кальчевская Наталья Владимировна, Лесная"
"ТАКХС-Пф-2201";"04.02.2026";"СР";"5 пара (15:35-16:55)";"Информационные технологии в профессиональной деятельности / Адаптивные информационные и коммуникационные технологии — 1 п/г, Азарян Карине Айказовна, Лесная | ЛПЗ МДК.01.01 Основы аналитической химии и физико-химических методов анализа — 2 п/г, Кальчевская Наталья Владимировна, Лесная"
"ТАКХС-Пф-2201";"04.02.2026";"СР";"6 пара (17:05-18:25)";"Информационные технологии в профессиональной деятельности / Адаптивные информационные и коммуникационные технологии — 2 п/г, Азарян Карине Айказовна, Лесная"
"ТАКХС-Пф-2201";"04.02.2026";"СР";"7 пара (18:35-19:55)";"Информационные технологии в профессиональной деятельности / Адаптивные информационные и коммуникационные технологии — 2 п/г, Азарян Карине Айказовна, Лесная"
"ТАКХС-Пф-2201";"05.02.2026";"ЧТ";"1 пара (08:30-09:55)";"Информационные технологии в профессиональной деятельности / Адаптивные информационные и коммуникационные технологии — 2 п/г, Азарян Карине Айказовна, Лесная | ЛПЗ МДК.01.01 Основы аналитической химии и физико-химических методов анализа — 1 п/г, Кальчевская Наталья Владимировна, Лесная"
"ТАКХС-Пф-2201";"05.02.2026";"ЧТ";"2 пара (10:05-11:30)";"Информационные технологии в профессиональной деятельности / Адаптивные информационные и коммуникационные технологии — 2 п/г, Азарян Карине Айказовна, Лесная | ЛПЗ МДК.01.01 Основы аналитической химии и физико-химических методов анализа — 1 п/г, Кальчевская Наталья Владимировна, Лесная"
"ТАКХС-Пф-2201";"05.02.2026";"ЧТ";"3 пара (12:25-13:50)";"Органическая химия — вся группа, Кальчевская Наталья Владимировна, Лесная"
"ТАКХС-Пф-2201";"05.02.2026";"ЧТ";"4 пара (14:00-15:25)";"Органическая химия — вся группа, Кальчевская Наталья Владимировна, Лесная"
"ТАКХС-Пф-2201";"05.02.2026";"ЧТ";"5 пара (15:35-16:55)";"Органическая химия — вся группа, Кальчевская Наталья Владимировна, Лесная"
"ТАКХС-Пф-2201";"05.02.2026";"ЧТ";"6 пара (17:05-18:25)";"-"
"ТАКХС-Пф-2201";"05.02.2026";"ЧТ";"7 пара (18:35-19:55)";"-"
"ТАКХС-Пф-2201";"06.02.2026";"ПТ";"1 пара (08:30-09:55)";"Органическая химия — вся группа, Кальчевская Наталья Владимировна, Лесная"
"ТАКХС-Пф-2201";"06.02.2026";"ПТ";"2 пара (10:05-11:30)";"Органическая химия — вся группа, Кальчевская Наталья Владимировна, Лесная"
"ТАКХС-Пф-2201";"06.02.2026";"ПТ";"3 пара (12:25-13:50)";"Органическая химия — вся группа, Кальчевская Наталья Владимировна, Лесная"
"ТАКХС-Пф-2201";"06.02.2026";"ПТ";"4 пара (14:00-15:25)";"Органическая химия — вся группа, Кальчевская Наталья Владимировна, Лесная"
"ТАКХС-Пф-2201";"06.02.2026";"ПТ";"5 пара (15:35-16:55)";"Органическая химия — вся группа, Кальчевская Наталья Владимировна, Лесная"
"ТАКХС-Пф-2201";"06.02.2026";"ПТ";"6 пара (17:05-18:25)";"-"
"ТАКХС-Пф-2201";"06.02.2026";"ПТ";"7 пара (18:35-19:55)";"-"
"ТАКХС-Пф-2201";"07.02.2026";"СБ";"1 пара (08:30-09:45)";"УП.04 (УП утро 08:30-12:00) — 1 п/г, Кальчевская Наталья Владимировна, Лесная"
"ТАКХС-Пф-2201";"07.02.2026";"СБ";"2 пара (09:55-11:10)";"УП.04 (УП утро 08:30-12:00) — 1 п/г, Кальчевская Наталья Владимировна, Лесная"
"ТАКХС-Пф-2201";"07.02.2026";"СБ";"3 пара (11:30-12:45)";"ЛПЗ МДК.02.01 Основы качественного и количественного анализа природных и промышленных материалов — 2 п/г, Семенова Лилиана Ивановна, Лесная"
"ТАКХС-Пф-2201";"07.02.2026";"СБ";"4 пара (12:55-14:10)";"ЛПЗ МДК.01.01 Основы аналитической химии и физико-химических методов анализа — 2 п/г, Кальчевская Наталья Владимировна, Лесная"
"ТАКХС-Пф-2201";"07.02.2026";"СБ";"5 пара (14:20-15:30)";"ЛПЗ МДК.01.01 Основы аналитической химии и физико-химических методов анализа — 2 п/г, Кальчевская Наталья Владимировна, Лесная"
"ТАКХС-Пф-2201";"07.02.2026";"СБ";"6 пара (15:40-16:50)";"ЛПЗ МДК.01.01 Основы аналитической химии и физико-химических методов анализа — 2 п/г, Кальчевская Наталья Владимировна, Лесная"
"ТАКХС-Пф-2201";"07.02.2026";"СБ";"7 пара (17:00-18:10)";"ЛПЗ МДК.01.01 Основы аналитической химии и физико-химических методов анализа — 2 п/г, Кальчевская Наталья Владимировна, Лесная"
"ТАКХС-Пф-2201";"09.02.2026";"ПН";"1 пара (09:15-10:40)";"Органическая химия — вся группа, Кальчевская Наталья Владимировна, Лесная"
"ТАКХС-Пф-2201";"09.02.2026";"ПН";"2 пара (10:50-12:15)";"Органическая химия — вся группа, Кальчевская Наталья Владимировна, Лесная"
"ТАКХС-Пф-2201";"09.02.2026";"ПН";"3 пара (13:10-14:35)";"Органическая химия — вся группа, Кальчевская Наталья Владимировна, Лесная"
"ТАКХС-Пф-2201";"09.02.2026";"ПН";"4 пара (14:45-16:10)";"Органическая химия — вся группа, Кальчевская Наталья Владимировна, Лесная"
"ТАКХС-Пф-2201";"09.02.2026";"ПН";"5 пара (16:20-17:40)";"Органическая химия — вся группа, Кальчевская Наталья Владимировна, Лесная"
"ТАКХС-Пф-2201";"09.02.2026";"ПН";"6 пара (17:50-19:10)";"-"
"ТАКХС-Пф-2201";"09.02.2026";"ПН";"7 пара (19:20-20:40)";"-"
"ТАКХС-Пф-2201";"10.02.2026";"ВТ";"1 пара (08:30-09:55)";"Органическая химия — вся группа, Кальчевская Наталья Владимировна, Лесная"
"ТАКХС-Пф-2201";"10.02.2026";"ВТ";"2 пара (10:05-11:30)";"Органическая химия — вся группа, Кальчевская Наталья Владимировна, Лесная"
"ТАКХС-Пф-2201";"10.02.2026";"ВТ";"3 пара (12:25-13:50)";"Органическая химия — вся группа, Кальчевская Наталья Владимировна, Лесная"
"ТАКХС-Пф-2201";"10.02.2026";"ВТ";"4 пара (14:00-15:25)";"Органическая химия — вся группа, Кальчевская Наталья Владимировна, Лесная"
"ТАКХС-Пф-2201";"10.02.2026";"ВТ";"5 пара (15:35-16:55)";"Органическая химия — вся группа, Кальчевская Наталья Владимировна, Лесная"
"ТАКХС-Пф-2201";"10.02.2026";"ВТ";"6 пара (17:05-18:25)";"-"
"ТАКХС-Пф-2201";"10.02.2026";"ВТ";"7 пара (18:35-19:55)";"-"
"ТАКХС-Пф-2201";"11.02.2026";"СР";"1 пара (08:30-09:55)";"Органическая химия — вся группа, Кальчевская Наталья Владимировна, Лесная"
"ТАКХС-Пф-2201";"11.02.2026";"СР";"2 пара (10:05-11:30)";"Органическая химия — вся группа, Кальчевская Наталья Владимировна, Лесная"
"ТАКХС-Пф-2201";"11.02.2026";"СР";"3 пара (12:25-13:50)";"Органическая химия — вся группа, Кальчевская Наталья Владимировна, Лесная"
"ТАКХС-Пф-2201";"11.02.2026";"СР";"4 пара (14:00-15:25)";"Органическая химия — вся группа, Кальчевская Наталья Владимировна, Лесная"
"ТАКХС-Пф-2201";"11.02.2026";"СР";"5 пара (15:35-16:55)";"Органическая химия — вся группа, Кальчевская Наталья Владимировна, Лесная"
"ТАКХС-Пф-2201";"11.02.2026";"СР";"6 пара (17:05-18:25)";"-"
"ТАКХС-Пф-2201";"11.02.2026";"СР";"7 пара (18:35-19:55)";"-"
"ТАКХС-Пф-2201";"12.02.2026";"ЧТ";"1 пара (08:30-09:55)";"Органическая химия — вся группа, Кальчевская Наталья Владимировна, Лесная"
"ТАКХС-Пф-2201";"12.02.2026";"ЧТ";"2 пара (10:05-11:30)";"Органическая химия — вся группа, Кальчевская Наталья Владимировна, Лесная"
"ТАКХС-Пф-2201";"12.02.2026";"ЧТ";"3 пара (12:25-13:50)";"Органическая химия — вся группа, Кальчевская Наталья Владимировна, Лесная"
"ТАКХС-Пф-2201";"12.02.2026";"ЧТ";"4 пара (14:00-15:25)";"Органическая химия — вся группа, Кальчевская Наталья Владимировна, Лесная"
"ТАКХС-Пф-2201";"12.02.2026";"ЧТ";"5 пара (15:35-16:55)";"Органическая химия — вся группа, Кальчевская Наталья Владимировна, Лесная"
"ТАКХС-Пф-2201";"12.02.2026";"ЧТ";"6 пара (17:05-18:25)";"-"
"ТАКХС-Пф-2201";"12.02.2026";"ЧТ";"7 пара (18:35-19:55)";"-"
"ТАКХС-Пф-2201";"13.02.2026";"ПТ";"1 пара (08:30-09:55)";"Органическая химия — вся группа, Кальчевская Наталья Владимировна, Лесная"
"ТАКХС-Пф-2201";"13.02.2026";"ПТ";"2 пара (10:05-11:30)";"Органическая химия — вся группа, Кальчевская Наталья Владимировна, Лесная"
"ТАКХС-Пф-2201";"13.02.2026";"ПТ";"3 пара (12:25-13:50)";"Аналитическая химия — вся группа, Семенова Лилиана Ивановна, Лесная"
"ТАКХС-Пф-2201";"13.02.2026";"ПТ";"4 пара (14:00-15:25)";"Аналитическая химия — вся группа, Семенова Лилиана Ивановна, Лесная"
"ТАКХС-Пф-2201";"13.02.2026";"ПТ";"5 пара (15:35-16:55)";"Аналитическая химия — вся группа, Семенова Лилиана Ивановна, Лесная"
"ТАКХС-Пф-2201";"13.02.2026";"ПТ";"6 пара (17:05-18:25)";"-"
"ТАКХС-Пф-2201";"13.02.2026";"ПТ";"7 пара (18:35-19:55)";"-"
"ТАКХС-Пф-2201";"14.02.2026";"СБ";"1 пара (08:30-09:45)";"УП.04 (УП утро 08:30-12:00) — 1 п/г, Кальчевская Наталья Владимировна, Лесная"
"ТАКХС-Пф-2201";"14.02.2026";"СБ";"2 пара (09:55-11:10)";"УП.04 (УП утро 08:30-12:00) — 1 п/г, Кальчевская Наталья Владимировна, Лесная"
"ТАКХС-Пф-2201";"14.02.2026";"СБ";"3 пара (11:30-12:45)";"ЛПЗ МДК.02.01 Основы качественного и количественного анализа природных и промышленных материалов — 2 п/г, Семенова Лилиана Ивановна, Лесная"
"ТАКХС-Пф-2201";"14.02.2026";"СБ";"4 пара (12:55-14:10)";"ЛПЗ МДК.01.01 Основы аналитической химии и физико-химических методов анализа — 2 п/г, Кальчевская Наталья Владимировна, Лесная"
"ТАКХС-Пф-2201";"14.02.2026";"СБ";"5 пара (14:20-15:30)";"ЛПЗ МДК.01.01 Основы аналитической химии и физико-химических методов анализа — 2 п/г, Кальчевская Наталья Владимировна, Лесная"
"ТАКХС-Пф-2201";"14.02.2026";"СБ";"6 пара (15:40-16:50)";"ЛПЗ МДК.01.01 Основы аналитической химии и физико-химических методов анализа — 2 п/г, Кальчевская Наталья Владимировна, Лесная"
"ТАКХС-Пф-2201";"14.02.2026";"СБ";"7 пара (17:00-18:10)";"ЛПЗ МДК.01.01 Основы аналитической химии и физико-химических методов анализа — 2 п/г, Кальчевская Наталья Владимировна, Лесная"
"ТАКХС-Пф-2201";"16.02.2026";"ПН";"1 пара (09:15-10:40)";"Аналитическая химия — вся группа, Семенова Лилиана Ивановна, Лесная"
"ТАКХС-Пф-2201";"16.02.2026";"ПН";"2 пара (10:50-12:15)";"Аналитическая химия — вся группа, Семенова Лилиана Ивановна, Лесная"
"ТАКХС-Пф-2201";"16.02.2026";"ПН";"3 пара (13:10-14:35)";"Аналитическая химия — вся группа, Семенова Лилиана Ивановна, Лесная"
"ТАКХС-Пф-2201";"16.02.2026";"ПН";"4 пара (14:45-16:10)";"Аналитическая химия — вся группа, Семенова Лилиана Ивановна, Лесная"
"ТАКХС-Пф-2201";"16.02.2026";"ПН";"5 пара (16:20-17:40)";"Аналитическая химия — вся группа, Семенова Лилиана Ивановна, Лесная"
"ТАКХС-Пф-2201";"16.02.2026";"ПН";"6 пара (17:50-19:10)";"-"
"ТАКХС-Пф-2201";"16.02.2026";"ПН";"7 пара (19:20-20:40)";"-"
"ТАКХС-Пф-2201";"17.02.2026";"ВТ";"1 пара (08:30-09:55)";"Аналитическая химия — вся группа, Семенова Лилиана Ивановна, Лесная"
"ТАКХС-Пф-2201";"17.02.2026";"ВТ";"2 пара (10:05-11:30)";"Аналитическая химия — вся группа, Семенова Лилиана Ивановна, Лесная"
"ТАКХС-Пф-2201";"17.02.2026";"ВТ";"3 пара (12:25-13:50)";"Аналитическая химия — вся группа, Семенова Лилиана Ивановна, Лесная"
"ТАКХС-Пф-2201";"17.02.2026";"ВТ";"4 пара (14:00-15:25)";"Аналитическая химия — вся группа, Семенова Лилиана Ивановна, Лесная"
"ТАКХС-Пф-2201";"17.02.2026";"ВТ";"5 пара (15:35-16:55)";"Аналитическая химия — вся группа, Семенова Лилиана Ивановна, Лесная"
"ТАКХС-Пф-2201";"17.02.2026";"ВТ";"6 пара (17:05-18:25)";"-"
"ТАКХС-Пф-2201";"17.02.2026";"ВТ";"7 пара (18:35-19:55)";"-"
"ТАКХС-Пф-2201";"18.02.2026";"СР";"1 пара (08:30-09:55)";"Аналитическая химия — вся группа, Семенова Лилиана Ивановна, Лесная"
"ТАКХС-Пф-2201";"18.02.2026";"СР";"2 пара (10:05-11:30)";"Аналитическая химия — вся группа, Семенова Лилиана Ивановна, Лесная"
"ТАКХС-Пф-2201";"18.02.2026";"СР";"3 пара (12:25-13:50)";"Аналитическая химия — вся группа, Семенова Лилиана Ивановна, Лесная"
"ТАКХС-Пф-2201";"18.02.2026";"СР";"4 пара (14:00-15:25)";"Аналитическая химия — вся группа, Семенова Лилиана Ивановна, Лесная"
"ТАКХС-Пф-2201";"18.02.2026";"СР";"5 пара (15:35-16:55)";"Аналитическая химия — вся группа, Семенова Лилиана Ивановна, Лесная"
"ТАКХС-Пф-2201";"18.02.2026";"СР";"6 пара (17:05-18:25)";"-"
"ТАКХС-Пф-2201";"18.02.2026";"СР";"7 пара (18:35-19:55)";"-"
"ТАКХС-Пф-2201";"19.02.2026";"ЧТ";"1 пара (08:30-09:55)";"Аналитическая химия — вся группа, Семенова Лилиана Ивановна, Лесная"
"ТАКХС-Пф-2201";"19.02.2026";"ЧТ";"2 пара (10:05-11:30)";"Аналитическая химия — вся группа, Семенова Лилиана Ивановна, Лесная"
"ТАКХС-Пф-2201";"19.02.2026";"ЧТ";"3 пара (12:25-13:50)";"Аналитическая химия — вся группа, Семенова Лилиана Ивановна, Лесная"
"ТАКХС-Пф-2201";"19.02.2026";"ЧТ";"4 пара (14:00-15:25)";"Аналитическая химия — вся группа, Семенова Лилиана Ивановна, Лесная"
"ТАКХС-Пф-2201";"19.02.2026";"ЧТ";"5 пара (15:35-16:55)";"Аналитическая химия — вся группа, Семенова Лилиана Ивановна, Лесная"
"ТАКХС-Пф-2201";"19.02.2026";"ЧТ";"6 пара (17:05-18:25)";"-"
"ТАКХС-Пф-2201";"19.02.2026";"ЧТ";"7 пара (18:35-19:55)";"-"
"ТАКХС-Пф-2201";"20.02.2026";"ПТ";"1 пара (08:30-09:55)";"Аналитическая химия — вся группа, Семенова Лилиана Ивановна, Лесная"
"ТАКХС-Пф-2201";"20.02.2026";"ПТ";"2 пара (10:05-11:30)";"Аналитическая химия — вся группа, Семенова Лилиана Ивановна, Лесная"
"ТАКХС-Пф-2201";"20.02.2026";"ПТ";"3 пара (12:25-13:50)";"Аналитическая химия — вся группа, Семенова Лилиана Ивановна, Лесная"
"ТАКХС-Пф-2201";"20.02.2026";"ПТ";"4 пара (14:00-15:25)";"Аналитическая химия — вся группа, Семенова Лилиана Ивановна, Лесная"
"ТАКХС-Пф-2201";"20.02.2026";"ПТ";"5 пара (15:35-16:55)";"Аналитическая химия — вся группа, Семенова Лилиана Ивановна, Лесная"
"ТАКХС-Пф-2201";"20.02.2026";"ПТ";"6 пара (17:05-18:25)";"-"
"ТАКХС-Пф-2201";"20.02.2026";"ПТ";"7 пара (18:35-19:55)";"-"
"ТАКХС-Пф-2201";"21.02.2026";"СБ";"1 пара (08:30-09:45)";"УП.04 (УП утро 08:30-12:00) — 1 п/г, Кальчевская Наталья Владимировна, Лесная"
"ТАКХС-Пф-2201";"21.02.2026";"СБ";"2 пара (09:55-11:10)";"УП.04 (УП утро 08:30-12:00) — 1 п/г, Кальчевская Наталья Владимировна, Лесная"
"ТАКХС-Пф-2201";"21.02.2026";"СБ";"3 пара (11:30-12:45)";"ЛПЗ МДК.02.01 Основы качественного и количественного анализа природных и промышленных материалов — 2 п/г, Семенова Лилиана Ивановна, Лесная"
"ТАКХС-Пф-2201";"21.02.2026";"СБ";"4 пара (12:55-14:10)";"ЛПЗ МДК.01.01 Основы аналитической химии и физико-химических методов анализа — 2 п/г, Кальчевская Наталья Владимировна, Лесная"
"ТАКХС-Пф-2201";"21.02.2026";"СБ";"5 пара (14:20-15:30)";"ЛПЗ МДК.01.01 Основы аналитической химии и физико-химических методов анализа — 2 п/г, Кальчевская Наталья Владимировна, Лесная"
"ТАКХС-Пф-2201";"21.02.2026";"СБ";"6 пара (15:40-16:50)";"ЛПЗ МДК.01.01 Основы аналитической химии и физико-химических методов анализа — 2 п/г, Кальчевская Наталья Владимировна, Лесная"
"ТАКХС-Пф-2201";"21.02.2026";"СБ";"7 пара (17:00-18:10)";"ЛПЗ МДК.01.01 Основы аналитической химии и физико-химических методов анализа — 2 п/г, Кальчевская Наталья Владимировна, Лесная"
"ТАКХС-Пф-2201";"23.02.2026";"ПН";"1 пара (09:15-10:40)";"Физическая и коллоидная химия — вся группа, Кальчевская Наталья Владимировна, Лесная"
"ТАКХС-Пф-2201";"23.02.2026";"ПН";"2 пара (10:50-12:15)";"Физическая и коллоидная химия — вся группа, Кальчевская Наталья Владимировна, Лесная"
"ТАКХС-Пф-2201";"23.02.2026";"ПН";"3 пара (13:10-14:35)";"Физическая и коллоидная химия — вся группа, Кальчевская Наталья Владимировна, Лесная"
"ТАКХС-Пф-2201";"23.02.2026";"ПН";"4 пара (14:45-16:10)";"Физическая и коллоидная химия — вся группа, Кальчевская Наталья Владимировна, Лесная"
"ТАКХС-Пф-2201";"23.02.2026";"ПН";"5 пара (16:20-17:40)";"Физическая и коллоидная химия — вся группа, Кальчевская Наталья Владимировна, Лесная"
"ТАКХС-Пф-2201";"23.02.2026";"ПН";"6 пара (17:50-19:10)";"-"
"ТАКХС-Пф-2201";"23.02.2026";"ПН";"7 пара (19:20-20:40)";"-"
"ТАКХС-Пф-2201";"24.02.2026";"ВТ";"1 пара (08:30-09:55)";"Физическая и коллоидная химия — вся группа, Кальчевская Наталья Владимировна, Лесная"
"ТАКХС-Пф-2201";"24.02.2026";"ВТ";"2 пара (10:05-11:30)";"Физическая и коллоидная химия — вся группа, Кальчевская Наталья Владимировна, Лесная"
"ТАКХС-Пф-2201";"24.02.2026";"ВТ";"3 пара (12:25-13:50)";"Физическая и коллоидная химия — вся группа, Кальчевская Наталья Владимировна, Лесная"
"ТАКХС-Пф-2201";"24.02.2026";"ВТ";"4 пара (14:00-15:25)";"Физическая и коллоидная химия — вся группа, Кальчевская Наталья Владимировна, Лесная"
"ТАКХС-Пф-2201";"24.02.2026";"ВТ";"5 пара (15:35-16:55)";"Физическая и коллоидная химия — вся группа, Кальчевская Наталья Владимировна, Лесная"
"ТАКХС-Пф-2201";"24.02.2026";"ВТ";"6 пара (17:05-18:25)";"-"
"ТАКХС-Пф-2201";"24.02.2026";"ВТ";"7 пара (18:35-19:55)";"-"
"ТАКХС-Пф-2201";"25.02.2026";"СР";"1 пара (08:30-09:55)";"Физическая и коллоидная химия — вся группа, Кальчевская Наталья Владимировна, Лесная"
"ТАКХС-Пф-2201";"25.02.2026";"СР";"2 пара (10:05-11:30)";"Физическая и коллоидная химия — вся группа, Кальчевская Наталья Владимировна, Лесная"
"ТАКХС-Пф-2201";"25.02.2026";"СР";"3 пара (12:25-13:50)";"Физическая и коллоидная химия — вся группа, Кальчевская Наталья Владимировна, Лесная"
"ТАКХС-Пф-2201";"25.02.2026";"СР";"4 пара (14:00-15:25)";"Физическая и коллоидная химия — вся группа, Кальчевская Наталья Владимировна, Лесная"
"ТАКХС-Пф-2201";"25.02.2026";"СР";"5 пара (15:35-16:55)";"Физическая и коллоидная химия — вся группа, Кальчевская Наталья Владимировна, Лесная"
"ТАКХС-Пф-2201";"25.02.2026";"СР";"6 пара (17:05-18:25)";"-"
"ТАКХС-Пф-2201";"25.02.2026";"СР";"7 пара (18:35-19:55)";"-"
"ТАКХС-Пф-2201";"26.02.2026";"ЧТ";"1 пара (08:30-09:55)";"Физическая и коллоидная химия — вся группа, Кальчевская Наталья Владимировна, Лесная"
"ТАКХС-Пф-2201";"26.02.2026";"ЧТ";"2 пара (10:05-11:30)";"Физическая и коллоидная химия — вся группа, Кальчевская Наталья Владимировна, Лесная"
"ТАКХС-Пф-2201";"26.02.2026";"ЧТ";"3 пара (12:25-13:50)";"Физическая и коллоидная химия — вся группа, Кальчевская Наталья Владимировна, Лесная"
"ТАКХС-Пф-2201";"26.02.2026";"ЧТ";"4 пара (14:00-15:25)";"Физическая и коллоидная химия — вся группа, Кальчевская Наталья Владимировна, Лесная"
"ТАКХС-Пф-2201";"26.02.2026";"ЧТ";"5 пара (15:35-16:55)";"Физическая и коллоидная химия — вся группа, Кальчевская Наталья Владимировна, Лесная"
"ТАКХС-Пф-2201";"26.02.2026";"ЧТ";"6 пара (17:05-18:25)";"-"
"ТАКХС-Пф-2201";"26.02.2026";"ЧТ";"7 пара (18:35-19:55)";"-"
"ТАКХС-Пф-2201";"27.02.2026";"ПТ";"1 пара (08:30-09:55)";"Физическая и коллоидная химия — вся группа, Кальчевская Наталья Владимировна, Лесная"
"ТАКХС-Пф-2201";"27.02.2026";"ПТ";"2 пара (10:05-11:30)";"Физическая и коллоидная химия — вся группа, Кальчевская Наталья Владимировна, Лесная"
"ТАКХС-Пф-2201";"27.02.2026";"ПТ";"3 пара (12:25-13:50)";"Физическая и коллоидная химия — вся группа, Кальчевская Наталья Владимировна, Лесная"
"ТАКХС-Пф-2201";"27.02.2026";"ПТ";"4 пара (14:00-15:25)";"Физическая и коллоидная химия — вся группа, Кальчевская Наталья Владимировна, Лесная"
"ТАКХС-Пф-2201";"27.02.2026";"ПТ";"5 пара (15:35-16:55)";"Физическая и коллоидная химия — вся группа, Кальчевская Наталья Владимировна, Лесная"
"ТАКХС-Пф-2201";"27.02.2026";"ПТ";"6 пара (17:05-18:25)";"-"
"ТАКХС-Пф-2201";"27.02.2026";"ПТ";"7 пара (18:35-19:55)";"-"
"ТАКХС-Пф-2201";"28.02.2026";"СБ";"1 пара (08:30-09:45)";"УП.04 (УП утро 08:30-12:00) — 1 п/г, Кальчевская Наталья Владимировна, Лесная"
"ТАКХС-Пф-2201";"28.02.2026";"СБ";"2 пара (09:55-11:10)";"УП.04 (УП утро 08:30-12:00) — 1 п/г, Кальчевская Наталья Владимировна, Лесная"
"ТАКХС-Пф-2201";"28.02.2026";"СБ";"3 пара (11:30-12:45)";"ЛПЗ МДК.02.01 Основы качественного и количественного анализа природных и промышленных материалов — 2 п/г, Семенова Лилиана Ивановна, Лесная"
"ТАКХС-Пф-2201";"28.02.2026";"СБ";"4 пара (12:55-14:10)";"ЛПЗ МДК.01.01 Основы аналитической химии и физико-химических методов анализа — 2 п/г, Кальчевская Наталья Владимировна, Лесная"
"ТАКХС-Пф-2201";"28.02.2026";"СБ";"5 пара (14:20-15:30)";"ЛПЗ МДК.01.01 Основы аналитической химии и физико-химических методов анализа — 2 п/г, Кальчевская Наталья Владимировна, Лесная"
"ТАКХС-Пф-2201";"28.02.2026";"СБ";"6 пара (15:40-16:50)";"ЛПЗ МДК.01.01 Основы аналитической химии и физико-химических методов анализа — 2 п/г, Кальчевская Наталья Владимировна, Лесная"
"ТАКХС-Пф-2201";"28.02.2026";"СБ";"7 пара (17:00-18:10)";"ЛПЗ МДК.01.01 Основы аналитической химии и физико-химических методов анализа — 2 п/г, Кальчевская Наталья Владимировна, Лесная"
"ТАКХС-Пф-2201";"02.03.2026";"ПН";"1 пара (09:15-10:40)";"Физическая и коллоидная химия — вся группа, Кальчевская Наталья Владимировна, Лесная"
"ТАКХС-Пф-2201";"02.03.2026";"ПН";"2 пара (10:50-12:15)";"Физическая и коллоидная химия — вся группа, Кальчевская Наталья Владимировна, Лесная"
"ТАКХС-Пф-2201";"02.03.2026";"ПН";"3 пара (13:10-14:35)";"Физическая и коллоидная химия — вся группа, Кальчевская Наталья Владимировна, Лесная"
"ТАКХС-Пф-2201";"02.03.2026";"ПН";"4 пара (14:45-16:10)";"Электротехника и электроника — вся группа, Динмухаметов Владислав Дуферович, Лесная"
"ТАКХС-Пф-2201";"02.03.2026";"ПН";"5 пара (16:20-17:40)";"Электротехника и электроника — вся группа, Динмухаметов Владислав Дуферович, Лесная"
"ТАКХС-Пф-2201";"02.03.2026";"ПН";"6 пара (17:50-19:10)";"-"
"ТАКХС-Пф-2201";"02.03.2026";"ПН";"7 пара (19:20-20:40)";"-"
"ТАКХС-Пф-2201";"03.03.2026";"ВТ";"1 пара (08:30-09:55)";"Электротехника и электроника — вся группа, Динмухаметов Владислав Дуферович, Лесная"
"ТАКХС-Пф-2201";"03.03.2026";"ВТ";"2 пара (10:05-11:30)";"Электротехника и электроника — вся группа, Динмухаметов Владислав Дуферович, Лесная"
"ТАКХС-Пф-2201";"03.03.2026";"ВТ";"3 пара (12:25-13:50)";"Электротехника и электроника — вся группа, Динмухаметов Владислав Дуферович, Лесная"
"ТАКХС-Пф-2201";"03.03.2026";"ВТ";"4 пара (14:00-15:25)";"Электротехника и электроника — вся группа, Динмухаметов Владислав Дуферович, Лесная"
"ТАКХС-Пф-2201";"03.03.2026";"ВТ";"5 пара (15:35-16:55)";"Электротехника и электроника — вся группа, Динмухаметов Владислав Дуферович, Лесная"
"ТАКХС-Пф-2201";"03.03.2026";"ВТ";"6 пара (17:05-18:25)";"-"
"ТАКХС-Пф-2201";"03.03.2026";"ВТ";"7 пара (18:35-19:55)";"-"
"ТАКХС-Пф-2201";"04.03.2026";"СР";"1 пара (08:30-09:55)";"Электротехника и электроника — вся группа, Динмухаметов Владислав Дуферович, Лесная"
"ТАКХС-Пф-2201";"04.03.2026";"СР";"2 пара (10:05-11:30)";"Электротехника и электроника — вся группа, Динмухаметов Владислав Дуферович, Лесная"
"ТАКХС-Пф-2201";"04.03.2026";"СР";"3 пара (12:25-13:50)";"Электротехника и электроника — вся группа, Динмухаметов Владислав Дуферович, Лесная"
"ТАКХС-Пф-2201";"04.03.2026";"СР";"4 пара (14:00-15:25)";"Электротехника и электроника — вся группа, Динмухаметов Владислав Дуферович, Лесная"
"ТАКХС-Пф-2201";"04.03.2026";"СР";"5 пара (15:35-16:55)";"Электротехника и электроника — вся группа, Динмухаметов Владислав Дуферович, Лесная"
"ТАКХС-Пф-2201";"04.03.2026";"СР";"6 пара (17:05-18:25)";"-"
"ТАКХС-Пф-2201";"04.03.2026";"СР";"7 пара (18:35-19:55)";"-"
"ТАКХС-Пф-2201";"05.03.2026";"ЧТ";"1 пара (08:30-09:55)";"Электротехника и электроника — вся группа, Динмухаметов Владислав Дуферович, Лесная"
"ТАКХС-Пф-2201";"05.03.2026";"ЧТ";"2 пара (10:05-11:30)";"Электротехника и электроника — вся группа, Динмухаметов Владислав Дуферович, Лесная"
"ТАКХС-Пф-2201";"05.03.2026";"ЧТ";"3 пара (12:25-13:50)";"Электротехника и электроника — вся группа, Динмухаметов Владислав Дуферович, Лесная"
"ТАКХС-Пф-2201";"05.03.2026";"ЧТ";"4 пара (14:00-15:25)";"Электротехника и электроника — вся группа, Динмухаметов Владислав Дуферович, Лесная"
"ТАКХС-Пф-2201";"05.03.2026";"ЧТ";"5 пара (15:35-16:55)";"Электротехника и электроника — вся группа, Динмухаметов Владислав Дуферович, Лесная"
"ТАКХС-Пф-2201";"05.03.2026";"ЧТ";"6 пара (17:05-18:25)";"-"
"ТАКХС-Пф-2201";"05.03.2026";"ЧТ";"7 пара (18:35-19:55)";"-"
"ТАКХС-Пф-2201";"06.03.2026";"ПТ";"1 пара (08:30-09:55)";"УП.04 (УП утро 08:30-12:30) — 1 п/г, Кальчевская Наталья Владимировна, Лесная"
"ТАКХС-Пф-2201";"06.03.2026";"ПТ";"2 пара (10:05-11:30)";"УП.04 (УП утро 08:30-12:30) — 1 п/г, Кальчевская Наталья Владимировна, Лесная"
"ТАКХС-Пф-2201";"06.03.2026";"ПТ";"3 пара (12:25-13:50)";"ЛПЗ МДК.02.01 Основы качественного и количественного анализа природных и промышленных материалов — 2 п/г, Семенова Лилиана Ивановна, Лесная"
"ТАКХС-Пф-2201";"06.03.2026";"ПТ";"4 пара (14:00-15:25)";"ЛПЗ МДК.01.01 Основы аналитической химии и физико-химических методов анализа — 2 п/г, Кальчевская Наталья Владимировна, Лесная"
"ТАКХС-Пф-2201";"06.03.2026";"ПТ";"5 пара (15:35-16:55)";"ЛПЗ МДК.01.01 Основы аналитической химии и физико-химических методов анализа — 2 п/г, Кальчевская Наталья Владимировна, Лесная"
"ТАКХС-Пф-2201";"06.03.2026";"ПТ";"6 пара (17:05-18:25)";"ЛПЗ МДК.01.01 Основы аналитической химии и физико-химических методов анализа — 2 п/г, Кальчевская Наталья Владимировна, Лесная"
"ТАКХС-Пф-2201";"06.03.2026";"ПТ";"7 пара (18:35-19:55)";"ЛПЗ МДК.01.01 Основы аналитической химии и физико-химических методов анализа — 2 п/г, Кальчевская Наталья Владимировна, Лесная"
"ТАКХС-Пф-2201";"07.03.2026";"СБ";"1 пара (08:30-09:45)";"УП.04 (УП утро 08:30-12:00) — 2 п/г, Кальчевская Наталья Владимировна, Лесная"
"ТАКХС-Пф-2201";"07.03.2026";"СБ";"2 пара (09:55-11:10)";"УП.04 (УП утро 08:30-12:00) — 2 п/г, Кальчевская Наталья Владимировна, Лесная"
"ТАКХС-Пф-2201";"07.03.2026";"СБ";"3 пара (11:30-12:45)";"ЛПЗ МДК.02.01 Основы качественного и количественного анализа природных и промышленных материалов — 1 п/г, Семенова Лилиана Ивановна, Лесная"
"ТАКХС-Пф-2201";"07.03.2026";"СБ";"4 пара (12:55-14:10)";"ЛПЗ МДК.01.01 Основы аналитической химии и физико-химических методов анализа — 1 п/г, Кальчевская Наталья Владимировна, Лесная"
"ТАКХС-Пф-2201";"07.03.2026";"СБ";"5 пара (14:20-15:30)";"ЛПЗ МДК.01.01 Основы аналитической химии и физико-химических методов анализа — 1 п/г, Кальчевская Наталья Владимировна, Лесная"
"ТАКХС-Пф-2201";"07.03.2026";"СБ";"6 пара (15:40-16:50)";"ЛПЗ МДК.01.01 Основы аналитической химии и физико-химических методов анализа — 1 п/г, Кальчевская Наталья Владимировна, Лесная"
"ТАКХС-Пф-2201";"07.03.2026";"СБ";"7 пара (17:00-18:10)";"ЛПЗ МДК.01.01 Основы аналитической химии и физико-химических методов анализа — 1 п/г, Кальчевская Наталья Владимировна, Лесная"
"ТАКХС-Пф-2201";"09.03.2026";"ПН";"1 пара (09:15-10:40)";"Электротехника и электроника — вся группа, Динмухаметов Владислав Дуферович, Лесная"
"ТАКХС-Пф-2201";"09.03.2026";"ПН";"2 пара (10:50-12:15)";"Электротехника и электроника — вся группа, Динмухаметов Владислав Дуферович, Лесная"
"ТАКХС-Пф-2201";"09.03.2026";"ПН";"3 пара (13:10-14:35)";"Электротехника и электроника — вся группа, Динмухаметов Владислав Дуферович, Лесная"
"ТАКХС-Пф-2201";"09.03.2026";"ПН";"4 пара (14:45-16:10)";"МДК.01.01 Основы аналитической химии и физико-химических методов анализа — вся группа, Кальчевская Наталья Владимировна, Лесная"
"ТАКХС-Пф-2201";"09.03.2026";"ПН";"5 пара (16:20-17:40)";"МДК.01.01 Основы аналитической химии и физико-химических методов анализа — вся группа, Кальчевская Наталья Владимировна, Лесная"
"ТАКХС-Пф-2201";"09.03.2026";"ПН";"6 пара (17:50-19:10)";"-"
"ТАКХС-Пф-2201";"09.03.2026";"ПН";"7 пара (19:20-20:40)";"-"
"ТАКХС-Пф-2201";"10.03.2026";"ВТ";"1 пара (08:30-09:55)";"МДК.01.01 Основы аналитической химии и физико-химических методов анализа — вся группа, Кальчевская Наталья Владимировна, Лесная"
"ТАКХС-Пф-2201";"10.03.2026";"ВТ";"2 пара (10:05-11:30)";"ЛПЗ МДК.01.01 Основы аналитической химии и физико-химических методов анализа — 1 п/г, Кальчевская Наталья Владимировна, Лесная | ЛПЗ МДК.02.01 Основы качественного и количественного анализа природных и промышленных материалов — 2 п/г, Семенова Лилиана Ивановна, Лесная"
"ТАКХС-Пф-2201";"10.03.2026";"ВТ";"3 пара (12:25-13:50)";"ЛПЗ МДК.01.01 Основы аналитической химии и физико-химических методов анализа — 1 п/г, Кальчевская Наталья Владимировна, Лесная | ЛПЗ МДК.02.01 Основы качественного и количественного анализа природных и промышленных материалов — 2 п/г, Семенова Лилиана Ивановна, Лесная"
"ТАКХС-Пф-2201";"10.03.2026";"ВТ";"4 пара (14:00-15:25)";"ЛПЗ МДК.01.01 Основы аналитической химии и физико-химических методов анализа — 1 п/г, Кальчевская Наталья Владимировна, Лесная | ЛПЗ МДК.02.01 Основы качественного и количественного анализа природных и промышленных материалов — 2 п/г, Семенова Лилиана Ивановна, Лесная"
"ТАКХС-Пф-2201";"10.03.2026";"ВТ";"5 пара (15:35-16:55)";"ЛПЗ МДК.01.01 Основы аналитической химии и физико-химических методов анализа — 1 п/г, Кальчевская Наталья Владимировна, Лесная | ЛПЗ МДК.02.01 Основы качественного и количественного анализа природных и промышленных материалов — 2 п/г, Семенова Лилиана Ивановна, Лесная"
"ТАКХС-Пф-2201";"10.03.2026";"ВТ";"6 пара (17:05-18:25)";"-"
"ТАКХС-Пф-2201";"10.03.2026";"ВТ";"7 пара (18:35-19:55)";"-"
"ТАКХС-Пф-2201";"11.03.2026";"СР";"1 пара (08:30-09:55)";"ЛПЗ МДК.01.01 Основы аналитической химии и физико-химических методов анализа — 1 п/г, Кальчевская Наталья Владимировна, Лесная | ЛПЗ МДК.02.01 Основы качественного и количественного анализа природных и промышленных материалов — 2 п/г, Семенова Лилиана Ивановна, Лесная"
"ТАКХС-Пф-2201";"11.03.2026";"СР";"2 пара (10:05-11:30)";"ЛПЗ МДК.01.01 Основы аналитической химии и физико-химических методов анализа — 1 п/г, Кальчевская Наталья Владимировна, Лесная | ЛПЗ МДК.02.01 Основы качественного и количественного анализа природных и промышленных материалов — 2 п/г, Семенова Лилиана Ивановна, Лесная"
"ТАКХС-Пф-2201";"11.03.2026";"СР";"3 пара (12:25-13:50)";"ЛПЗ МДК.01.01 Основы аналитической химии и физико-химических методов анализа — 1 п/г, Кальчевская Наталья Владимировна, Лесная | ЛПЗ МДК.02.01 Основы качественного и количественного анализа природных и промышленных материалов — 2 п/г, Семенова Лилиана Ивановна, Лесная"
"ТАКХС-Пф-2201";"11.03.2026";"СР";"4 пара (14:00-15:25)";"ЛПЗ МДК.01.01 Основы аналитической химии и физико-химических методов анализа — 1 п/г, Кальчевская Наталья Владимировна, Лесная | ЛПЗ МДК.02.01 Основы качественного и количественного анализа природных и промышленных материалов — 2 п/г, Семенова Лилиана Ивановна, Лесная"
"ТАКХС-Пф-2201";"11.03.2026";"СР";"5 пара (15:35-16:55)";"ЛПЗ МДК.01.01 Основы аналитической химии и физико-химических методов анализа — 1 п/г, Кальчевская Наталья Владимировна, Лесная | ЛПЗ МДК.02.01 Основы качественного и количественного анализа природных и промышленных материалов — 2 п/г, Семенова Лилиана Ивановна, Лесная"
"ТАКХС-Пф-2201";"11.03.2026";"СР";"6 пара (17:05-18:25)";"-"
"ТАКХС-Пф-2201";"11.03.2026";"СР";"7 пара (18:35-19:55)";"-"
"ТАКХС-Пф-2201";"12.03.2026";"ЧТ";"1 пара (08:30-09:55)";"ЛПЗ МДК.01.01 Основы аналитической химии и физико-химических методов анализа — 1 п/г, Кальчевская Наталья Владимировна, Лесная | ЛПЗ МДК.02.01 Основы качественного и количественного анализа природных и промышленных материалов — 2 п/г, Семенова Лилиана Ивановна, Лесная"
"ТАКХС-Пф-2201";"12.03.2026";"ЧТ";"2 пара (10:05-11:30)";"ЛПЗ МДК.01.01 Основы аналитической химии и физико-химических методов анализа — 1 п/г, Кальчевская Наталья Владимировна, Лесная | ЛПЗ МДК.02.01 Основы качественного и количественного анализа природных и промышленных материалов — 2 п/г, Семенова Лилиана Ивановна, Лесная"
"ТАКХС-Пф-2201";"12.03.2026";"ЧТ";"3 пара (12:25-13:50)";"ЛПЗ МДК.01.01 Основы аналитической химии и физико-химических методов анализа — 1 п/г, Кальчевская Наталья Владимировна, Лесная | ЛПЗ МДК.02.01 Основы качественного и количественного анализа природных и промышленных материалов — 2 п/г, Семенова Лилиана Ивановна, Лесная"
"ТАКХС-Пф-2201";"12.03.2026";"ЧТ";"4 пара (14:00-15:25)";"ЛПЗ МДК.01.01 Основы аналитической химии и физико-химических методов анализа — 1 п/г, Кальчевская Наталья Владимировна, Лесная | ЛПЗ МДК.02.01 Основы качественного и количественного анализа природных и промышленных материалов — 2 п/г, Семенова Лилиана Ивановна, Лесная"
"ТАКХС-Пф-2201";"12.03.2026";"ЧТ";"5 пара (15:35-16:55)";"ЛПЗ МДК.01.01 Основы аналитической химии и физико-химических методов анализа — 1 п/г, Кальчевская Наталья Владимировна, Лесная | ЛПЗ МДК.02.01 Основы качественного и количественного анализа природных и промышленных материалов — 2 п/г, Семенова Лилиана Ивановна, Лесная"
"ТАКХС-Пф-2201";"12.03.2026";"ЧТ";"6 пара (17:05-18:25)";"-"
"ТАКХС-Пф-2201";"12.03.2026";"ЧТ";"7 пара (18:35-19:55)";"-"
"ТАКХС-Пф-2201";"13.03.2026";"ПТ";"1 пара (08:30-09:55)";"ЛПЗ МДК.02.01 Основы качественного и количественного анализа природных и промышленных материалов — 2 п/г, Семенова Лилиана Ивановна, Лесная | УП.04 (УП утро 08:30-12:30) — 1 п/г, Кальчевская Наталья Владимировна, Лесная"
"ТАКХС-Пф-2201";"13.03.2026";"ПТ";"2 пара (10:05-11:30)";"ЛПЗ МДК.02.01 Основы качественного и количественного анализа природных и промышленных материалов — 2 п/г, Семенова Лилиана Ивановна, Лесная | УП.04 (УП утро 08:30-12:30) — 1 п/г, Кальчевская Наталья Владимировна, Лесная"
"ТАКХС-Пф-2201";"13.03.2026";"ПТ";"3 пара (12:25-13:50)";"ЛПЗ МДК.02.01 Основы качественного и количественного анализа природных и промышленных материалов — 2 п/г, Семенова Лилиана Ивановна, Лесная"
"ТАКХС-Пф-2201";"13.03.2026";"ПТ";"4 пара (14:00-15:25)";"ЛПЗ МДК.02.01 Основы качественного и количественного анализа природных и промышленных материалов — 2 п/г, Семенова Лилиана Ивановна, Лесная"
"ТАКХС-Пф-2201";"13.03.2026";"ПТ";"5 пара (15:35-16:55)";"ЛПЗ МДК.02.01 Основы качественного и количественного анализа природных и промышленных материалов — 2 п/г, Семенова Лилиана Ивановна, Лесная"
"ТАКХС-Пф-2201";"13.03.2026";"ПТ";"6 пара (17:05-18:25)";"-"
"ТАКХС-Пф-2201";"13.03.2026";"ПТ";"7 пара (18:35-19:55)";"-"
"ТАКХС-Пф-2201";"14.03.2026";"СБ";"1 пара (08:30-09:45)";"УП.04 (УП утро 08:30-12:00) — 2 п/г, Кальчевская Наталья Владимировна, Лесная"
"ТАКХС-Пф-2201";"14.03.2026";"СБ";"2 пара (09:55-11:10)";"УП.04 (УП утро 08:30-12:00) — 2 п/г, Кальчевская Наталья Владимировна, Лесная"
"ТАКХС-Пф-2201";"14.03.2026";"СБ";"3 пара (11:30-12:45)";"ЛПЗ МДК.02.01 Основы качественного и количественного анализа природных и промышленных материалов — 1 п/г, Семенова Лилиана Ивановна, Лесная"
"ТАКХС-Пф-2201";"14.03.2026";"СБ";"4 пара (12:55-14:10)";"ЛПЗ МДК.01.01 Основы аналитической химии и физико-химических методов анализа — 1 п/г, Кальчевская Наталья Владимировна, Лесная"
"ТАКХС-Пф-2201";"14.03.2026";"СБ";"5 пара (14:20-15:30)";"ЛПЗ МДК.01.01 Основы аналитической химии и физико-химических методов анализа — 1 п/г, Кальчевская Наталья Владимировна, Лесная"
"ТАКХС-Пф-2201";"14.03.2026";"СБ";"6 пара (15:40-16:50)";"ЛПЗ МДК.01.01 Основы аналитической химии и физико-химических методов анализа — 1 п/г, Кальчевская Наталья Владимировна, Лесная"
"ТАКХС-Пф-2201";"14.03.2026";"СБ";"7 пара (17:00-18:10)";"ЛПЗ МДК.01.01 Основы аналитической химии и физико-химических методов анализа — 1 п/г, Кальчевская Наталья Владимировна, Лесная"
"ТАКХС-Пф-2201";"16.03.2026";"ПН";"1 пара (09:15-10:40)";"ЛПЗ МДК.01.01 Основы аналитической химии и физико-химических методов анализа — 1 п/г, Кальчевская Наталья Владимировна, Лесная | ЛПЗ МДК.02.01 Основы качественного и количественного анализа природных и промышленных материалов — 2 п/г, Семенова Лилиана Ивановна, Лесная"
"ТАКХС-Пф-2201";"16.03.2026";"ПН";"2 пара (10:50-12:15)";"ЛПЗ МДК.01.01 Основы аналитической химии и физико-химических методов анализа — 1 п/г, Кальчевская Наталья Владимировна, Лесная | ЛПЗ МДК.02.01 Основы качественного и количественного анализа природных и промышленных материалов — 2 п/г, Семенова Лилиана Ивановна, Лесная"
"ТАКХС-Пф-2201";"16.03.2026";"ПН";"3 пара (13:10-14:35)";"ЛПЗ МДК.01.01 Основы аналитической химии и физико-химических методов анализа — 1 п/г, Кальчевская Наталья Владимировна, Лесная | ЛПЗ МДК.02.01 Основы качественного и количественного анализа природных и промышленных материалов — 2 п/г, Семенова Лилиана Ивановна, Лесная"
"ТАКХС-Пф-2201";"16.03.2026";"ПН";"4 пара (14:45-16:10)";"ЛПЗ МДК.02.01 Основы качественного и количественного анализа природных и промышленных материалов — 1 п/г, Семенова Лилиана Ивановна, Лесная | ЛПЗ ВМДК.04.02 Химический анализ сырья, материалов и готовой продукции — 2 п/г, Кальчевская Наталья Владимировна, Лесная"
"ТАКХС-Пф-2201";"16.03.2026";"ПН";"5 пара (16:20-17:40)";"ЛПЗ МДК.02.01 Основы качественного и количественного анализа природных и промышленных материалов — 1 п/г, Семенова Лилиана Ивановна, Лесная | ЛПЗ ВМДК.04.02 Химический анализ сырья, материалов и готовой продукции — 2 п/г, Кальчевская Наталья Владимировна, Лесная"
"ТАКХС-Пф-2201";"16.03.2026";"ПН";"6 пара (17:50-19:10)";"-"
"ТАКХС-Пф-2201";"16.03.2026";"ПН";"7 пара (19:20-20:40)";"-"
"ТАКХС-Пф-2201";"17.03.2026";"ВТ";"1 пара (08:30-09:55)";"ЛПЗ МДК.02.01 Основы качественного и количественного анализа природных и промышленных материалов — 1 п/г, Семенова Лилиана Ивановна, Лесная"
"ТАКХС-Пф-2201";"17.03.2026";"ВТ";"2 пара (10:05-11:30)";"ЛПЗ МДК.02.01 Основы качественного и количественного анализа природных и промышленных материалов — 1 п/г, Семенова Лилиана Ивановна, Лесная"
"ТАКХС-Пф-2201";"17.03.2026";"ВТ";"3 пара (12:25-13:50)";"ЛПЗ МДК.02.01 Основы качественного и количественного анализа природных и промышленных материалов — 1 п/г, Семенова Лилиана Ивановна, Лесная | ЛПЗ ВМДК.04.02 Химический анализ сырья, материалов и готовой продукции — 2 п/г, Кальчевская Наталья Владимировна, Лесная"
"ТАКХС-Пф-2201";"17.03.2026";"ВТ";"4 пара (14:00-15:25)";"ЛПЗ МДК.02.01 Основы качественного и количественного анализа природных и промышленных материалов — 1 п/г, Семенова Лилиана Ивановна, Лесная | ЛПЗ ВМДК.04.02 Химический анализ сырья, материалов и готовой продукции — 2 п/г, Кальчевская Наталья Владимировна, Лесная"
"ТАКХС-Пф-2201";"17.03.2026";"ВТ";"5 пара (15:35-16:55)";"ЛПЗ МДК.02.01 Основы качественного и количественного анализа природных и промышленных материалов — 1 п/г, Семенова Лилиана Ивановна, Лесная | ЛПЗ ВМДК.04.02 Химический анализ сырья, материалов и готовой продукции — 2 п/г, Кальчевская Наталья Владимировна, Лесная"
"ТАКХС-Пф-2201";"17.03.2026";"ВТ";"6 пара (17:05-18:25)";"ЛПЗ МДК.02.01 Основы качественного и количественного анализа природных и промышленных материалов — 2 п/г, Семенова Лилиана Ивановна, Лесная"
"ТАКХС-Пф-2201";"17.03.2026";"ВТ";"7 пара (18:35-19:55)";"ЛПЗ МДК.02.01 Основы качественного и количественного анализа природных и промышленных материалов — 2 п/г, Семенова Лилиана Ивановна, Лесная"
"ТАКХС-Пф-2201";"18.03.2026";"СР";"1 пара (08:30-09:55)";"ЛПЗ МДК.02.01 Основы качественного и количественного анализа природных и промышленных материалов — 1 п/г, Семенова Лилиана Ивановна, Лесная"
"ТАКХС-Пф-2201";"18.03.2026";"СР";"2 пара (10:05-11:30)";"ЛПЗ МДК.02.01 Основы качественного и количественного анализа природных и промышленных материалов — 1 п/г, Семенова Лилиана Ивановна, Лесная"
"ТАКХС-Пф-2201";"18.03.2026";"СР";"3 пара (12:25-13:50)";"ЛПЗ МДК.02.01 Основы качественного и количественного анализа природных и промышленных материалов — 1 п/г, Семенова Лилиана Ивановна, Лесная | ЛПЗ ВМДК.04.02 Химический анализ сырья, материалов и готовой продукции — 2 п/г, Кальчевская Наталья Владимировна, Лесная"
"ТАКХС-Пф-2201";"18.03.2026";"СР";"4 пара (14:00-15:25)";"ЛПЗ МДК.02.01 Основы качественного и количественного анализа природных и промышленных материалов — 1 п/г, Семенова Лилиана Ивановна, Лесная | ЛПЗ ВМДК.04.02 Химический анализ сырья, материалов и готовой продукции — 2 п/г, Кальчевская Наталья Владимировна, Лесная"
"ТАКХС-Пф-2201";"18.03.2026";"СР";"5 пара (15:35-16:55)";"ЛПЗ МДК.02.01 Основы качественного и количественного анализа природных и промышленных материалов — 1 п/г, Семенова Лилиана Ивановна, Лесная | ЛПЗ ВМДК.04.02 Химический анализ сырья, материалов и готовой продукции — 2 п/г, Кальчевская Наталья Владимировна, Лесная"
"ТАКХС-Пф-2201";"18.03.2026";"СР";"6 пара (17:05-18:25)";"ЛПЗ МДК.02.01 Основы качественного и количественного анализа природных и промышленных материалов — 2 п/г, Семенова Лилиана Ивановна, Лесная"
"ТАКХС-Пф-2201";"18.03.2026";"СР";"7 пара (18:35-19:55)";"ЛПЗ МДК.02.01 Основы качественного и количественного анализа природных и промышленных материалов — 2 п/г, Семенова Лилиана Ивановна, Лесная"
"ТАКХС-Пф-2201";"19.03.2026";"ЧТ";"1 пара (08:30-09:55)";"ЛПЗ МДК.02.01 Основы качественного и количественного анализа природных и промышленных материалов — 1 п/г, Семенова Лилиана Ивановна, Лесная"
"ТАКХС-Пф-2201";"19.03.2026";"ЧТ";"2 пара (10:05-11:30)";"ЛПЗ МДК.02.01 Основы качественного и количественного анализа природных и промышленных материалов — 1 п/г, Семенова Лилиана Ивановна, Лесная"
"ТАКХС-Пф-2201";"19.03.2026";"ЧТ";"3 пара (12:25-13:50)";"ЛПЗ МДК.02.01 Основы качественного и количественного анализа природных и промышленных материалов — 1 п/г, Семенова Лилиана Ивановна, Лесная | ЛПЗ ВМДК.04.02 Химический анализ сырья, материалов и готовой продукции — 2 п/г, Кальчевская Наталья Владимировна, Лесная"
"ТАКХС-Пф-2201";"19.03.2026";"ЧТ";"4 пара (14:00-15:25)";"ЛПЗ МДК.02.01 Основы качественного и количественного анализа природных и промышленных материалов — 1 п/г, Семенова Лилиана Ивановна, Лесная | ЛПЗ ВМДК.04.02 Химический анализ сырья, материалов и готовой продукции — 2 п/г, Кальчевская Наталья Владимировна, Лесная"
"ТАКХС-Пф-2201";"19.03.2026";"ЧТ";"5 пара (15:35-16:55)";"ЛПЗ МДК.02.01 Основы качественного и количественного анализа природных и промышленных материалов — 1 п/г, Семенова Лилиана Ивановна, Лесная | ЛПЗ ВМДК.04.02 Химический анализ сырья, материалов и готовой продукции — 2 п/г, Кальчевская Наталья Владимировна, Лесная"
"ТАКХС-Пф-2201";"19.03.2026";"ЧТ";"6 пара (17:05-18:25)";"ЛПЗ МДК.02.01 Основы качественного и количественного анализа природных и промышленных материалов — 2 п/г, Семенова Лилиана Ивановна, Лесная"
"ТАКХС-Пф-2201";"19.03.2026";"ЧТ";"7 пара (18:35-19:55)";"ЛПЗ МДК.02.01 Основы качественного и количественного анализа природных и промышленных материалов — 2 п/г, Семенова Лилиана Ивановна, Лесная"
"ТАКХС-Пф-2201";"20.03.2026";"ПТ";"1 пара (08:30-09:55)";"ЛПЗ МДК.02.01 Основы качественного и количественного анализа природных и промышленных материалов — 2 п/г, Семенова Лилиана Ивановна, Лесная | УП.04 (УП утро 08:30-12:30) — 1 п/г, Кальчевская Наталья Владимировна, Лесная"
"ТАКХС-Пф-2201";"20.03.2026";"ПТ";"2 пара (10:05-11:30)";"ЛПЗ МДК.02.01 Основы качественного и количественного анализа природных и промышленных материалов — 2 п/г, Семенова Лилиана Ивановна, Лесная | УП.04 (УП утро 08:30-12:30) — 1 п/г, Кальчевская Наталья Владимировна, Лесная"
"ТАКХС-Пф-2201";"20.03.2026";"ПТ";"3 пара (12:25-13:50)";"ЛПЗ МДК.02.01 Основы качественного и количественного анализа природных и промышленных материалов — 2 п/г, Семенова Лилиана Ивановна, Лесная"
"ТАКХС-Пф-2201";"20.03.2026";"ПТ";"4 пара (14:00-15:25)";"ЛПЗ ВМДК.04.02 Химический анализ сырья, материалов и готовой продукции — 2 п/г, Кальчевская Наталья Владимировна, Лесная"
"ТАКХС-Пф-2201";"20.03.2026";"ПТ";"5 пара (15:35-16:55)";"ЛПЗ ВМДК.04.02 Химический анализ сырья, материалов и готовой продукции — 2 п/г, Кальчевская Наталья Владимировна, Лесная"
"ТАКХС-Пф-2201";"20.03.2026";"ПТ";"6 пара (17:05-18:25)";"-"
"ТАКХС-Пф-2201";"20.03.2026";"ПТ";"7 пара (18:35-19:55)";"-"
"ТАКХС-Пф-2201";"21.03.2026";"СБ";"1 пара (08:30-09:45)";"ЛПЗ МДК.02.01 Основы качественного и количественного анализа природных и промышленных материалов — 1 п/г, Семенова Лилиана Ивановна, Лесная | УП.04 (УП утро 08:30-12:00) — 2 п/г, Кальчевская Наталья Владимировна, Лесная"
"ТАКХС-Пф-2201";"21.03.2026";"СБ";"2 пара (09:55-11:10)";"ЛПЗ МДК.02.01 Основы качественного и количественного анализа природных и промышленных материалов — 1 п/г, Семенова Лилиана Ивановна, Лесная | УП.04 (УП утро 08:30-12:00) — 2 п/г, Кальчевская Наталья Владимировна, Лесная"
"ТАКХС-Пф-2201";"21.03.2026";"СБ";"3 пара (11:30-12:45)";"ЛПЗ МДК.02.01 Основы качественного и количественного анализа природных и промышленных материалов — 1 п/г, Семенова Лилиана Ивановна, Лесная"
"ТАКХС-Пф-2201";"21.03.2026";"СБ";"4 пара (12:55-14:10)";"ЛПЗ МДК.02.01 Основы качественного и количественного анализа природных и промышленных материалов — 1 п/г, Семенова Лилиана Ивановна, Лесная"
"ТАКХС-Пф-2201";"21.03.2026";"СБ";"5 пара (14:20-15:30)";"ЛПЗ МДК.02.01 Основы качественного и количественного анализа природных и промышленных материалов — 1 п/г, Семенова Лилиана Ивановна, Лесная"
"ТАКХС-Пф-2201";"21.03.2026";"СБ";"6 пара (15:40-16:50)";"-"
"ТАКХС-Пф-2201";"21.03.2026";"СБ";"7 пара (17:00-18:10)";"-"
"ТАКХС-Пф-2201";"23.03.2026";"ПН";"1 пара (09:15-10:40)";"МДК.02.01 Основы качественного и количественного анализа природных и промышленных материалов — вся группа, Семенова Лилиана Ивановна, Лесная"
"ТАКХС-Пф-2201";"23.03.2026";"ПН";"2 пара (10:50-12:15)";"ЛПЗ МДК.02.01 Основы качественного и количественного анализа природных и промышленных материалов — 1 п/г, Семенова Лилиана Ивановна, Лесная | ЛПЗ ВМДК.04.02 Химический анализ сырья, материалов и готовой продукции — 2 п/г, Кальчевская Наталья Владимировна, Лесная"
"ТАКХС-Пф-2201";"23.03.2026";"ПН";"3 пара (13:10-14:35)";"ЛПЗ МДК.02.01 Основы качественного и количественного анализа природных и промышленных материалов — 1 п/г, Семенова Лилиана Ивановна, Лесная | ЛПЗ ВМДК.04.02 Химический анализ сырья, материалов и готовой продукции — 2 п/г, Кальчевская Наталья Владимировна, Лесная"
"ТАКХС-Пф-2201";"23.03.2026";"ПН";"4 пара (14:45-16:10)";"ЛПЗ МДК.02.01 Основы качественного и количественного анализа природных и промышленных материалов — 1 п/г, Семенова Лилиана Ивановна, Лесная | ЛПЗ ВМДК.04.03 Основы приготовления проб и растворов различной концентрации — 2 п/г, Кальчевская Наталья Владимировна, Лесная"
"ТАКХС-Пф-2201";"23.03.2026";"ПН";"5 пара (16:20-17:40)";"ЛПЗ МДК.02.01 Основы качественного и количественного анализа природных и промышленных материалов — 1 п/г, Семенова Лилиана Ивановна, Лесная | ЛПЗ ВМДК.04.03 Основы приготовления проб и растворов различной концентрации — 2 п/г, Кальчевская Наталья Владимировна, Лесная"
"ТАКХС-Пф-2201";"23.03.2026";"ПН";"6 пара (17:50-19:10)";"-"
"ТАКХС-Пф-2201";"23.03.2026";"ПН";"7 пара (19:20-20:40)";"-"
"ТАКХС-Пф-2201";"24.03.2026";"ВТ";"1 пара (08:30-09:55)";"ЛПЗ МДК.02.01 Основы качественного и количественного анализа природных и промышленных материалов — 1 п/г, Семенова Лилиана Ивановна, Лесная | ЛПЗ ВМДК.04.03 Основы приготовления проб и растворов различной концентрации — 2 п/г, Кальчевская Наталья Владимировна, Лесная"
"ТАКХС-Пф-2201";"24.03.2026";"ВТ";"2 пара (10:05-11:30)";"ЛПЗ МДК.02.01 Основы качественного и количественного анализа природных и промышленных материалов — 1 п/г, Семенова Лилиана Ивановна, Лесная | ЛПЗ ВМДК.04.03 Основы приготовления проб и растворов различной концентрации — 2 п/г, Кальчевская Наталья Владимировна, Лесная"
"ТАКХС-Пф-2201";"24.03.2026";"ВТ";"3 пара (12:25-13:50)";"ЛПЗ МДК.02.01 Основы качественного и количественного анализа природных и промышленных материалов — 1 п/г, Семенова Лилиана Ивановна, Лесная | ЛПЗ ВМДК.04.03 Основы приготовления проб и растворов различной концентрации — 2 п/г, Кальчевская Наталья Владимировна, Лесная"
"ТАКХС-Пф-2201";"24.03.2026";"ВТ";"4 пара (14:00-15:25)";"ЛПЗ МДК.02.01 Основы качественного и количественного анализа природных и промышленных материалов — 1 п/г, Семенова Лилиана Ивановна, Лесная | ЛПЗ ВМДК.04.03 Основы приготовления проб и растворов различной концентрации — 2 п/г, Кальчевская Наталья Владимировна, Лесная"
"ТАКХС-Пф-2201";"24.03.2026";"ВТ";"5 пара (15:35-16:55)";"ЛПЗ МДК.02.01 Основы качественного и количественного анализа природных и промышленных материалов — 1 п/г, Семенова Лилиана Ивановна, Лесная | ЛПЗ ВМДК.04.03 Основы приготовления проб и растворов различной концентрации — 2 п/г, Кальчевская Наталья Владимировна, Лесная"
"ТАКХС-Пф-2201";"24.03.2026";"ВТ";"6 пара (17:05-18:25)";"-"
"ТАКХС-Пф-2201";"24.03.2026";"ВТ";"7 пара (18:35-19:55)";"-"
"ТАКХС-Пф-2201";"25.03.2026";"СР";"1 пара (08:30-09:55)";"ЛПЗ МДК.02.01 Основы качественного и количественного анализа природных и промышленных материалов — 1 п/г, Семенова Лилиана Ивановна, Лесная | ЛПЗ ВМДК.04.03 Основы приготовления проб и растворов различной концентрации — 2 п/г, Кальчевская Наталья Владимировна, Лесная"
"ТАКХС-Пф-2201";"25.03.2026";"СР";"2 пара (10:05-11:30)";"ЛПЗ МДК.02.01 Основы качественного и количественного анализа природных и промышленных материалов — 1 п/г, Семенова Лилиана Ивановна, Лесная | ЛПЗ ВМДК.04.03 Основы приготовления проб и растворов различной концентрации — 2 п/г, Кальчевская Наталья Владимировна, Лесная"
"ТАКХС-Пф-2201";"25.03.2026";"СР";"3 пара (12:25-13:50)";"ЛПЗ МДК.02.01 Основы качественного и количественного анализа природных и промышленных материалов — 1 п/г, Семенова Лилиана Ивановна, Лесная | ЛПЗ ВМДК.04.03 Основы приготовления проб и растворов различной концентрации — 2 п/г, Кальчевская Наталья Владимировна, Лесная"
"ТАКХС-Пф-2201";"25.03.2026";"СР";"4 пара (14:00-15:25)";"ВМДК.04.02 Химический анализ сырья, материалов и готовой продукции — вся группа, Кальчевская Наталья Владимировна, Лесная"
"ТАКХС-Пф-2201";"25.03.2026";"СР";"5 пара (15:35-16:55)";"ВМДК.04.02 Химический анализ сырья, материалов и готовой продукции — вся группа, Кальчевская Наталья Владимировна, Лесная"
"ТАКХС-Пф-2201";"25.03.2026";"СР";"6 пара (17:05-18:25)";"-"
"ТАКХС-Пф-2201";"25.03.2026";"СР";"7 пара (18:35-19:55)";"-"
"ТАКХС-Пф-2201";"26.03.2026";"ЧТ";"1 пара (08:30-09:55)";"ВМДК.04.02 Химический анализ сырья, материалов и готовой продукции — вся группа, Кальчевская Наталья Владимировна, Лесная"
"ТАКХС-Пф-2201";"26.03.2026";"ЧТ";"2 пара (10:05-11:30)";"ВМДК.04.02 Химический анализ сырья, материалов и готовой продукции — вся группа, Кальчевская Наталья Владимировна, Лесная"
"ТАКХС-Пф-2201";"26.03.2026";"ЧТ";"3 пара (12:25-13:50)";"ВМДК.04.02 Химический анализ сырья, материалов и готовой продукции — вся группа, Кальчевская Наталья Владимировна, Лесная"
"ТАКХС-Пф-2201";"26.03.2026";"ЧТ";"4 пара (14:00-15:25)";"ВМДК.04.02 Химический анализ сырья, материалов и готовой продукции — вся группа, Кальчевская Наталья Владимировна, Лесная"
"ТАКХС-Пф-2201";"26.03.2026";"ЧТ";"5 пара (15:35-16:55)";"ВМДК.04.02 Химический анализ сырья, материалов и готовой продукции — вся группа, Кальчевская Наталья Владимировна, Лесная"
"ТАКХС-Пф-2201";"26.03.2026";"ЧТ";"6 пара (17:05-18:25)";"-"
"ТАКХС-Пф-2201";"26.03.2026";"ЧТ";"7 пара (18:35-19:55)";"-"
"ТАКХС-Пф-2201";"27.03.2026";"ПТ";"1 пара (08:30-09:55)";"УП.04 (УП утро 08:30-12:30) — 1 п/г, Кальчевская Наталья Владимировна, Лесная"
"ТАКХС-Пф-2201";"27.03.2026";"ПТ";"2 пара (10:05-11:30)";"УП.04 (УП утро 08:30-12:30) — 1 п/г, Кальчевская Наталья Владимировна, Лесная"
"ТАКХС-Пф-2201";"27.03.2026";"ПТ";"3 пара (12:25-13:50)";"ЛПЗ ВМДК.04.04 Основы экологического контроля производства и технологического процесса — 2 п/г, Альшаева Алина Павловна, Лесная"
"ТАКХС-Пф-2201";"27.03.2026";"ПТ";"4 пара (14:00-15:25)";"ЛПЗ ВМДК.04.03 Основы приготовления проб и растворов различной концентрации — 2 п/г, Кальчевская Наталья Владимировна, Лесная"
"ТАКХС-Пф-2201";"27.03.2026";"ПТ";"5 пара (15:35-16:55)";"ЛПЗ ВМДК.04.03 Основы приготовления проб и растворов различной концентрации — 2 п/г, Кальчевская Наталья Владимировна, Лесная"
"ТАКХС-Пф-2201";"27.03.2026";"ПТ";"6 пара (17:05-18:25)";"ЛПЗ ВМДК.04.03 Основы приготовления проб и растворов различной концентрации — 2 п/г, Кальчевская Наталья Владимировна, Лесная"
"ТАКХС-Пф-2201";"27.03.2026";"ПТ";"7 пара (18:35-19:55)";"ЛПЗ ВМДК.04.03 Основы приготовления проб и растворов различной концентрации — 2 п/г, Кальчевская Наталья Владимировна, Лесная"
"ТАКХС-Пф-2201";"28.03.2026";"СБ";"1 пара (08:30-09:45)";"УП.04 (УП утро 08:30-12:00) — 2 п/г, Кальчевская Наталья Владимировна, Лесная"
"ТАКХС-Пф-2201";"28.03.2026";"СБ";"2 пара (09:55-11:10)";"УП.04 (УП утро 08:30-12:00) — 2 п/г, Кальчевская Наталья Владимировна, Лесная"
"ТАКХС-Пф-2201";"28.03.2026";"СБ";"3 пара (11:30-12:45)";"ЛПЗ ВМДК.04.04 Основы экологического контроля производства и технологического процесса — 1 п/г, Альшаева Алина Павловна, Лесная"
"ТАКХС-Пф-2201";"28.03.2026";"СБ";"4 пара (12:55-14:10)";"ЛПЗ ВМДК.04.02 Химический анализ сырья, материалов и готовой продукции — 1 п/г, Кальчевская Наталья Владимировна, Лесная"
"ТАКХС-Пф-2201";"28.03.2026";"СБ";"5 пара (14:20-15:30)";"ЛПЗ ВМДК.04.02 Химический анализ сырья, материалов и готовой продукции — 1 п/г, Кальчевская Наталья Владимировна, Лесная"
"ТАКХС-Пф-2201";"28.03.2026";"СБ";"6 пара (15:40-16:50)";"ЛПЗ ВМДК.04.02 Химический анализ сырья, материалов и готовой продукции — 1 п/г, Кальчевская Наталья Владимировна, Лесная"
"ТАКХС-Пф-2201";"28.03.2026";"СБ";"7 пара (17:00-18:10)";"ЛПЗ ВМДК.04.02 Химический анализ сырья, материалов и готовой продукции — 1 п/г, Кальчевская Наталья Владимировна, Лесная"
"ТАКХС-Пф-2201";"30.03.2026";"ПН";"1 пара (09:15-10:40)";"ВМДК.04.02 Химический анализ сырья, материалов и готовой продукции — вся группа, Кальчевская Наталья Владимировна, Лесная"
"ТАКХС-Пф-2201";"30.03.2026";"ПН";"2 пара (10:50-12:15)";"ВМДК.04.02 Химический анализ сырья, материалов и готовой продукции — вся группа, Кальчевская Наталья Владимировна, Лесная"
"ТАКХС-Пф-2201";"30.03.2026";"ПН";"3 пара (13:10-14:35)";"ВМДК.04.02 Химический анализ сырья, материалов и готовой продукции — вся группа, Кальчевская Наталья Владимировна, Лесная"
"ТАКХС-Пф-2201";"30.03.2026";"ПН";"4 пара (14:45-16:10)";"ВМДК.04.02 Химический анализ сырья, материалов и готовой продукции — вся группа, Кальчевская Наталья Владимировна, Лесная"
"ТАКХС-Пф-2201";"30.03.2026";"ПН";"5 пара (16:20-17:40)";"ВМДК.04.02 Химический анализ сырья, материалов и готовой продукции — вся группа, Кальчевская Наталья Владимировна, Лесная"
"ТАКХС-Пф-2201";"30.03.2026";"ПН";"6 пара (17:50-19:10)";"-"
"ТАКХС-Пф-2201";"30.03.2026";"ПН";"7 пара (19:20-20:40)";"-"
"ТАКХС-Пф-2201";"31.03.2026";"ВТ";"1 пара (08:30-09:55)";"ЛПЗ ВМДК.04.02 Химический анализ сырья, материалов и готовой продукции — 1 п/г, Кальчевская Наталья Владимировна, Лесная"
"ТАКХС-Пф-2201";"31.03.2026";"ВТ";"2 пара (10:05-11:30)";"ЛПЗ ВМДК.04.02 Химический анализ сырья, материалов и готовой продукции — 1 п/г, Кальчевская Наталья Владимировна, Лесная"
"ТАКХС-Пф-2201";"31.03.2026";"ВТ";"3 пара (12:25-13:50)";"ЛПЗ ВМДК.04.02 Химический анализ сырья, материалов и готовой продукции — 1 п/г, Кальчевская Наталья Владимировна, Лесная | ЛПЗ ВМДК.04.04 Основы экологического контроля производства и технологического процесса — 2 п/г, Альшаева Алина Павловна, Лесная"
"ТАКХС-Пф-2201";"31.03.2026";"ВТ";"4 пара (14:00-15:25)";"ЛПЗ ВМДК.04.02 Химический анализ сырья, материалов и готовой продукции — 1 п/г, Кальчевская Наталья Владимировна, Лесная | ЛПЗ ВМДК.04.04 Основы экологического контроля производства и технологического процесса — 2 п/г, Альшаева Алина Павловна, Лесная"
"ТАКХС-Пф-2201";"31.03.2026";"ВТ";"5 пара (15:35-16:55)";"ЛПЗ ВМДК.04.02 Химический анализ сырья, материалов и готовой продукции — 1 п/г, Кальчевская Наталья Владимировна, Лесная | ЛПЗ ВМДК.04.04 Основы экологического контроля производства и технологического процесса — 2 п/г, Альшаева Алина Павловна, Лесная"
"ТАКХС-Пф-2201";"31.03.2026";"ВТ";"6 пара (17:05-18:25)";"ЛПЗ ВМДК.04.03 Основы приготовления проб и растворов различной концентрации — 2 п/г, Кальчевская Наталья Владимировна, Лесная"
"ТАКХС-Пф-2201";"31.03.2026";"ВТ";"7 пара (18:35-19:55)";"ЛПЗ ВМДК.04.03 Основы приготовления проб и растворов различной концентрации — 2 п/г, Кальчевская Наталья Владимировна, Лесная"
"ТАКХС-Пф-2201";"01.04.2026";"СР";"1 пара (08:30-09:55)";"ЛПЗ ВМДК.04.02 Химический анализ сырья, материалов и готовой продукции — 1 п/г, Кальчевская Наталья Владимировна, Лесная"
"ТАКХС-Пф-2201";"01.04.2026";"СР";"2 пара (10:05-11:30)";"ЛПЗ ВМДК.04.02 Химический анализ сырья, материалов и готовой продукции — 1 п/г, Кальчевская Наталья Владимировна, Лесная"
"ТАКХС-Пф-2201";"01.04.2026";"СР";"3 пара (12:25-13:50)";"ЛПЗ ВМДК.04.02 Химический анализ сырья, материалов и готовой продукции — 1 п/г, Кальчевская Наталья Владимировна, Лесная | ЛПЗ ВМДК.04.04 Основы экологического контроля производства и технологического процесса — 2 п/г, Альшаева Алина Павловна, Лесная"
"ТАКХС-Пф-2201";"01.04.2026";"СР";"4 пара (14:00-15:25)";"ЛПЗ ВМДК.04.02 Химический анализ сырья, материалов и готовой продукции — 1 п/г, Кальчевская Наталья Владимировна, Лесная | ЛПЗ ВМДК.04.04 Основы экологического контроля производства и технологического процесса — 2 п/г, Альшаева Алина Павловна, Лесная"
"ТАКХС-Пф-2201";"01.04.2026";"СР";"5 пара (15:35-16:55)";"ЛПЗ ВМДК.04.02 Химический анализ сырья, материалов и готовой продукции — 1 п/г, Кальчевская Наталья Владимировна, Лесная | ЛПЗ ВМДК.04.04 Основы экологического контроля производства и технологического процесса — 2 п/г, Альшаева Алина Павловна, Лесная"
"ТАКХС-Пф-2201";"01.04.2026";"СР";"6 пара (17:05-18:25)";"ЛПЗ ВМДК.04.03 Основы приготовления проб и растворов различной концентрации — 2 п/г, Кальчевская Наталья Владимировна, Лесная"
"ТАКХС-Пф-2201";"01.04.2026";"СР";"7 пара (18:35-19:55)";"ЛПЗ ВМДК.04.03 Основы приготовления проб и растворов различной концентрации — 2 п/г, Кальчевская Наталья Владимировна, Лесная"
"ТАКХС-Пф-2201";"02.04.2026";"ЧТ";"1 пара (08:30-09:55)";"ЛПЗ ВМДК.04.02 Химический анализ сырья, материалов и готовой продукции — 1 п/г, Кальчевская Наталья Владимировна, Лесная"
"ТАКХС-Пф-2201";"02.04.2026";"ЧТ";"2 пара (10:05-11:30)";"ВМДК.04.03 Основы приготовления проб и растворов различной концентрации — вся группа, Кальчевская Наталья Владимировна, Лесная"
"ТАКХС-Пф-2201";"02.04.2026";"ЧТ";"3 пара (12:25-13:50)";"ВМДК.04.03 Основы приготовления проб и растворов различной концентрации — вся группа, Кальчевская Наталья Владимировна, Лесная"
"ТАКХС-Пф-2201";"02.04.2026";"ЧТ";"4 пара (14:00-15:25)";"ВМДК.04.03 Основы приготовления проб и растворов различной концентрации — вся группа, Кальчевская Наталья Владимировна, Лесная"
"ТАКХС-Пф-2201";"02.04.2026";"ЧТ";"5 пара (15:35-16:55)";"ВМДК.04.03 Основы приготовления проб и растворов различной концентрации — вся группа, Кальчевская Наталья Владимировна, Лесная"
"ТАКХС-Пф-2201";"02.04.2026";"ЧТ";"6 пара (17:05-18:25)";"ЛПЗ ВМДК.04.03 Основы приготовления проб и растворов различной концентрации — 2 п/г, Кальчевская Наталья Владимировна, Лесная"
"ТАКХС-Пф-2201";"02.04.2026";"ЧТ";"7 пара (18:35-19:55)";"-"
"ТАКХС-Пф-2201";"03.04.2026";"ПТ";"1 пара (08:30-09:55)";"УП.04 (УП утро 08:30-12:30) — 1 п/г, Кальчевская Наталья Владимировна, Лесная"
"ТАКХС-Пф-2201";"03.04.2026";"ПТ";"2 пара (10:05-11:30)";"УП.04 (УП утро 08:30-12:30) — 1 п/г, Кальчевская Наталья Владимировна, Лесная"
"ТАКХС-Пф-2201";"03.04.2026";"ПТ";"3 пара (12:25-13:50)";"-"
"ТАКХС-Пф-2201";"03.04.2026";"ПТ";"4 пара (14:00-15:25)";"ЛПЗ ВМДК.04.03 Основы приготовления проб и растворов различной концентрации — 2 п/г, Кальчевская Наталья Владимировна, Лесная"
"ТАКХС-Пф-2201";"03.04.2026";"ПТ";"5 пара (15:35-16:55)";"ЛПЗ ВМДК.04.03 Основы приготовления проб и растворов различной концентрации — 2 п/г, Кальчевская Наталья Владимировна, Лесная"
"ТАКХС-Пф-2201";"03.04.2026";"ПТ";"6 пара (17:05-18:25)";"ЛПЗ ВМДК.04.03 Основы приготовления проб и растворов различной концентрации — 2 п/г, Кальчевская Наталья Владимировна, Лесная"
"ТАКХС-Пф-2201";"03.04.2026";"ПТ";"7 пара (18:35-19:55)";"ЛПЗ ВМДК.04.03 Основы приготовления проб и растворов различной концентрации — 2 п/г, Кальчевская Наталья Владимировна, Лесная"
"ТАКХС-Пф-2201";"04.04.2026";"СБ";"1 пара (08:30-09:45)";"УП.04 (УП утро 08:30-12:00) — 2 п/г, Кальчевская Наталья Владимировна, Лесная"
"ТАКХС-Пф-2201";"04.04.2026";"СБ";"2 пара (09:55-11:10)";"УП.04 (УП утро 08:30-12:00) — 2 п/г, Кальчевская Наталья Владимировна, Лесная"
"ТАКХС-Пф-2201";"04.04.2026";"СБ";"3 пара (11:30-12:45)";"ЛПЗ ВМДК.04.04 Основы экологического контроля производства и технологического процесса — 1 п/г, Альшаева Алина Павловна, Лесная"
"ТАКХС-Пф-2201";"04.04.2026";"СБ";"4 пара (12:55-14:10)";"ЛПЗ ВМДК.04.03 Основы приготовления проб и растворов различной концентрации — 1 п/г, Кальчевская Наталья Владимировна, Лесная"
"ТАКХС-Пф-2201";"04.04.2026";"СБ";"5 пара (14:20-15:30)";"ЛПЗ ВМДК.04.03 Основы приготовления проб и растворов различной концентрации — 1 п/г, Кальчевская Наталья Владимировна, Лесная"
"ТАКХС-Пф-2201";"04.04.2026";"СБ";"6 пара (15:40-16:50)";"ЛПЗ ВМДК.04.03 Основы приготовления проб и растворов различной концентрации — 1 п/г, Кальчевская Наталья Владимировна, Лесная"
"ТАКХС-Пф-2201";"04.04.2026";"СБ";"7 пара (17:00-18:10)";"ЛПЗ ВМДК.04.03 Основы приготовления проб и растворов различной концентрации — 1 п/г, Кальчевская Наталья Владимировна, Лесная"
"ТАКХС-Пф-2201";"06.04.2026";"ПН";"1 пара (09:15-10:40)";"ВМДК.04.03 Основы приготовления проб и растворов различной концентрации — вся группа, Кальчевская Наталья Владимировна, Лесная"
"ТАКХС-Пф-2201";"06.04.2026";"ПН";"2 пара (10:50-12:15)";"ВМДК.04.03 Основы приготовления проб и растворов различной концентрации — вся группа, Кальчевская Наталья Владимировна, Лесная"
"ТАКХС-Пф-2201";"06.04.2026";"ПН";"3 пара (13:10-14:35)";"ВМДК.04.03 Основы приготовления проб и растворов различной концентрации — вся группа, Кальчевская Наталья Владимировна, Лесная"
"ТАКХС-Пф-2201";"06.04.2026";"ПН";"4 пара (14:45-16:10)";"ВМДК.04.03 Основы приготовления проб и растворов различной концентрации — вся группа, Кальчевская Наталья Владимировна, Лесная"
"ТАКХС-Пф-2201";"06.04.2026";"ПН";"5 пара (16:20-17:40)";"ВМДК.04.03 Основы приготовления проб и растворов различной концентрации — вся группа, Кальчевская Наталья Владимировна, Лесная"
"ТАКХС-Пф-2201";"06.04.2026";"ПН";"6 пара (17:50-19:10)";"-"
"ТАКХС-Пф-2201";"06.04.2026";"ПН";"7 пара (19:20-20:40)";"-"
"ТАКХС-Пф-2201";"07.04.2026";"ВТ";"1 пара (08:30-09:55)";"ВМДК.04.03 Основы приготовления проб и растворов различной концентрации — вся группа, Кальчевская Наталья Владимировна, Лесная"
"ТАКХС-Пф-2201";"07.04.2026";"ВТ";"2 пара (10:05-11:30)";"ВМДК.04.03 Основы приготовления проб и растворов различной концентрации — вся группа, Кальчевская Наталья Владимировна, Лесная"
"ТАКХС-Пф-2201";"07.04.2026";"ВТ";"3 пара (12:25-13:50)";"ВМДК.04.03 Основы приготовления проб и растворов различной концентрации — вся группа, Кальчевская Наталья Владимировна, Лесная"
"ТАКХС-Пф-2201";"07.04.2026";"ВТ";"4 пара (14:00-15:25)";"ВМДК.04.03 Основы приготовления проб и растворов различной концентрации — вся группа, Кальчевская Наталья Владимировна, Лесная"
"ТАКХС-Пф-2201";"07.04.2026";"ВТ";"5 пара (15:35-16:55)";"ВМДК.04.03 Основы приготовления проб и растворов различной концентрации — вся группа, Кальчевская Наталья Владимировна, Лесная"
"ТАКХС-Пф-2201";"07.04.2026";"ВТ";"6 пара (17:05-18:25)";"-"
"ТАКХС-Пф-2201";"07.04.2026";"ВТ";"7 пара (18:35-19:55)";"-"
"ТАКХС-Пф-2201";"08.04.2026";"СР";"1 пара (08:30-09:55)";"ВМДК.04.03 Основы приготовления проб и растворов различной концентрации — вся группа, Кальчевская Наталья Владимировна, Лесная"
"ТАКХС-Пф-2201";"08.04.2026";"СР";"2 пара (10:05-11:30)";"ВМДК.04.03 Основы приготовления проб и растворов различной концентрации — вся группа, Кальчевская Наталья Владимировна, Лесная"
"ТАКХС-Пф-2201";"08.04.2026";"СР";"3 пара (12:25-13:50)";"ВМДК.04.03 Основы приготовления проб и растворов различной концентрации — вся группа, Кальчевская Наталья Владимировна, Лесная"
"ТАКХС-Пф-2201";"08.04.2026";"СР";"4 пара (14:00-15:25)";"ВМДК.04.03 Основы приготовления проб и растворов различной концентрации — вся группа, Кальчевская Наталья Владимировна, Лесная"
"ТАКХС-Пф-2201";"08.04.2026";"СР";"5 пара (15:35-16:55)";"ВМДК.04.03 Основы приготовления проб и растворов различной концентрации — вся группа, Кальчевская Наталья Владимировна, Лесная"
"ТАКХС-Пф-2201";"08.04.2026";"СР";"6 пара (17:05-18:25)";"-"
"ТАКХС-Пф-2201";"08.04.2026";"СР";"7 пара (18:35-19:55)";"-"
"ТАКХС-Пф-2201";"09.04.2026";"ЧТ";"1 пара (08:30-09:55)";"ВМДК.04.03 Основы приготовления проб и растворов различной концентрации — вся группа, Кальчевская Наталья Владимировна, Лесная"
"ТАКХС-Пф-2201";"09.04.2026";"ЧТ";"2 пара (10:05-11:30)";"ВМДК.04.03 Основы приготовления проб и растворов различной концентрации — вся группа, Кальчевская Наталья Владимировна, Лесная"
"ТАКХС-Пф-2201";"09.04.2026";"ЧТ";"3 пара (12:25-13:50)";"ВМДК.04.03 Основы приготовления проб и растворов различной концентрации — вся группа, Кальчевская Наталья Владимировна, Лесная"
"ТАКХС-Пф-2201";"09.04.2026";"ЧТ";"4 пара (14:00-15:25)";"ВМДК.04.03 Основы приготовления проб и растворов различной концентрации — вся группа, Кальчевская Наталья Владимировна, Лесная"
"ТАКХС-Пф-2201";"09.04.2026";"ЧТ";"5 пара (15:35-16:55)";"ВМДК.04.03 Основы приготовления проб и растворов различной концентрации — вся группа, Кальчевская Наталья Владимировна, Лесная"
"ТАКХС-Пф-2201";"09.04.2026";"ЧТ";"6 пара (17:05-18:25)";"-"
"ТАКХС-Пф-2201";"09.04.2026";"ЧТ";"7 пара (18:35-19:55)";"-"
"ТАКХС-Пф-2201";"10.04.2026";"ПТ";"1 пара (08:30-09:55)";"УП.04 (УП утро 08:30-12:30) — 1 п/г, Кальчевская Наталья Владимировна, Лесная"
"ТАКХС-Пф-2201";"10.04.2026";"ПТ";"2 пара (10:05-11:30)";"УП.04 (УП утро 08:30-12:30) — 1 п/г, Кальчевская Наталья Владимировна, Лесная"
"ТАКХС-Пф-2201";"10.04.2026";"ПТ";"3 пара (12:25-13:50)";"-"
"ТАКХС-Пф-2201";"10.04.2026";"ПТ";"4 пара (14:00-15:25)";"-"
"ТАКХС-Пф-2201";"10.04.2026";"ПТ";"5 пара (15:35-16:55)";"-"
"ТАКХС-Пф-2201";"10.04.2026";"ПТ";"6 пара (17:05-18:25)";"-"
"ТАКХС-Пф-2201";"10.04.2026";"ПТ";"7 пара (18:35-19:55)";"-"
"ТАКХС-Пф-2201";"11.04.2026";"СБ";"1 пара (08:30-09:45)";"УП.04 (УП утро 08:30-12:00) — 2 п/г, Кальчевская Наталья Владимировна, Лесная"
"ТАКХС-Пф-2201";"11.04.2026";"СБ";"2 пара (09:55-11:10)";"УП.04 (УП утро 08:30-12:00) — 2 п/г, Кальчевская Наталья Владимировна, Лесная"
"ТАКХС-Пф-2201";"11.04.2026";"СБ";"3 пара (11:30-12:45)";"ЛПЗ ВМДК.04.04 Основы экологического контроля производства и технологического процесса — 1 п/г, Альшаева Алина Павловна, Лесная"
"ТАКХС-Пф-2201";"11.04.2026";"СБ";"4 пара (12:55-14:10)";"ЛПЗ ВМДК.04.03 Основы приготовления проб и растворов различной концентрации — 1 п/г, Кальчевская Наталья Владимировна, Лесная"
"ТАКХС-Пф-2201";"11.04.2026";"СБ";"5 пара (14:20-15:30)";"ЛПЗ ВМДК.04.03 Основы приготовления проб и растворов различной концентрации — 1 п/г, Кальчевская Наталья Владимировна, Лесная"
"ТАКХС-Пф-2201";"11.04.2026";"СБ";"6 пара (15:40-16:50)";"ЛПЗ ВМДК.04.03 Основы приготовления проб и растворов различной концентрации — 1 п/г, Кальчевская Наталья Владимировна, Лесная"
"ТАКХС-Пф-2201";"11.04.2026";"СБ";"7 пара (17:00-18:10)";"ЛПЗ ВМДК.04.03 Основы приготовления проб и растворов различной концентрации — 1 п/г, Кальчевская Наталья Владимировна, Лесная"
"ТАКХС-Пф-2201";"13.04.2026";"ПН";"1 пара (09:15-10:40)";"ВМДК.04.03 Основы приготовления проб и растворов различной концентрации — вся группа, Кальчевская Наталья Владимировна, Лесная"
"ТАКХС-Пф-2201";"13.04.2026";"ПН";"2 пара (10:50-12:15)";"ВМДК.04.03 Основы приготовления проб и растворов различной концентрации — вся группа, Кальчевская Наталья Владимировна, Лесная"
"ТАКХС-Пф-2201";"13.04.2026";"ПН";"3 пара (13:10-14:35)";"ВМДК.04.03 Основы приготовления проб и растворов различной концентрации — вся группа, Кальчевская Наталья Владимировна, Лесная"
"ТАКХС-Пф-2201";"13.04.2026";"ПН";"4 пара (14:45-16:10)";"ВМДК.04.03 Основы приготовления проб и растворов различной концентрации — вся группа, Кальчевская Наталья Владимировна, Лесная"
"ТАКХС-Пф-2201";"13.04.2026";"ПН";"5 пара (16:20-17:40)";"ВМДК.04.03 Основы приготовления проб и растворов различной концентрации — вся группа, Кальчевская Наталья Владимировна, Лесная"
"ТАКХС-Пф-2201";"13.04.2026";"ПН";"6 пара (17:50-19:10)";"-"
"ТАКХС-Пф-2201";"13.04.2026";"ПН";"7 пара (19:20-20:40)";"-"
"ТАКХС-Пф-2201";"14.04.2026";"ВТ";"1 пара (08:30-09:55)";"ВМДК.04.03 Основы приготовления проб и растворов различной концентрации — вся группа, Кальчевская Наталья Владимировна, Лесная"
"ТАКХС-Пф-2201";"14.04.2026";"ВТ";"2 пара (10:05-11:30)";"ВМДК.04.03 Основы приготовления проб и растворов различной концентрации — вся группа, Кальчевская Наталья Владимировна, Лесная"
"ТАКХС-Пф-2201";"14.04.2026";"ВТ";"3 пара (12:25-13:50)";"ВМДК.04.03 Основы приготовления проб и растворов различной концентрации — вся группа, Кальчевская Наталья Владимировна, Лесная"
"ТАКХС-Пф-2201";"14.04.2026";"ВТ";"4 пара (14:00-15:25)";"ВМДК.04.03 Основы приготовления проб и растворов различной концентрации — вся группа, Кальчевская Наталья Владимировна, Лесная"
"ТАКХС-Пф-2201";"14.04.2026";"ВТ";"5 пара (15:35-16:55)";"ВМДК.04.03 Основы приготовления проб и растворов различной концентрации — вся группа, Кальчевская Наталья Владимировна, Лесная"
"ТАКХС-Пф-2201";"14.04.2026";"ВТ";"6 пара (17:05-18:25)";"-"
"ТАКХС-Пф-2201";"14.04.2026";"ВТ";"7 пара (18:35-19:55)";"-"
"ТАКХС-Пф-2201";"15.04.2026";"СР";"1 пара (08:30-09:55)";"ВМДК.04.03 Основы приготовления проб и растворов различной концентрации — вся группа, Кальчевская Наталья Владимировна, Лесная"
"ТАКХС-Пф-2201";"15.04.2026";"СР";"2 пара (10:05-11:30)";"ЛПЗ ВМДК.04.03 Основы приготовления проб и растворов различной концентрации — 1 п/г, Кальчевская Наталья Владимировна, Лесная | ЛПЗ ВМДК.04.04 Основы экологического контроля производства и технологического процесса — 2 п/г, Альшаева Алина Павловна, Лесная"
"ТАКХС-Пф-2201";"15.04.2026";"СР";"3 пара (12:25-13:50)";"ЛПЗ ВМДК.04.03 Основы приготовления проб и растворов различной концентрации — 1 п/г, Кальчевская Наталья Владимировна, Лесная"
"ТАКХС-Пф-2201";"15.04.2026";"СР";"4 пара (14:00-15:25)";"ЛПЗ ВМДК.04.03 Основы приготовления проб и растворов различной концентрации — 1 п/г, Кальчевская Наталья Владимировна, Лесная"
"ТАКХС-Пф-2201";"15.04.2026";"СР";"5 пара (15:35-16:55)";"ЛПЗ ВМДК.04.03 Основы приготовления проб и растворов различной концентрации — 1 п/г, Кальчевская Наталья Владимировна, Лесная"
"ТАКХС-Пф-2201";"15.04.2026";"СР";"6 пара (17:05-18:25)";"-"
"ТАКХС-Пф-2201";"15.04.2026";"СР";"7 пара (18:35-19:55)";"-"
"ТАКХС-Пф-2201";"16.04.2026";"ЧТ";"1 пара (08:30-09:55)";"ЛПЗ ВМДК.04.03 Основы приготовления проб и растворов различной концентрации — 1 п/г, Кальчевская Наталья Владимировна, Лесная"
"ТАКХС-Пф-2201";"16.04.2026";"ЧТ";"2 пара (10:05-11:30)";"ЛПЗ ВМДК.04.03 Основы приготовления проб и растворов различной концентрации — 1 п/г, Кальчевская Наталья Владимировна, Лесная"
"ТАКХС-Пф-2201";"16.04.2026";"ЧТ";"3 пара (12:25-13:50)";"ЛПЗ ВМДК.04.03 Основы приготовления проб и растворов различной концентрации — 1 п/г, Кальчевская Наталья Владимировна, Лесная"
"ТАКХС-Пф-2201";"16.04.2026";"ЧТ";"4 пара (14:00-15:25)";"ЛПЗ ВМДК.04.03 Основы приготовления проб и растворов различной концентрации — 1 п/г, Кальчевская Наталья Владимировна, Лесная"
"ТАКХС-Пф-2201";"16.04.2026";"ЧТ";"5 пара (15:35-16:55)";"ЛПЗ ВМДК.04.03 Основы приготовления проб и растворов различной концентрации — 1 п/г, Кальчевская Наталья Владимировна, Лесная"
"ТАКХС-Пф-2201";"16.04.2026";"ЧТ";"6 пара (17:05-18:25)";"-"
"ТАКХС-Пф-2201";"16.04.2026";"ЧТ";"7 пара (18:35-19:55)";"-"
"ТАКХС-Пф-2201";"17.04.2026";"ПТ";"1 пара (08:30-09:55)";"УП.04 (УП утро 08:30-12:30) — 1 п/г, Кальчевская Наталья Владимировна, Лесная"
"ТАКХС-Пф-2201";"17.04.2026";"ПТ";"2 пара (10:05-11:30)";"УП.04 (УП утро 08:30-12:30) — 1 п/г, Кальчевская Наталья Владимировна, Лесная"
"ТАКХС-Пф-2201";"17.04.2026";"ПТ";"3 пара (12:25-13:50)";"-"
"ТАКХС-Пф-2201";"17.04.2026";"ПТ";"4 пара (14:00-15:25)";"-"
"ТАКХС-Пф-2201";"17.04.2026";"ПТ";"5 пара (15:35-16:55)";"-"
"ТАКХС-Пф-2201";"17.04.2026";"ПТ";"6 пара (17:05-18:25)";"-"
"ТАКХС-Пф-2201";"17.04.2026";"ПТ";"7 пара (18:35-19:55)";"-"
"ТАКХС-Пф-2201";"18.04.2026";"СБ";"1 пара (08:30-09:45)";"УП.04 (УП утро 08:30-12:00) — 2 п/г, Кальчевская Наталья Владимировна, Лесная"
"ТАКХС-Пф-2201";"18.04.2026";"СБ";"2 пара (09:55-11:10)";"УП.04 (УП утро 08:30-12:00) — 2 п/г, Кальчевская Наталья Владимировна, Лесная"
"ТАКХС-Пф-2201";"18.04.2026";"СБ";"3 пара (11:30-12:45)";"ЛПЗ ВМДК.04.04 Основы экологического контроля производства и технологического процесса — 1 п/г, Альшаева Алина Павловна, Лесная"
"ТАКХС-Пф-2201";"18.04.2026";"СБ";"4 пара (12:55-14:10)";"ЛПЗ ВМДК.04.03 Основы приготовления проб и растворов различной концентрации — 1 п/г, Кальчевская Наталья Владимировна, Лесная"
"ТАКХС-Пф-2201";"18.04.2026";"СБ";"5 пара (14:20-15:30)";"ЛПЗ ВМДК.04.03 Основы приготовления проб и растворов различной концентрации — 1 п/г, Кальчевская Наталья Владимировна, Лесная"
"ТАКХС-Пф-2201";"18.04.2026";"СБ";"6 пара (15:40-16:50)";"ЛПЗ ВМДК.04.03 Основы приготовления проб и растворов различной концентрации — 1 п/г, Кальчевская Наталья Владимировна, Лесная"
"ТАКХС-Пф-2201";"18.04.2026";"СБ";"7 пара (17:00-18:10)";"ЛПЗ ВМДК.04.03 Основы приготовления проб и растворов различной концентрации — 1 п/г, Кальчевская Наталья Владимировна, Лесная"
"ТАКХС-Пф-2201";"20.04.2026";"ПН";"1 пара (09:15-10:40)";"ЛПЗ ВМДК.04.03 Основы приготовления проб и растворов различной концентрации — 1 п/г, Кальчевская Наталья Владимировна, Лесная"
"ТАКХС-Пф-2201";"20.04.2026";"ПН";"2 пара (10:50-12:15)";"ЛПЗ ВМДК.04.03 Основы приготовления проб и растворов различной концентрации — 1 п/г, Кальчевская Наталья Владимировна, Лесная"
"ТАКХС-Пф-2201";"20.04.2026";"ПН";"3 пара (13:10-14:35)";"ВМДК.04.04 Основы экологического контроля производства и технологического процесса — вся группа, Альшаева Алина Павловна, Лесная"
"ТАКХС-Пф-2201";"20.04.2026";"ПН";"4 пара (14:45-16:10)";"ВМДК.04.04 Основы экологического контроля производства и технологического процесса — вся группа, Альшаева Алина Павловна, Лесная"
"ТАКХС-Пф-2201";"20.04.2026";"ПН";"5 пара (16:20-17:40)";"ВМДК.04.04 Основы экологического контроля производства и технологического процесса — вся группа, Альшаева Алина Павловна, Лесная"
"ТАКХС-Пф-2201";"20.04.2026";"ПН";"6 пара (17:50-19:10)";"-"
"ТАКХС-Пф-2201";"20.04.2026";"ПН";"7 пара (19:20-20:40)";"-"
"ТАКХС-Пф-2201";"21.04.2026";"ВТ";"1 пара (08:30-09:55)";"ВМДК.04.04 Основы экологического контроля производства и технологического процесса — вся группа, Альшаева Алина Павловна, Лесная"
"ТАКХС-Пф-2201";"21.04.2026";"ВТ";"2 пара (10:05-11:30)";"ВМДК.04.04 Основы экологического контроля производства и технологического процесса — вся группа, Альшаева Алина Павловна, Лесная"
"ТАКХС-Пф-2201";"21.04.2026";"ВТ";"3 пара (12:25-13:50)";"ВМДК.04.04 Основы экологического контроля производства и технологического процесса — вся группа, Альшаева Алина Павловна, Лесная"
"ТАКХС-Пф-2201";"21.04.2026";"ВТ";"4 пара (14:00-15:25)";"ВМДК.04.04 Основы экологического контроля производства и технологического процесса — вся группа, Альшаева Алина Павловна, Лесная"
"ТАКХС-Пф-2201";"21.04.2026";"ВТ";"5 пара (15:35-16:55)";"ВМДК.04.04 Основы экологического контроля производства и технологического процесса — вся группа, Альшаева Алина Павловна, Лесная"
"ТАКХС-Пф-2201";"21.04.2026";"ВТ";"6 пара (17:05-18:25)";"-"
"ТАКХС-Пф-2201";"21.04.2026";"ВТ";"7 пара (18:35-19:55)";"-"
"ТАКХС-Пф-2201";"22.04.2026";"СР";"1 пара (08:30-09:55)";"ВМДК.04.04 Основы экологического контроля производства и технологического процесса — вся группа, Альшаева Алина Павловна, Лесная"
"ТАКХС-Пф-2201";"22.04.2026";"СР";"2 пара (10:05-11:30)";"ВМДК.04.04 Основы экологического контроля производства и технологического процесса — вся группа, Альшаева Алина Павловна, Лесная"
"ТАКХС-Пф-2201";"22.04.2026";"СР";"3 пара (12:25-13:50)";"ВМДК.04.04 Основы экологического контроля производства и технологического процесса — вся группа, Альшаева Алина Павловна, Лесная"
"ТАКХС-Пф-2201";"22.04.2026";"СР";"4 пара (14:00-15:25)";"ВМДК.04.04 Основы экологического контроля производства и технологического процесса — вся группа, Альшаева Алина Павловна, Лесная"
"ТАКХС-Пф-2201";"22.04.2026";"СР";"5 пара (15:35-16:55)";"ЛПЗ ВМДК.04.04 Основы экологического контроля производства и технологического процесса — 1 п/г, Альшаева Алина Павловна, Лесная"
"ТАКХС-Пф-2201";"22.04.2026";"СР";"6 пара (17:05-18:25)";"-"
"ТАКХС-Пф-2201";"22.04.2026";"СР";"7 пара (18:35-19:55)";"-"
"ТАКХС-Пф-2201";"23.04.2026";"ЧТ";"1 пара (08:30-09:55)";"ЛПЗ ВМДК.04.04 Основы экологического контроля производства и технологического процесса — 1 п/г, Альшаева Алина Павловна, Лесная"
"ТАКХС-Пф-2201";"23.04.2026";"ЧТ";"2 пара (10:05-11:30)";"ЛПЗ ВМДК.04.04 Основы экологического контроля производства и технологического процесса — 1 п/г, Альшаева Алина Павловна, Лесная"
"ТАКХС-Пф-2201";"23.04.2026";"ЧТ";"3 пара (12:25-13:50)";"ЛПЗ ВМДК.04.04 Основы экологического контроля производства и технологического процесса — 1 п/г, Альшаева Алина Павловна, Лесная"
"ТАКХС-Пф-2201";"23.04.2026";"ЧТ";"4 пара (14:00-15:25)";"-"
"ТАКХС-Пф-2201";"23.04.2026";"ЧТ";"5 пара (15:35-16:55)";"-"
"ТАКХС-Пф-2201";"23.04.2026";"ЧТ";"6 пара (17:05-18:25)";"-"
"ТАКХС-Пф-2201";"23.04.2026";"ЧТ";"7 пара (18:35-19:55)";"-"
"ТАКХС-Пф-2201";"24.04.2026";"ПТ";"1 пара (08:30-09:55)";"УП.04 (УП утро 08:30-12:30) — 2 п/г, Кальчевская Наталья Владимировна, Лесная"
"ТАКХС-Пф-2201";"24.04.2026";"ПТ";"2 пара (10:05-11:30)";"УП.04 (УП утро 08:30-12:30) — 2 п/г, Кальчевская Наталья Владимировна, Лесная"
"ТАКХС-Пф-2201";"24.04.2026";"ПТ";"3 пара (12:25-13:50)";"-"
"ТАКХС-Пф-2201";"24.04.2026";"ПТ";"4 пара (14:00-15:25)";"-"
"ТАКХС-Пф-2201";"24.04.2026";"ПТ";"5 пара (15:35-16:55)";"-"
"ТАКХС-Пф-2201";"24.04.2026";"ПТ";"6 пара (17:05-18:25)";"-"
"ТАКХС-Пф-2201";"24.04.2026";"ПТ";"7 пара (18:35-19:55)";"-"
"ТАКХС-Пф-2201";"30.04.2026";"ЧТ";"1 пара (08:30-09:55)";"УП.04 (УП утро 08:30-12:30) — 2 п/г, Кальчевская Наталья Владимировна, Лесная"
"ТАКХС-Пф-2201";"30.04.2026";"ЧТ";"2 пара (10:05-11:30)";"УП.04 (УП утро 08:30-12:30) — 2 п/г, Кальчевская Наталья Владимировна, Лесная"
"ТАКХС-Пф-2201";"30.04.2026";"ЧТ";"3 пара (12:25-13:50)";"-"
"ТАКХС-Пф-2201";"30.04.2026";"ЧТ";"4 пара (14:00-15:25)";"-"
"ТАКХС-Пф-2201";"30.04.2026";"ЧТ";"5 пара (15:35-16:55)";"-"
"ТАКХС-Пф-2201";"30.04.2026";"ЧТ";"6 пара (17:05-18:25)";"-"
"ТАКХС-Пф-2201";"30.04.2026";"ЧТ";"7 пара (18:35-19:55)";"-"
"ТАКХС-Пф-2201";"04.05.2026";"ПН";"1 пара (09:15-10:40)";"УП.04 (УП утро 09:00-13:00) — 2 п/г, Кальчевская Наталья Владимировна, Лесная"
"ТАКХС-Пф-2201";"04.05.2026";"ПН";"2 пара (10:50-12:15)";"УП.04 (УП утро 09:00-13:00) — 2 п/г, Кальчевская Наталья Владимировна, Лесная"
"ТАКХС-Пф-2201";"04.05.2026";"ПН";"3 пара (13:10-14:35)";"-"
"ТАКХС-Пф-2201";"04.05.2026";"ПН";"4 пара (14:45-16:10)";"-"
"ТАКХС-Пф-2201";"04.05.2026";"ПН";"5 пара (16:20-17:40)";"-"
"ТАКХС-Пф-2201";"04.05.2026";"ПН";"6 пара (17:50-19:10)";"-"
"ТАКХС-Пф-2201";"04.05.2026";"ПН";"7 пара (19:20-20:40)";"-"
"ТАКХС-Пф-2201";"11.05.2026";"ПН";"1 пара (09:15-10:40)";"УП.04 (УП утро 09:00-13:00) — 2 п/г, Кальчевская Наталья Владимировна, Лесная"
"ТАКХС-Пф-2201";"11.05.2026";"ПН";"2 пара (10:50-12:15)";"УП.04 (УП утро 09:00-13:00) — 2 п/г, Кальчевская Наталья Владимировна, Лесная"
"ТАКХС-Пф-2201";"11.05.2026";"ПН";"3 пара (13:10-14:35)";"-"
"ТАКХС-Пф-2201";"11.05.2026";"ПН";"4 пара (14:45-16:10)";"-"
"ТАКХС-Пф-2201";"11.05.2026";"ПН";"5 пара (16:20-17:40)";"-"
"ТАКХС-Пф-2201";"11.05.2026";"ПН";"6 пара (17:50-19:10)";"-"
"ТАКХС-Пф-2201";"11.05.2026";"ПН";"7 пара (19:20-20:40)";"-"
"ТАКХС-Пф-2201";"18.05.2026";"ПН";"1 пара (09:15-10:40)";"УП.04 (УП утро 09:00-13:00) — 2 п/г, Кальчевская Наталья Владимировна, Лесная"
"ТАКХС-Пф-2201";"18.05.2026";"ПН";"2 пара (10:50-12:15)";"УП.04 (УП утро 09:00-13:00) — 2 п/г, Кальчевская Наталья Владимировна, Лесная"
"ТАКХС-Пф-2201";"18.05.2026";"ПН";"3 пара (13:10-14:35)";"-"
"ТАКХС-Пф-2201";"18.05.2026";"ПН";"4 пара (14:45-16:10)";"-"
"ТАКХС-Пф-2201";"18.05.2026";"ПН";"5 пара (16:20-17:40)";"-"
"ТАКХС-Пф-2201";"18.05.2026";"ПН";"6 пара (17:50-19:10)";"-"
"ТАКХС-Пф-2201";"18.05.2026";"ПН";"7 пара (19:20-20:40)";"-"
"МЦМ-Пф-201";"12.01.2026";"ПН";"1 пара (09:15-10:40)";"География — вся группа, Кропотова Анастасия Андреевна, Лесная"
"МЦМ-Пф-201";"12.01.2026";"ПН";"2 пара (10:50-12:15)";"География — вся группа, Кропотова Анастасия Андреевна, Лесная"
"МЦМ-Пф-201";"12.01.2026";"ПН";"3 пара (13:10-14:35)";"География — вся группа, Кропотова Анастасия Андреевна, Лесная"
"МЦМ-Пф-201";"12.01.2026";"ПН";"4 пара (14:45-16:10)";"География — вся группа, Кропотова Анастасия Андреевна, Лесная"
"МЦМ-Пф-201";"12.01.2026";"ПН";"5 пара (16:20-17:40)";"География — вся группа, Кропотова Анастасия Андреевна, Лесная"
"МЦМ-Пф-201";"12.01.2026";"ПН";"6 пара (17:50-19:10)";"-"
"МЦМ-Пф-201";"12.01.2026";"ПН";"7 пара (19:20-20:40)";"-"
"МЦМ-Пф-201";"13.01.2026";"ВТ";"1 пара (08:30-09:55)";"География — вся группа, Кропотова Анастасия Андреевна, Лесная"
"МЦМ-Пф-201";"13.01.2026";"ВТ";"2 пара (10:05-11:30)";"География — вся группа, Кропотова Анастасия Андреевна, Лесная"
"МЦМ-Пф-201";"13.01.2026";"ВТ";"3 пара (12:25-13:50)";"География — вся группа, Кропотова Анастасия Андреевна, Лесная"
"МЦМ-Пф-201";"13.01.2026";"ВТ";"4 пара (14:00-15:25)";"География — вся группа, Кропотова Анастасия Андреевна, Лесная"
"МЦМ-Пф-201";"13.01.2026";"ВТ";"5 пара (15:35-16:55)";"Химия — вся группа, Семенова Лилиана Ивановна, Лесная"
"МЦМ-Пф-201";"13.01.2026";"ВТ";"6 пара (17:05-18:25)";"-"
"МЦМ-Пф-201";"13.01.2026";"ВТ";"7 пара (18:35-19:55)";"-"
"МЦМ-Пф-201";"14.01.2026";"СР";"1 пара (08:30-09:55)";"Химия — вся группа, Семенова Лилиана Ивановна, Лесная"
"МЦМ-Пф-201";"14.01.2026";"СР";"2 пара (10:05-11:30)";"Химия — вся группа, Семенова Лилиана Ивановна, Лесная"
"МЦМ-Пф-201";"14.01.2026";"СР";"3 пара (12:25-13:50)";"Химия — вся группа, Семенова Лилиана Ивановна, Лесная"
"МЦМ-Пф-201";"14.01.2026";"СР";"4 пара (14:00-15:25)";"Химия — вся группа, Семенова Лилиана Ивановна, Лесная"
"МЦМ-Пф-201";"14.01.2026";"СР";"5 пара (15:35-16:55)";"Химия — вся группа, Семенова Лилиана Ивановна, Лесная"
"МЦМ-Пф-201";"14.01.2026";"СР";"6 пара (17:05-18:25)";"-"
"МЦМ-Пф-201";"14.01.2026";"СР";"7 пара (18:35-19:55)";"-"
"МЦМ-Пф-201";"15.01.2026";"ЧТ";"1 пара (08:30-09:55)";"Химия — вся группа, Семенова Лилиана Ивановна, Лесная"
"МЦМ-Пф-201";"15.01.2026";"ЧТ";"2 пара (10:05-11:30)";"Химия — вся группа, Семенова Лилиана Ивановна, Лесная"
"МЦМ-Пф-201";"15.01.2026";"ЧТ";"3 пара (12:25-13:50)";"Химия — вся группа, Семенова Лилиана Ивановна, Лесная"
"МЦМ-Пф-201";"15.01.2026";"ЧТ";"4 пара (14:00-15:25)";"Физическая культура — вся группа, Нуров Мирзо Нуралиевич, Лесная"
"МЦМ-Пф-201";"15.01.2026";"ЧТ";"5 пара (15:35-16:55)";"Физическая культура — вся группа, Нуров Мирзо Нуралиевич, Лесная"
"МЦМ-Пф-201";"15.01.2026";"ЧТ";"6 пара (17:05-18:25)";"-"
"МЦМ-Пф-201";"15.01.2026";"ЧТ";"7 пара (18:35-19:55)";"-"
"МЦМ-Пф-201";"16.01.2026";"ПТ";"1 пара (08:30-09:55)";"УП.02 (УП утро 08:30-12:30) — 1 п/г, Попова Татьяна Вильевна, Лесная"
"МЦМ-Пф-201";"16.01.2026";"ПТ";"2 пара (10:05-11:30)";"УП.02 (УП утро 08:30-12:30) — 1 п/г, Попова Татьяна Вильевна, Лесная"
"МЦМ-Пф-201";"16.01.2026";"ПТ";"3 пара (12:25-13:50)";"Информационные технологии в профессиональной деятельности — 2 п/г, Галузин Антон Илюсович, Лесная"
"МЦМ-Пф-201";"16.01.2026";"ПТ";"4 пара (14:00-15:25)";"Информационные технологии в профессиональной деятельности — 2 п/г, Галузин Антон Илюсович, Лесная"
"МЦМ-Пф-201";"16.01.2026";"ПТ";"5 пара (15:35-16:55)";"Иностранный язык в профессиональной деятельности — 2 п/г, Давыдова Валентина Алексеевна, Лесная"
"МЦМ-Пф-201";"16.01.2026";"ПТ";"6 пара (17:05-18:25)";"Иностранный язык в профессиональной деятельности — 2 п/г, Давыдова Валентина Алексеевна, Лесная"
"МЦМ-Пф-201";"16.01.2026";"ПТ";"7 пара (18:35-19:55)";"Иностранный язык в профессиональной деятельности — 2 п/г, Давыдова Валентина Алексеевна, Лесная"
"МЦМ-Пф-201";"17.01.2026";"СБ";"1 пара (08:30-09:45)";"Иностранный язык в профессиональной деятельности — 1 п/г, Давыдова Валентина Алексеевна, Лесная | УП.02 (УП утро 08:30-12:00) — 2 п/г, Попова Татьяна Вильевна, Лесная"
"МЦМ-Пф-201";"17.01.2026";"СБ";"2 пара (09:55-11:10)";"Иностранный язык в профессиональной деятельности — 1 п/г, Давыдова Валентина Алексеевна, Лесная | УП.02 (УП утро 08:30-12:00) — 2 п/г, Попова Татьяна Вильевна, Лесная"
"МЦМ-Пф-201";"17.01.2026";"СБ";"3 пара (11:30-12:45)";"Иностранный язык в профессиональной деятельности — 1 п/г, Давыдова Валентина Алексеевна, Лесная"
"МЦМ-Пф-201";"17.01.2026";"СБ";"4 пара (12:55-14:10)";"Иностранный язык в профессиональной деятельности — 1 п/г, Давыдова Валентина Алексеевна, Лесная"
"МЦМ-Пф-201";"17.01.2026";"СБ";"5 пара (14:20-15:30)";"Иностранный язык в профессиональной деятельности — 1 п/г, Давыдова Валентина Алексеевна, Лесная"
"МЦМ-Пф-201";"17.01.2026";"СБ";"6 пара (15:40-16:50)";"-"
"МЦМ-Пф-201";"17.01.2026";"СБ";"7 пара (17:00-18:10)";"-"
"МЦМ-Пф-201";"19.01.2026";"ПН";"1 пара (09:15-10:40)";"История России — вся группа, Цимфер Татьяна Ивановна, Лесная"
"МЦМ-Пф-201";"19.01.2026";"ПН";"2 пара (10:50-12:15)";"История России — вся группа, Цимфер Татьяна Ивановна, Лесная"
"МЦМ-Пф-201";"19.01.2026";"ПН";"3 пара (13:10-14:35)";"История России — вся группа, Цимфер Татьяна Ивановна, Лесная"
"МЦМ-Пф-201";"19.01.2026";"ПН";"4 пара (14:45-16:10)";"История России — вся группа, Цимфер Татьяна Ивановна, Лесная"
"МЦМ-Пф-201";"19.01.2026";"ПН";"5 пара (16:20-17:40)";"История России — вся группа, Цимфер Татьяна Ивановна, Лесная"
"МЦМ-Пф-201";"19.01.2026";"ПН";"6 пара (17:50-19:10)";"-"
"МЦМ-Пф-201";"19.01.2026";"ПН";"7 пара (19:20-20:40)";"-"
"МЦМ-Пф-201";"20.01.2026";"ВТ";"1 пара (08:30-09:55)";"История России — вся группа, Цимфер Татьяна Ивановна, Лесная"
"МЦМ-Пф-201";"20.01.2026";"ВТ";"2 пара (10:05-11:30)";"История России — вся группа, Цимфер Татьяна Ивановна, Лесная"
"МЦМ-Пф-201";"20.01.2026";"ВТ";"3 пара (12:25-13:50)";"История России — вся группа, Цимфер Татьяна Ивановна, Лесная"
"МЦМ-Пф-201";"20.01.2026";"ВТ";"4 пара (14:00-15:25)";"История России — вся группа, Цимфер Татьяна Ивановна, Лесная"
"МЦМ-Пф-201";"20.01.2026";"ВТ";"5 пара (15:35-16:55)";"История России — вся группа, Цимфер Татьяна Ивановна, Лесная"
"МЦМ-Пф-201";"20.01.2026";"ВТ";"6 пара (17:05-18:25)";"-"
"МЦМ-Пф-201";"20.01.2026";"ВТ";"7 пара (18:35-19:55)";"-"
"МЦМ-Пф-201";"21.01.2026";"СР";"1 пара (08:30-09:55)";"Иностранный язык в профессиональной деятельности — 2 п/г, Давыдова Валентина Алексеевна, Лесная | УП.02 (УП утро 08:30-12:30) — 1 п/г, Попова Татьяна Вильевна, Лесная"
"МЦМ-Пф-201";"21.01.2026";"СР";"2 пара (10:05-11:30)";"Иностранный язык в профессиональной деятельности — 2 п/г, Давыдова Валентина Алексеевна, Лесная | УП.02 (УП утро 08:30-12:30) — 1 п/г, Попова Татьяна Вильевна, Лесная"
"МЦМ-Пф-201";"21.01.2026";"СР";"3 пара (12:25-13:50)";"Иностранный язык в профессиональной деятельности — 2 п/г, Давыдова Валентина Алексеевна, Лесная"
"МЦМ-Пф-201";"21.01.2026";"СР";"4 пара (14:00-15:25)";"Иностранный язык в профессиональной деятельности — 2 п/г, Давыдова Валентина Алексеевна, Лесная"
"МЦМ-Пф-201";"21.01.2026";"СР";"5 пара (15:35-16:55)";"Иностранный язык в профессиональной деятельности — 2 п/г, Давыдова Валентина Алексеевна, Лесная"
"МЦМ-Пф-201";"21.01.2026";"СР";"6 пара (17:05-18:25)";"-"
"МЦМ-Пф-201";"21.01.2026";"СР";"7 пара (18:35-19:55)";"-"
"МЦМ-Пф-201";"22.01.2026";"ЧТ";"1 пара (08:30-09:55)";"Иностранный язык в профессиональной деятельности — 1 п/г, Давыдова Валентина Алексеевна, Лесная | УП.02 (УП утро 08:30-12:30) — 2 п/г, Попова Татьяна Вильевна, Лесная"
"МЦМ-Пф-201";"22.01.2026";"ЧТ";"2 пара (10:05-11:30)";"Иностранный язык в профессиональной деятельности — 1 п/г, Давыдова Валентина Алексеевна, Лесная | УП.02 (УП утро 08:30-12:30) — 2 п/г, Попова Татьяна Вильевна, Лесная"
"МЦМ-Пф-201";"22.01.2026";"ЧТ";"3 пара (12:25-13:50)";"Иностранный язык в профессиональной деятельности — 1 п/г, Давыдова Валентина Алексеевна, Лесная"
"МЦМ-Пф-201";"22.01.2026";"ЧТ";"4 пара (14:00-15:25)";"Иностранный язык в профессиональной деятельности — 1 п/г, Давыдова Валентина Алексеевна, Лесная"
"МЦМ-Пф-201";"22.01.2026";"ЧТ";"5 пара (15:35-16:55)";"Иностранный язык в профессиональной деятельности — 1 п/г, Давыдова Валентина Алексеевна, Лесная"
"МЦМ-Пф-201";"22.01.2026";"ЧТ";"6 пара (17:05-18:25)";"-"
"МЦМ-Пф-201";"22.01.2026";"ЧТ";"7 пара (18:35-19:55)";"-"
"МЦМ-Пф-201";"23.01.2026";"ПТ";"1 пара (08:30-09:55)";"Иностранный язык в профессиональной деятельности — 2 п/г, Давыдова Валентина Алексеевна, Лесная | УП.03 (УП утро 08:30-12:30) — 1 п/г, Письмак Владимир Николаевич, Лесная"
"МЦМ-Пф-201";"23.01.2026";"ПТ";"2 пара (10:05-11:30)";"Иностранный язык в профессиональной деятельности — 2 п/г, Давыдова Валентина Алексеевна, Лесная | УП.03 (УП утро 08:30-12:30) — 1 п/г, Письмак Владимир Николаевич, Лесная"
"МЦМ-Пф-201";"23.01.2026";"ПТ";"3 пара (12:25-13:50)";"Иностранный язык в профессиональной деятельности — 2 п/г, Давыдова Валентина Алексеевна, Лесная"
"МЦМ-Пф-201";"23.01.2026";"ПТ";"4 пара (14:00-15:25)";"Иностранный язык в профессиональной деятельности — 2 п/г, Давыдова Валентина Алексеевна, Лесная"
"МЦМ-Пф-201";"23.01.2026";"ПТ";"5 пара (15:35-16:55)";"Иностранный язык в профессиональной деятельности — 2 п/г, Давыдова Валентина Алексеевна, Лесная"
"МЦМ-Пф-201";"23.01.2026";"ПТ";"6 пара (17:05-18:25)";"-"
"МЦМ-Пф-201";"23.01.2026";"ПТ";"7 пара (18:35-19:55)";"-"
"МЦМ-Пф-201";"24.01.2026";"СБ";"1 пара (08:30-09:45)";"Иностранный язык в профессиональной деятельности — 1 п/г, Давыдова Валентина Алексеевна, Лесная | УП.03 (УП утро 08:30-12:00) — 2 п/г, Письмак Владимир Николаевич, Лесная"
"МЦМ-Пф-201";"24.01.2026";"СБ";"2 пара (09:55-11:10)";"Иностранный язык в профессиональной деятельности — 1 п/г, Давыдова Валентина Алексеевна, Лесная | УП.03 (УП утро 08:30-12:00) — 2 п/г, Письмак Владимир Николаевич, Лесная"
"МЦМ-Пф-201";"24.01.2026";"СБ";"3 пара (11:30-12:45)";"Иностранный язык в профессиональной деятельности — 1 п/г, Давыдова Валентина Алексеевна, Лесная"
"МЦМ-Пф-201";"24.01.2026";"СБ";"4 пара (12:55-14:10)";"Иностранный язык в профессиональной деятельности — 1 п/г, Давыдова Валентина Алексеевна, Лесная"
"МЦМ-Пф-201";"24.01.2026";"СБ";"5 пара (14:20-15:30)";"Иностранный язык в профессиональной деятельности — 1 п/г, Давыдова Валентина Алексеевна, Лесная"
"МЦМ-Пф-201";"24.01.2026";"СБ";"6 пара (15:40-16:50)";"-"
"МЦМ-Пф-201";"24.01.2026";"СБ";"7 пара (17:00-18:10)";"-"
"МЦМ-Пф-201";"26.01.2026";"ПН";"1 пара (09:15-10:40)";"История России — вся группа, Цимфер Татьяна Ивановна, Лесная"
"МЦМ-Пф-201";"26.01.2026";"ПН";"2 пара (10:50-12:15)";"История России — вся группа, Цимфер Татьяна Ивановна, Лесная"
"МЦМ-Пф-201";"26.01.2026";"ПН";"3 пара (13:10-14:35)";"История России — вся группа, Цимфер Татьяна Ивановна, Лесная"
"МЦМ-Пф-201";"26.01.2026";"ПН";"4 пара (14:45-16:10)";"История России — вся группа, Цимфер Татьяна Ивановна, Лесная"
"МЦМ-Пф-201";"26.01.2026";"ПН";"5 пара (16:20-17:40)";"История России — вся группа, Цимфер Татьяна Ивановна, Лесная"
"МЦМ-Пф-201";"26.01.2026";"ПН";"6 пара (17:50-19:10)";"-"
"МЦМ-Пф-201";"26.01.2026";"ПН";"7 пара (19:20-20:40)";"-"
"МЦМ-Пф-201";"27.01.2026";"ВТ";"1 пара (08:30-09:55)";"История России — вся группа, Цимфер Татьяна Ивановна, Лесная"
"МЦМ-Пф-201";"27.01.2026";"ВТ";"2 пара (10:05-11:30)";"История России — вся группа, Цимфер Татьяна Ивановна, Лесная"
"МЦМ-Пф-201";"27.01.2026";"ВТ";"3 пара (12:25-13:50)";"История России — вся группа, Цимфер Татьяна Ивановна, Лесная"
"МЦМ-Пф-201";"27.01.2026";"ВТ";"4 пара (14:00-15:25)";"Иностранный язык в профессиональной деятельности — 1 п/г, Давыдова Валентина Алексеевна, Лесная | Информационные технологии в профессиональной деятельности — 2 п/г, Галузин Антон Илюсович, Лесная"
"МЦМ-Пф-201";"27.01.2026";"ВТ";"5 пара (15:35-16:55)";"Иностранный язык в профессиональной деятельности — 1 п/г, Давыдова Валентина Алексеевна, Лесная | Информационные технологии в профессиональной деятельности — 2 п/г, Галузин Антон Илюсович, Лесная"
"МЦМ-Пф-201";"27.01.2026";"ВТ";"6 пара (17:05-18:25)";"-"
"МЦМ-Пф-201";"27.01.2026";"ВТ";"7 пара (18:35-19:55)";"-"
"МЦМ-Пф-201";"28.01.2026";"СР";"1 пара (08:30-09:55)";"Иностранный язык в профессиональной деятельности — 2 п/г, Давыдова Валентина Алексеевна, Лесная | УП.03 (УП утро 08:30-12:30) — 1 п/г, Письмак Владимир Николаевич, Лесная"
"МЦМ-Пф-201";"28.01.2026";"СР";"2 пара (10:05-11:30)";"Иностранный язык в профессиональной деятельности — 2 п/г, Давыдова Валентина Алексеевна, Лесная | УП.03 (УП утро 08:30-12:30) — 1 п/г, Письмак Владимир Николаевич, Лесная"
"МЦМ-Пф-201";"28.01.2026";"СР";"3 пара (12:25-13:50)";"Иностранный язык в профессиональной деятельности — 2 п/г, Давыдова Валентина Алексеевна, Лесная"
"МЦМ-Пф-201";"28.01.2026";"СР";"4 пара (14:00-15:25)";"Иностранный язык в профессиональной деятельности — 2 п/г, Давыдова Валентина Алексеевна, Лесная"
"МЦМ-Пф-201";"28.01.2026";"СР";"5 пара (15:35-16:55)";"Иностранный язык в профессиональной деятельности — 2 п/г, Давыдова Валентина Алексеевна, Лесная"
"МЦМ-Пф-201";"28.01.2026";"СР";"6 пара (17:05-18:25)";"-"
"МЦМ-Пф-201";"28.01.2026";"СР";"7 пара (18:35-19:55)";"-"
"МЦМ-Пф-201";"29.01.2026";"ЧТ";"1 пара (08:30-09:55)";"Иностранный язык в профессиональной деятельности — 1 п/г, Давыдова Валентина Алексеевна, Лесная | УП.03 (УП утро 08:30-12:30) — 2 п/г, Письмак Владимир Николаевич, Лесная"
"МЦМ-Пф-201";"29.01.2026";"ЧТ";"2 пара (10:05-11:30)";"Иностранный язык в профессиональной деятельности — 1 п/г, Давыдова Валентина Алексеевна, Лесная | УП.03 (УП утро 08:30-12:30) — 2 п/г, Письмак Владимир Николаевич, Лесная"
"МЦМ-Пф-201";"29.01.2026";"ЧТ";"3 пара (12:25-13:50)";"Иностранный язык в профессиональной деятельности — 1 п/г, Давыдова Валентина Алексеевна, Лесная"
"МЦМ-Пф-201";"29.01.2026";"ЧТ";"4 пара (14:00-15:25)";"Иностранный язык в профессиональной деятельности — 1 п/г, Давыдова Валентина Алексеевна, Лесная"
"МЦМ-Пф-201";"29.01.2026";"ЧТ";"5 пара (15:35-16:55)";"Иностранный язык в профессиональной деятельности — 1 п/г, Давыдова Валентина Алексеевна, Лесная"
"МЦМ-Пф-201";"29.01.2026";"ЧТ";"6 пара (17:05-18:25)";"-"
"МЦМ-Пф-201";"29.01.2026";"ЧТ";"7 пара (18:35-19:55)";"-"
"МЦМ-Пф-201";"30.01.2026";"ПТ";"1 пара (08:30-09:55)";"Иностранный язык в профессиональной деятельности — 2 п/г, Давыдова Валентина Алексеевна, Лесная | Информационные технологии в профессиональной деятельности — 1 п/г, Галузин Антон Илюсович, Лесная"
"МЦМ-Пф-201";"30.01.2026";"ПТ";"2 пара (10:05-11:30)";"Иностранный язык в профессиональной деятельности — 2 п/г, Давыдова Валентина Алексеевна, Лесная | Информационные технологии в профессиональной деятельности — 1 п/г, Галузин Антон Илюсович, Лесная"
"МЦМ-Пф-201";"30.01.2026";"ПТ";"3 пара (12:25-13:50)";"Иностранный язык в профессиональной деятельности — 2 п/г, Давыдова Валентина Алексеевна, Лесная | Информационные технологии в профессиональной деятельности — 1 п/г, Галузин Антон Илюсович, Лесная"
"МЦМ-Пф-201";"30.01.2026";"ПТ";"4 пара (14:00-15:25)";"Иностранный язык в профессиональной деятельности — 2 п/г, Давыдова Валентина Алексеевна, Лесная | Информационные технологии в профессиональной деятельности — 1 п/г, Галузин Антон Илюсович, Лесная"
"МЦМ-Пф-201";"30.01.2026";"ПТ";"5 пара (15:35-16:55)";"Физическая культура — вся группа, Нуров Мирзо Нуралиевич, Лесная"
"МЦМ-Пф-201";"30.01.2026";"ПТ";"6 пара (17:05-18:25)";"-"
"МЦМ-Пф-201";"30.01.2026";"ПТ";"7 пара (18:35-19:55)";"-"
"МЦМ-Пф-201";"31.01.2026";"СБ";"1 пара (08:30-09:45)";"Физическая культура — вся группа, Нуров Мирзо Нуралиевич, Лесная"
"МЦМ-Пф-201";"31.01.2026";"СБ";"2 пара (09:55-11:10)";"Физическая культура — вся группа, Нуров Мирзо Нуралиевич, Лесная"
"МЦМ-Пф-201";"31.01.2026";"СБ";"3 пара (11:30-12:45)";"Физическая культура — вся группа, Нуров Мирзо Нуралиевич, Лесная"
"МЦМ-Пф-201";"31.01.2026";"СБ";"4 пара (12:55-14:10)";"Физическая культура — вся группа, Нуров Мирзо Нуралиевич, Лесная"
"МЦМ-Пф-201";"31.01.2026";"СБ";"5 пара (14:20-15:30)";"Физическая культура — вся группа, Нуров Мирзо Нуралиевич, Лесная"
"МЦМ-Пф-201";"31.01.2026";"СБ";"6 пара (15:40-16:50)";"-"
"МЦМ-Пф-201";"31.01.2026";"СБ";"7 пара (17:00-18:10)";"-"
"МЦМ-Пф-201";"02.02.2026";"ПН";"1 пара (09:15-10:40)";"Физическая культура — вся группа, Нуров Мирзо Нуралиевич, Лесная"
"МЦМ-Пф-201";"02.02.2026";"ПН";"2 пара (10:50-12:15)";"Физическая культура — вся группа, Нуров Мирзо Нуралиевич, Лесная"
"МЦМ-Пф-201";"02.02.2026";"ПН";"3 пара (13:10-14:35)";"Физическая культура — вся группа, Нуров Мирзо Нуралиевич, Лесная"
"МЦМ-Пф-201";"02.02.2026";"ПН";"4 пара (14:45-16:10)";"Физическая культура — вся группа, Нуров Мирзо Нуралиевич, Лесная"
"МЦМ-Пф-201";"02.02.2026";"ПН";"5 пара (16:20-17:40)";"Физическая культура — вся группа, Нуров Мирзо Нуралиевич, Лесная"
"МЦМ-Пф-201";"02.02.2026";"ПН";"6 пара (17:50-19:10)";"-"
"МЦМ-Пф-201";"02.02.2026";"ПН";"7 пара (19:20-20:40)";"-"
"МЦМ-Пф-201";"03.02.2026";"ВТ";"1 пара (08:30-09:55)";"Физическая культура — вся группа, Нуров Мирзо Нуралиевич, Лесная"
"МЦМ-Пф-201";"03.02.2026";"ВТ";"2 пара (10:05-11:30)";"Физическая культура — вся группа, Нуров Мирзо Нуралиевич, Лесная"
"МЦМ-Пф-201";"03.02.2026";"ВТ";"3 пара (12:25-13:50)";"Физическая культура — вся группа, Нуров Мирзо Нуралиевич, Лесная"
"МЦМ-Пф-201";"03.02.2026";"ВТ";"4 пара (14:00-15:25)";"Физическая культура — вся группа, Нуров Мирзо Нуралиевич, Лесная"
"МЦМ-Пф-201";"03.02.2026";"ВТ";"5 пара (15:35-16:55)";"Физическая культура — вся группа, Нуров Мирзо Нуралиевич, Лесная"
"МЦМ-Пф-201";"03.02.2026";"ВТ";"6 пара (17:05-18:25)";"-"
"МЦМ-Пф-201";"03.02.2026";"ВТ";"7 пара (18:35-19:55)";"-"
"МЦМ-Пф-201";"04.02.2026";"СР";"1 пара (08:30-09:55)";"Информационные технологии в профессиональной деятельности — 2 п/г, Галузин Антон Илюсович, Лесная | УП.03 (УП утро 08:30-12:30) — 1 п/г, Письмак Владимир Николаевич, Лесная"
"МЦМ-Пф-201";"04.02.2026";"СР";"2 пара (10:05-11:30)";"Информационные технологии в профессиональной деятельности — 2 п/г, Галузин Антон Илюсович, Лесная | УП.03 (УП утро 08:30-12:30) — 1 п/г, Письмак Владимир Николаевич, Лесная"
"МЦМ-Пф-201";"04.02.2026";"СР";"3 пара (12:25-13:50)";"Информационные технологии в профессиональной деятельности — 2 п/г, Галузин Антон Илюсович, Лесная"
"МЦМ-Пф-201";"04.02.2026";"СР";"4 пара (14:00-15:25)";"Информационные технологии в профессиональной деятельности — 2 п/г, Галузин Антон Илюсович, Лесная"
"МЦМ-Пф-201";"04.02.2026";"СР";"5 пара (15:35-16:55)";"Информационные технологии в профессиональной деятельности — 2 п/г, Галузин Антон Илюсович, Лесная"
"МЦМ-Пф-201";"04.02.2026";"СР";"6 пара (17:05-18:25)";"-"
"МЦМ-Пф-201";"04.02.2026";"СР";"7 пара (18:35-19:55)";"-"
"МЦМ-Пф-201";"05.02.2026";"ЧТ";"1 пара (08:30-09:55)";"Информационные технологии в профессиональной деятельности — 1 п/г, Галузин Антон Илюсович, Лесная | УП.03 (УП утро 08:30-12:30) — 2 п/г, Письмак Владимир Николаевич, Лесная"
"МЦМ-Пф-201";"05.02.2026";"ЧТ";"2 пара (10:05-11:30)";"Информационные технологии в профессиональной деятельности — 1 п/г, Галузин Антон Илюсович, Лесная | УП.03 (УП утро 08:30-12:30) — 2 п/г, Письмак Владимир Николаевич, Лесная"
"МЦМ-Пф-201";"05.02.2026";"ЧТ";"3 пара (12:25-13:50)";"Информационные технологии в профессиональной деятельности — 1 п/г, Галузин Антон Илюсович, Лесная"
"МЦМ-Пф-201";"05.02.2026";"ЧТ";"4 пара (14:00-15:25)";"Информационные технологии в профессиональной деятельности — 1 п/г, Галузин Антон Илюсович, Лесная"
"МЦМ-Пф-201";"05.02.2026";"ЧТ";"5 пара (15:35-16:55)";"Информационные технологии в профессиональной деятельности — 1 п/г, Галузин Антон Илюсович, Лесная"
"МЦМ-Пф-201";"05.02.2026";"ЧТ";"6 пара (17:05-18:25)";"-"
"МЦМ-Пф-201";"05.02.2026";"ЧТ";"7 пара (18:35-19:55)";"-"
"МЦМ-Пф-201";"06.02.2026";"ПТ";"1 пара (08:30-09:55)";"Физическая культура — вся группа, Нуров Мирзо Нуралиевич, Лесная"
"МЦМ-Пф-201";"06.02.2026";"ПТ";"2 пара (10:05-11:30)";"Физическая культура — вся группа, Нуров Мирзо Нуралиевич, Лесная"
"МЦМ-Пф-201";"06.02.2026";"ПТ";"3 пара (12:25-13:50)";"Физическая культура — вся группа, Нуров Мирзо Нуралиевич, Лесная"
"МЦМ-Пф-201";"06.02.2026";"ПТ";"4 пара (14:00-15:25)";"Физическая культура — вся группа, Нуров Мирзо Нуралиевич, Лесная"
"МЦМ-Пф-201";"06.02.2026";"ПТ";"5 пара (15:35-16:55)";"Физическая культура — вся группа, Нуров Мирзо Нуралиевич, Лесная"
"МЦМ-Пф-201";"06.02.2026";"ПТ";"6 пара (17:05-18:25)";"-"
"МЦМ-Пф-201";"06.02.2026";"ПТ";"7 пара (18:35-19:55)";"-"
"МЦМ-Пф-201";"07.02.2026";"СБ";"1 пара (08:30-09:45)";"Физическая культура — вся группа, Нуров Мирзо Нуралиевич, Лесная"
"МЦМ-Пф-201";"07.02.2026";"СБ";"2 пара (09:55-11:10)";"Физическая культура — вся группа, Нуров Мирзо Нуралиевич, Лесная"
"МЦМ-Пф-201";"07.02.2026";"СБ";"3 пара (11:30-12:45)";"Физическая культура — вся группа, Нуров Мирзо Нуралиевич, Лесная"
"МЦМ-Пф-201";"07.02.2026";"СБ";"4 пара (12:55-14:10)";"Физическая культура — вся группа, Нуров Мирзо Нуралиевич, Лесная"
"МЦМ-Пф-201";"07.02.2026";"СБ";"5 пара (14:20-15:30)";"Физическая культура — вся группа, Нуров Мирзо Нуралиевич, Лесная"
"МЦМ-Пф-201";"07.02.2026";"СБ";"6 пара (15:40-16:50)";"-"
"МЦМ-Пф-201";"07.02.2026";"СБ";"7 пара (17:00-18:10)";"-"
"МЦМ-Пф-201";"09.02.2026";"ПН";"1 пара (09:15-10:40)";"Физическая культура — вся группа, Нуров Мирзо Нуралиевич, Лесная"
"МЦМ-Пф-201";"09.02.2026";"ПН";"2 пара (10:50-12:15)";"Физическая культура — вся группа, Нуров Мирзо Нуралиевич, Лесная"
"МЦМ-Пф-201";"09.02.2026";"ПН";"3 пара (13:10-14:35)";"Физическая культура — вся группа, Нуров Мирзо Нуралиевич, Лесная"
"МЦМ-Пф-201";"09.02.2026";"ПН";"4 пара (14:45-16:10)";"Основы финансовой грамотности — вся группа, Елагина Ольга Александровна, Лесная"
"МЦМ-Пф-201";"09.02.2026";"ПН";"5 пара (16:20-17:40)";"Основы финансовой грамотности — вся группа, Елагина Ольга Александровна, Лесная"
"МЦМ-Пф-201";"09.02.2026";"ПН";"6 пара (17:50-19:10)";"-"
"МЦМ-Пф-201";"09.02.2026";"ПН";"7 пара (19:20-20:40)";"-"
"МЦМ-Пф-201";"10.02.2026";"ВТ";"1 пара (08:30-09:55)";"Информационные технологии в профессиональной деятельности — 1 п/г, Галузин Антон Илюсович, Лесная | УП.03 (УП утро 08:30-12:30) — 2 п/г, Письмак Владимир Николаевич, Лесная"
"МЦМ-Пф-201";"10.02.2026";"ВТ";"2 пара (10:05-11:30)";"Информационные технологии в профессиональной деятельности — 1 п/г, Галузин Антон Илюсович, Лесная | УП.03 (УП утро 08:30-12:30) — 2 п/г, Письмак Владимир Николаевич, Лесная"
"МЦМ-Пф-201";"10.02.2026";"ВТ";"3 пара (12:25-13:50)";"Информационные технологии в профессиональной деятельности — 1 п/г, Галузин Антон Илюсович, Лесная"
"МЦМ-Пф-201";"10.02.2026";"ВТ";"4 пара (14:00-15:25)";"Информационные технологии в профессиональной деятельности — 1 п/г, Галузин Антон Илюсович, Лесная"
"МЦМ-Пф-201";"10.02.2026";"ВТ";"5 пара (15:35-16:55)";"Информационные технологии в профессиональной деятельности — 1 п/г, Галузин Антон Илюсович, Лесная"
"МЦМ-Пф-201";"10.02.2026";"ВТ";"6 пара (17:05-18:25)";"-"
"МЦМ-Пф-201";"10.02.2026";"ВТ";"7 пара (18:35-19:55)";"-"
"МЦМ-Пф-201";"11.02.2026";"СР";"1 пара (08:30-09:55)";"Основы финансовой грамотности — вся группа, Елагина Ольга Александровна, Лесная"
"МЦМ-Пф-201";"11.02.2026";"СР";"2 пара (10:05-11:30)";"Основы финансовой грамотности — вся группа, Елагина Ольга Александровна, Лесная"
"МЦМ-Пф-201";"11.02.2026";"СР";"3 пара (12:25-13:50)";"Основы финансовой грамотности — вся группа, Елагина Ольга Александровна, Лесная"
"МЦМ-Пф-201";"11.02.2026";"СР";"4 пара (14:00-15:25)";"Основы финансовой грамотности — вся группа, Елагина Ольга Александровна, Лесная"
"МЦМ-Пф-201";"11.02.2026";"СР";"5 пара (15:35-16:55)";"Основы финансовой грамотности — вся группа, Елагина Ольга Александровна, Лесная"
"МЦМ-Пф-201";"11.02.2026";"СР";"6 пара (17:05-18:25)";"-"
"МЦМ-Пф-201";"11.02.2026";"СР";"7 пара (18:35-19:55)";"-"
"МЦМ-Пф-201";"12.02.2026";"ЧТ";"1 пара (08:30-09:55)";"Основы финансовой грамотности — вся группа, Елагина Ольга Александровна, Лесная"
"МЦМ-Пф-201";"12.02.2026";"ЧТ";"2 пара (10:05-11:30)";"Основы финансовой грамотности — вся группа, Елагина Ольга Александровна, Лесная"
"МЦМ-Пф-201";"12.02.2026";"ЧТ";"3 пара (12:25-13:50)";"Основы финансовой грамотности — вся группа, Елагина Ольга Александровна, Лесная"
"МЦМ-Пф-201";"12.02.2026";"ЧТ";"4 пара (14:00-15:25)";"Основы финансовой грамотности — вся группа, Елагина Ольга Александровна, Лесная"
"МЦМ-Пф-201";"12.02.2026";"ЧТ";"5 пара (15:35-16:55)";"Основы финансовой грамотности — вся группа, Елагина Ольга Александровна, Лесная"
"МЦМ-Пф-201";"12.02.2026";"ЧТ";"6 пара (17:05-18:25)";"-"
"МЦМ-Пф-201";"12.02.2026";"ЧТ";"7 пара (18:35-19:55)";"-"
"МЦМ-Пф-201";"13.02.2026";"ПТ";"1 пара (08:30-09:55)";"Основы финансовой грамотности — вся группа, Елагина Ольга Александровна, Лесная"
"МЦМ-Пф-201";"13.02.2026";"ПТ";"2 пара (10:05-11:30)";"Основы финансовой грамотности — вся группа, Елагина Ольга Александровна, Лесная"
"МЦМ-Пф-201";"13.02.2026";"ПТ";"3 пара (12:25-13:50)";"Основы финансовой грамотности — вся группа, Елагина Ольга Александровна, Лесная"
"МЦМ-Пф-201";"13.02.2026";"ПТ";"4 пара (14:00-15:25)";"Основы финансовой грамотности — вся группа, Елагина Ольга Александровна, Лесная"
"МЦМ-Пф-201";"13.02.2026";"ПТ";"5 пара (15:35-16:55)";"Основы финансовой грамотности — вся группа, Елагина Ольга Александровна, Лесная"
"МЦМ-Пф-201";"13.02.2026";"ПТ";"6 пара (17:05-18:25)";"-"
"МЦМ-Пф-201";"13.02.2026";"ПТ";"7 пара (18:35-19:55)";"-"
"МЦМ-Пф-201";"14.02.2026";"СБ";"1 пара (08:30-09:45)";"Основы финансовой грамотности — вся группа, Елагина Ольга Александровна, Лесная"
"МЦМ-Пф-201";"14.02.2026";"СБ";"2 пара (09:55-11:10)";"Основы металлургического производства — вся группа, Попова Татьяна Вильевна, Лесная"
"МЦМ-Пф-201";"14.02.2026";"СБ";"3 пара (11:30-12:45)";"Основы металлургического производства — вся группа, Попова Татьяна Вильевна, Лесная"
"МЦМ-Пф-201";"14.02.2026";"СБ";"4 пара (12:55-14:10)";"Основы металлургического производства — вся группа, Попова Татьяна Вильевна, Лесная"
"МЦМ-Пф-201";"14.02.2026";"СБ";"5 пара (14:20-15:30)";"Основы металлургического производства — вся группа, Попова Татьяна Вильевна, Лесная"
"МЦМ-Пф-201";"14.02.2026";"СБ";"6 пара (15:40-16:50)";"-"
"МЦМ-Пф-201";"14.02.2026";"СБ";"7 пара (17:00-18:10)";"-"
"МЦМ-Пф-201";"16.02.2026";"ПН";"1 пара (09:15-10:40)";"Информационные технологии в профессиональной деятельности — 1 п/г, Галузин Антон Илюсович, Лесная | УП.03 (УП утро 09:00-13:00) — 2 п/г, Письмак Владимир Николаевич, Лесная"
"МЦМ-Пф-201";"16.02.2026";"ПН";"2 пара (10:50-12:15)";"Информационные технологии в профессиональной деятельности — 1 п/г, Галузин Антон Илюсович, Лесная | УП.03 (УП утро 09:00-13:00) — 2 п/г, Письмак Владимир Николаевич, Лесная"
"МЦМ-Пф-201";"16.02.2026";"ПН";"3 пара (13:10-14:35)";"Информационные технологии в профессиональной деятельности — 1 п/г, Галузин Антон Илюсович, Лесная"
"МЦМ-Пф-201";"16.02.2026";"ПН";"4 пара (14:45-16:10)";"Информационные технологии в профессиональной деятельности — 1 п/г, Галузин Антон Илюсович, Лесная"
"МЦМ-Пф-201";"16.02.2026";"ПН";"5 пара (16:20-17:40)";"Информационные технологии в профессиональной деятельности — 1 п/г, Галузин Антон Илюсович, Лесная"
"МЦМ-Пф-201";"16.02.2026";"ПН";"6 пара (17:50-19:10)";"-"
"МЦМ-Пф-201";"16.02.2026";"ПН";"7 пара (19:20-20:40)";"-"
"МЦМ-Пф-201";"17.02.2026";"ВТ";"1 пара (08:30-09:55)";"Основы металлургического производства — вся группа, Попова Татьяна Вильевна, Лесная"
"МЦМ-Пф-201";"17.02.2026";"ВТ";"2 пара (10:05-11:30)";"Основы металлургического производства — вся группа, Попова Татьяна Вильевна, Лесная"
"МЦМ-Пф-201";"17.02.2026";"ВТ";"3 пара (12:25-13:50)";"Основы металлургического производства — вся группа, Попова Татьяна Вильевна, Лесная"
"МЦМ-Пф-201";"17.02.2026";"ВТ";"4 пара (14:00-15:25)";"Основы металлургического производства — вся группа, Попова Татьяна Вильевна, Лесная"
"МЦМ-Пф-201";"17.02.2026";"ВТ";"5 пара (15:35-16:55)";"Основы металлургического производства — вся группа, Попова Татьяна Вильевна, Лесная"
"МЦМ-Пф-201";"17.02.2026";"ВТ";"6 пара (17:05-18:25)";"-"
"МЦМ-Пф-201";"17.02.2026";"ВТ";"7 пара (18:35-19:55)";"-"
"МЦМ-Пф-201";"18.02.2026";"СР";"1 пара (08:30-09:55)";"Основы металлургического производства — вся группа, Попова Татьяна Вильевна, Лесная"
"МЦМ-Пф-201";"18.02.2026";"СР";"2 пара (10:05-11:30)";"Основы металлургического производства — вся группа, Попова Татьяна Вильевна, Лесная"
"МЦМ-Пф-201";"18.02.2026";"СР";"3 пара (12:25-13:50)";"Основы металлургического производства — вся группа, Попова Татьяна Вильевна, Лесная"
"МЦМ-Пф-201";"18.02.2026";"СР";"4 пара (14:00-15:25)";"Основы металлургического производства — вся группа, Попова Татьяна Вильевна, Лесная"
"МЦМ-Пф-201";"18.02.2026";"СР";"5 пара (15:35-16:55)";"Основы металлургического производства — вся группа, Попова Татьяна Вильевна, Лесная"
"МЦМ-Пф-201";"18.02.2026";"СР";"6 пара (17:05-18:25)";"-"
"МЦМ-Пф-201";"18.02.2026";"СР";"7 пара (18:35-19:55)";"-"
"МЦМ-Пф-201";"19.02.2026";"ЧТ";"1 пара (08:30-09:55)";"Основы металлургического производства — вся группа, Попова Татьяна Вильевна, Лесная"
"МЦМ-Пф-201";"19.02.2026";"ЧТ";"2 пара (10:05-11:30)";"Основы металлургического производства — вся группа, Попова Татьяна Вильевна, Лесная"
"МЦМ-Пф-201";"19.02.2026";"ЧТ";"3 пара (12:25-13:50)";"Основы металлургического производства — вся группа, Попова Татьяна Вильевна, Лесная"
"МЦМ-Пф-201";"19.02.2026";"ЧТ";"4 пара (14:00-15:25)";"Основы металлургического производства — вся группа, Попова Татьяна Вильевна, Лесная"
"МЦМ-Пф-201";"19.02.2026";"ЧТ";"5 пара (15:35-16:55)";"Основы металлургического производства — вся группа, Попова Татьяна Вильевна, Лесная"
"МЦМ-Пф-201";"19.02.2026";"ЧТ";"6 пара (17:05-18:25)";"-"
"МЦМ-Пф-201";"19.02.2026";"ЧТ";"7 пара (18:35-19:55)";"-"
"МЦМ-Пф-201";"20.02.2026";"ПТ";"1 пара (08:30-09:55)";"Основы металлургического производства — вся группа, Попова Татьяна Вильевна, Лесная"
"МЦМ-Пф-201";"20.02.2026";"ПТ";"2 пара (10:05-11:30)";"Информационные технологии в профессиональной деятельности — 2 п/г, Галузин Антон Илюсович, Лесная | ЛПЗ Компас 3D — 1 п/г, Гарбузов Андрей Евгеньевич, Лесная"
"МЦМ-Пф-201";"20.02.2026";"ПТ";"3 пара (12:25-13:50)";"Информационные технологии в профессиональной деятельности — 2 п/г, Галузин Антон Илюсович, Лесная | ЛПЗ Компас 3D — 1 п/г, Гарбузов Андрей Евгеньевич, Лесная"
"МЦМ-Пф-201";"20.02.2026";"ПТ";"4 пара (14:00-15:25)";"Информационные технологии в профессиональной деятельности — 2 п/г, Галузин Антон Илюсович, Лесная | ЛПЗ Компас 3D — 1 п/г, Гарбузов Андрей Евгеньевич, Лесная"
"МЦМ-Пф-201";"20.02.2026";"ПТ";"5 пара (15:35-16:55)";"Информационные технологии в профессиональной деятельности — 2 п/г, Галузин Антон Илюсович, Лесная | ЛПЗ Компас 3D — 1 п/г, Гарбузов Андрей Евгеньевич, Лесная"
"МЦМ-Пф-201";"20.02.2026";"ПТ";"6 пара (17:05-18:25)";"-"
"МЦМ-Пф-201";"20.02.2026";"ПТ";"7 пара (18:35-19:55)";"-"
"МЦМ-Пф-201";"21.02.2026";"СБ";"1 пара (08:30-09:45)";"Информационные технологии в профессиональной деятельности — 2 п/г, Галузин Антон Илюсович, Лесная"
"МЦМ-Пф-201";"21.02.2026";"СБ";"2 пара (09:55-11:10)";"Информационные технологии в профессиональной деятельности — 2 п/г, Галузин Антон Илюсович, Лесная"
"МЦМ-Пф-201";"21.02.2026";"СБ";"3 пара (11:30-12:45)";"Информационные технологии в профессиональной деятельности — 2 п/г, Галузин Антон Илюсович, Лесная | ЛПЗ Компас 3D — 1 п/г, Гарбузов Андрей Евгеньевич, Лесная"
"МЦМ-Пф-201";"21.02.2026";"СБ";"4 пара (12:55-14:10)";"Информационные технологии в профессиональной деятельности — 2 п/г, Галузин Антон Илюсович, Лесная | ЛПЗ Компас 3D — 1 п/г, Гарбузов Андрей Евгеньевич, Лесная"
"МЦМ-Пф-201";"21.02.2026";"СБ";"5 пара (14:20-15:30)";"Информационные технологии в профессиональной деятельности — 2 п/г, Галузин Антон Илюсович, Лесная | ЛПЗ Компас 3D — 1 п/г, Гарбузов Андрей Евгеньевич, Лесная"
"МЦМ-Пф-201";"21.02.2026";"СБ";"6 пара (15:40-16:50)";"ЛПЗ Компас 3D — 1 п/г, Гарбузов Андрей Евгеньевич, Лесная"
"МЦМ-Пф-201";"21.02.2026";"СБ";"7 пара (17:00-18:10)";"ЛПЗ Компас 3D — 1 п/г, Гарбузов Андрей Евгеньевич, Лесная"
"МЦМ-Пф-201";"23.02.2026";"ПН";"1 пара (09:15-10:40)";"ЛПЗ Компас 3D — 1 п/г, Гарбузов Андрей Евгеньевич, Лесная | УП.03 (УП утро 09:00-13:00) — 2 п/г, Письмак Владимир Николаевич, Лесная"
"МЦМ-Пф-201";"23.02.2026";"ПН";"2 пара (10:50-12:15)";"ЛПЗ Компас 3D — 1 п/г, Гарбузов Андрей Евгеньевич, Лесная | УП.03 (УП утро 09:00-13:00) — 2 п/г, Письмак Владимир Николаевич, Лесная"
"МЦМ-Пф-201";"23.02.2026";"ПН";"3 пара (13:10-14:35)";"ЛПЗ Компас 3D — 1 п/г, Гарбузов Андрей Евгеньевич, Лесная"
"МЦМ-Пф-201";"23.02.2026";"ПН";"4 пара (14:45-16:10)";"ЛПЗ Компас 3D — 1 п/г, Гарбузов Андрей Евгеньевич, Лесная"
"МЦМ-Пф-201";"23.02.2026";"ПН";"5 пара (16:20-17:40)";"ЛПЗ Пылеулавливание и очистка промышленных газов — 1 п/г, Попова Татьяна Вильевна, Лесная"
"МЦМ-Пф-201";"23.02.2026";"ПН";"6 пара (17:50-19:10)";"-"
"МЦМ-Пф-201";"23.02.2026";"ПН";"7 пара (19:20-20:40)";"-"
"МЦМ-Пф-201";"24.02.2026";"ВТ";"1 пара (08:30-09:55)";"Информационные технологии в профессиональной деятельности — 2 п/г, Галузин Антон Илюсович, Лесная | ЛПЗ Пылеулавливание и очистка промышленных газов — 1 п/г, Попова Татьяна Вильевна, Лесная"
"МЦМ-Пф-201";"24.02.2026";"ВТ";"2 пара (10:05-11:30)";"Компас 3D теория — вся группа, Гарбузов Андрей Евгеньевич, Лесная"
"МЦМ-Пф-201";"24.02.2026";"ВТ";"3 пара (12:25-13:50)";"Пылеулавливание и очистка промышленных газов — вся группа, Попова Татьяна Вильевна, Лесная"
"МЦМ-Пф-201";"24.02.2026";"ВТ";"4 пара (14:00-15:25)";"Компас 3D теория — вся группа, Гарбузов Андрей Евгеньевич, Лесная"
"МЦМ-Пф-201";"24.02.2026";"ВТ";"5 пара (15:35-16:55)";"Компас 3D теория — вся группа, Гарбузов Андрей Евгеньевич, Лесная"
"МЦМ-Пф-201";"24.02.2026";"ВТ";"6 пара (17:05-18:25)";"-"
"МЦМ-Пф-201";"24.02.2026";"ВТ";"7 пара (18:35-19:55)";"-"
"МЦМ-Пф-201";"25.02.2026";"СР";"1 пара (08:30-09:55)";"Компас 3D теория — вся группа, Гарбузов Андрей Евгеньевич, Лесная"
"МЦМ-Пф-201";"25.02.2026";"СР";"2 пара (10:05-11:30)";"Компас 3D теория — вся группа, Гарбузов Андрей Евгеньевич, Лесная"
"МЦМ-Пф-201";"25.02.2026";"СР";"3 пара (12:25-13:50)";"ЛПЗ Компас 3D — 2 п/г, Гарбузов Андрей Евгеньевич, Лесная | ЛПЗ Пылеулавливание и очистка промышленных газов — 1 п/г, Попова Татьяна Вильевна, Лесная"
"МЦМ-Пф-201";"25.02.2026";"СР";"4 пара (14:00-15:25)";"ЛПЗ Компас 3D — 2 п/г, Гарбузов Андрей Евгеньевич, Лесная | ЛПЗ Пылеулавливание и очистка промышленных газов — 1 п/г, Попова Татьяна Вильевна, Лесная"
"МЦМ-Пф-201";"25.02.2026";"СР";"5 пара (15:35-16:55)";"ЛПЗ Компас 3D — 2 п/г, Гарбузов Андрей Евгеньевич, Лесная | ЛПЗ Пылеулавливание и очистка промышленных газов — 1 п/г, Попова Татьяна Вильевна, Лесная"
"МЦМ-Пф-201";"25.02.2026";"СР";"6 пара (17:05-18:25)";"-"
"МЦМ-Пф-201";"25.02.2026";"СР";"7 пара (18:35-19:55)";"-"
"МЦМ-Пф-201";"26.02.2026";"ЧТ";"1 пара (08:30-09:55)";"ЛПЗ Компас 3D — 2 п/г, Гарбузов Андрей Евгеньевич, Лесная | ЛПЗ Пылеулавливание и очистка промышленных газов — 1 п/г, Попова Татьяна Вильевна, Лесная"
"МЦМ-Пф-201";"26.02.2026";"ЧТ";"2 пара (10:05-11:30)";"ЛПЗ Компас 3D — 2 п/г, Гарбузов Андрей Евгеньевич, Лесная | ЛПЗ ВМДК.03.02 Технология производства цветных металлов и сплавов по типам производств — 1 п/г, Попова Татьяна Вильевна, Лесная"
"МЦМ-Пф-201";"26.02.2026";"ЧТ";"3 пара (12:25-13:50)";"ЛПЗ Компас 3D — 2 п/г, Гарбузов Андрей Евгеньевич, Лесная | ЛПЗ ВМДК.03.02 Технология производства цветных металлов и сплавов по типам производств — 1 п/г, Попова Татьяна Вильевна, Лесная"
"МЦМ-Пф-201";"26.02.2026";"ЧТ";"4 пара (14:00-15:25)";"ЛПЗ Компас 3D — 2 п/г, Гарбузов Андрей Евгеньевич, Лесная | ЛПЗ ВМДК.03.02 Технология производства цветных металлов и сплавов по типам производств — 1 п/г, Попова Татьяна Вильевна, Лесная"
"МЦМ-Пф-201";"26.02.2026";"ЧТ";"5 пара (15:35-16:55)";"ЛПЗ Компас 3D — 2 п/г, Гарбузов Андрей Евгеньевич, Лесная | ЛПЗ ВМДК.03.02 Технология производства цветных металлов и сплавов по типам производств — 1 п/г, Попова Татьяна Вильевна, Лесная"
"МЦМ-Пф-201";"26.02.2026";"ЧТ";"6 пара (17:05-18:25)";"-"
"МЦМ-Пф-201";"26.02.2026";"ЧТ";"7 пара (18:35-19:55)";"-"
"МЦМ-Пф-201";"27.02.2026";"ПТ";"1 пара (08:30-09:55)";"ЛПЗ Компас 3D — 2 п/г, Гарбузов Андрей Евгеньевич, Лесная | ЛПЗ ВМДК.03.02 Технология производства цветных металлов и сплавов по типам производств — 1 п/г, Попова Татьяна Вильевна, Лесная"
"МЦМ-Пф-201";"27.02.2026";"ПТ";"2 пара (10:05-11:30)";"ЛПЗ Компас 3D — 2 п/г, Гарбузов Андрей Евгеньевич, Лесная | ЛПЗ ВМДК.03.02 Технология производства цветных металлов и сплавов по типам производств — 1 п/г, Попова Татьяна Вильевна, Лесная"
"МЦМ-Пф-201";"27.02.2026";"ПТ";"3 пара (12:25-13:50)";"ЛПЗ Компас 3D — 2 п/г, Гарбузов Андрей Евгеньевич, Лесная | ЛПЗ ВМДК.03.03 Анодная медь — 1 п/г, Письмак Владимир Николаевич, Лесная"
"МЦМ-Пф-201";"27.02.2026";"ПТ";"4 пара (14:00-15:25)";"ЛПЗ Компас 3D — 2 п/г, Гарбузов Андрей Евгеньевич, Лесная | ЛПЗ ВМДК.03.03 Анодная медь — 1 п/г, Письмак Владимир Николаевич, Лесная"
"МЦМ-Пф-201";"27.02.2026";"ПТ";"5 пара (15:35-16:55)";"ЛПЗ Компас 3D — 2 п/г, Гарбузов Андрей Евгеньевич, Лесная | ЛПЗ ВМДК.03.03 Анодная медь — 1 п/г, Письмак Владимир Николаевич, Лесная"
"МЦМ-Пф-201";"27.02.2026";"ПТ";"6 пара (17:05-18:25)";"-"
"МЦМ-Пф-201";"27.02.2026";"ПТ";"7 пара (18:35-19:55)";"-"
"МЦМ-Пф-201";"28.02.2026";"СБ";"1 пара (08:30-09:45)";"Пылеулавливание и очистка промышленных газов — вся группа, Попова Татьяна Вильевна, Лесная"
"МЦМ-Пф-201";"28.02.2026";"СБ";"2 пара (09:55-11:10)";"Пылеулавливание и очистка промышленных газов — вся группа, Попова Татьяна Вильевна, Лесная"
"МЦМ-Пф-201";"28.02.2026";"СБ";"3 пара (11:30-12:45)";"Пылеулавливание и очистка промышленных газов — вся группа, Попова Татьяна Вильевна, Лесная"
"МЦМ-Пф-201";"28.02.2026";"СБ";"4 пара (12:55-14:10)";"Пылеулавливание и очистка промышленных газов — вся группа, Попова Татьяна Вильевна, Лесная"
"МЦМ-Пф-201";"28.02.2026";"СБ";"5 пара (14:20-15:30)";"Пылеулавливание и очистка промышленных газов — вся группа, Попова Татьяна Вильевна, Лесная"
"МЦМ-Пф-201";"28.02.2026";"СБ";"6 пара (15:40-16:50)";"-"
"МЦМ-Пф-201";"28.02.2026";"СБ";"7 пара (17:00-18:10)";"-"
"МЦМ-Пф-201";"02.03.2026";"ПН";"1 пара (09:15-10:40)";"Пылеулавливание и очистка промышленных газов — вся группа, Попова Татьяна Вильевна, Лесная"
"МЦМ-Пф-201";"02.03.2026";"ПН";"2 пара (10:50-12:15)";"Пылеулавливание и очистка промышленных газов — вся группа, Попова Татьяна Вильевна, Лесная"
"МЦМ-Пф-201";"02.03.2026";"ПН";"3 пара (13:10-14:35)";"Пылеулавливание и очистка промышленных газов — вся группа, Попова Татьяна Вильевна, Лесная"
"МЦМ-Пф-201";"02.03.2026";"ПН";"4 пара (14:45-16:10)";"Пылеулавливание и очистка промышленных газов — вся группа, Попова Татьяна Вильевна, Лесная"
"МЦМ-Пф-201";"02.03.2026";"ПН";"5 пара (16:20-17:40)";"Пылеулавливание и очистка промышленных газов — вся группа, Попова Татьяна Вильевна, Лесная"
"МЦМ-Пф-201";"02.03.2026";"ПН";"6 пара (17:50-19:10)";"-"
"МЦМ-Пф-201";"02.03.2026";"ПН";"7 пара (19:20-20:40)";"-"
"МЦМ-Пф-201";"03.03.2026";"ВТ";"1 пара (08:30-09:55)";"Пылеулавливание и очистка промышленных газов — вся группа, Попова Татьяна Вильевна, Лесная"
"МЦМ-Пф-201";"03.03.2026";"ВТ";"2 пара (10:05-11:30)";"ЛПЗ Пылеулавливание и очистка промышленных газов — 2 п/г, Попова Татьяна Вильевна, Лесная | ЛПЗ ВМДК.03.03 Анодная медь — 1 п/г, Письмак Владимир Николаевич, Лесная"
"МЦМ-Пф-201";"03.03.2026";"ВТ";"3 пара (12:25-13:50)";"ЛПЗ Пылеулавливание и очистка промышленных газов — 2 п/г, Попова Татьяна Вильевна, Лесная | ЛПЗ ВМДК.03.03 Анодная медь — 1 п/г, Письмак Владимир Николаевич, Лесная"
"МЦМ-Пф-201";"03.03.2026";"ВТ";"4 пара (14:00-15:25)";"ЛПЗ Пылеулавливание и очистка промышленных газов — 2 п/г, Попова Татьяна Вильевна, Лесная"
"МЦМ-Пф-201";"03.03.2026";"ВТ";"5 пара (15:35-16:55)";"ЛПЗ Пылеулавливание и очистка промышленных газов — 2 п/г, Попова Татьяна Вильевна, Лесная"
"МЦМ-Пф-201";"03.03.2026";"ВТ";"6 пара (17:05-18:25)";"-"
"МЦМ-Пф-201";"03.03.2026";"ВТ";"7 пара (18:35-19:55)";"-"
"МЦМ-Пф-201";"04.03.2026";"СР";"1 пара (08:30-09:55)";"ЛПЗ Пылеулавливание и очистка промышленных газов — 2 п/г, Попова Татьяна Вильевна, Лесная"
"МЦМ-Пф-201";"04.03.2026";"СР";"2 пара (10:05-11:30)";"ЛПЗ Пылеулавливание и очистка промышленных газов — 2 п/г, Попова Татьяна Вильевна, Лесная"
"МЦМ-Пф-201";"04.03.2026";"СР";"3 пара (12:25-13:50)";"Экологические основы природопользования — вся группа, Костарева Наталья Викторовна, Лесная"
"МЦМ-Пф-201";"04.03.2026";"СР";"4 пара (14:00-15:25)";"Экологические основы природопользования — вся группа, Костарева Наталья Викторовна, Лесная"
"МЦМ-Пф-201";"04.03.2026";"СР";"5 пара (15:35-16:55)";"Экологические основы природопользования — вся группа, Костарева Наталья Викторовна, Лесная"
"МЦМ-Пф-201";"04.03.2026";"СР";"6 пара (17:05-18:25)";"-"
"МЦМ-Пф-201";"04.03.2026";"СР";"7 пара (18:35-19:55)";"-"
"МЦМ-Пф-201";"05.03.2026";"ЧТ";"1 пара (08:30-09:55)";"Экологические основы природопользования — вся группа, Костарева Наталья Викторовна, Лесная"
"МЦМ-Пф-201";"05.03.2026";"ЧТ";"2 пара (10:05-11:30)";"Экологические основы природопользования — вся группа, Костарева Наталья Викторовна, Лесная"
"МЦМ-Пф-201";"05.03.2026";"ЧТ";"3 пара (12:25-13:50)";"Экологические основы природопользования — вся группа, Костарева Наталья Викторовна, Лесная"
"МЦМ-Пф-201";"05.03.2026";"ЧТ";"4 пара (14:00-15:25)";"Экологические основы природопользования — вся группа, Костарева Наталья Викторовна, Лесная"
"МЦМ-Пф-201";"05.03.2026";"ЧТ";"5 пара (15:35-16:55)";"Экологические основы природопользования — вся группа, Костарева Наталья Викторовна, Лесная"
"МЦМ-Пф-201";"05.03.2026";"ЧТ";"6 пара (17:05-18:25)";"-"
"МЦМ-Пф-201";"05.03.2026";"ЧТ";"7 пара (18:35-19:55)";"-"
"МЦМ-Пф-201";"06.03.2026";"ПТ";"1 пара (08:30-09:55)";"Экологические основы природопользования — вся группа, Костарева Наталья Викторовна, Лесная"
"МЦМ-Пф-201";"06.03.2026";"ПТ";"2 пара (10:05-11:30)";"Экологические основы природопользования — вся группа, Костарева Наталья Викторовна, Лесная"
"МЦМ-Пф-201";"06.03.2026";"ПТ";"3 пара (12:25-13:50)";"Экологические основы природопользования — вся группа, Костарева Наталья Викторовна, Лесная"
"МЦМ-Пф-201";"06.03.2026";"ПТ";"4 пара (14:00-15:25)";"Экологические основы природопользования — вся группа, Костарева Наталья Викторовна, Лесная"
"МЦМ-Пф-201";"06.03.2026";"ПТ";"5 пара (15:35-16:55)";"Экологические основы природопользования — вся группа, Костарева Наталья Викторовна, Лесная"
"МЦМ-Пф-201";"06.03.2026";"ПТ";"6 пара (17:05-18:25)";"-"
"МЦМ-Пф-201";"06.03.2026";"ПТ";"7 пара (18:35-19:55)";"-"
"МЦМ-Пф-201";"07.03.2026";"СБ";"1 пара (08:30-09:45)";"Экологические основы природопользования — вся группа, Костарева Наталья Викторовна, Лесная"
"МЦМ-Пф-201";"07.03.2026";"СБ";"2 пара (09:55-11:10)";"Экологические основы природопользования — вся группа, Костарева Наталья Викторовна, Лесная"
"МЦМ-Пф-201";"07.03.2026";"СБ";"3 пара (11:30-12:45)";"Экологические основы природопользования — вся группа, Костарева Наталья Викторовна, Лесная"
"МЦМ-Пф-201";"07.03.2026";"СБ";"4 пара (12:55-14:10)";"Экологические основы природопользования — вся группа, Костарева Наталья Викторовна, Лесная"
"МЦМ-Пф-201";"07.03.2026";"СБ";"5 пара (14:20-15:30)";"Экологические основы природопользования — вся группа, Костарева Наталья Викторовна, Лесная"
"МЦМ-Пф-201";"07.03.2026";"СБ";"6 пара (15:40-16:50)";"-"
"МЦМ-Пф-201";"07.03.2026";"СБ";"7 пара (17:00-18:10)";"-"
"МЦМ-Пф-201";"09.03.2026";"ПН";"1 пара (09:15-10:40)";"-"
"МЦМ-Пф-201";"09.03.2026";"ПН";"2 пара (10:50-12:15)";"-"
"МЦМ-Пф-201";"09.03.2026";"ПН";"3 пара (13:10-14:35)";"Физическая химия — вся группа, Альшаева Алина Павловна, Лесная"
"МЦМ-Пф-201";"09.03.2026";"ПН";"4 пара (14:45-16:10)";"Электрооборудование металлургических цехов — вся группа, Динмухаметов Владислав Дуферович, Лесная"
"МЦМ-Пф-201";"09.03.2026";"ПН";"5 пара (16:20-17:40)";"Электрооборудование металлургических цехов — вся группа, Динмухаметов Владислав Дуферович, Лесная"
"МЦМ-Пф-201";"09.03.2026";"ПН";"6 пара (17:50-19:10)";"Электрооборудование металлургических цехов — вся группа, Динмухаметов Владислав Дуферович, Лесная"
"МЦМ-Пф-201";"09.03.2026";"ПН";"7 пара (19:20-20:40)";"Электрооборудование металлургических цехов — вся группа, Динмухаметов Владислав Дуферович, Лесная"
"МЦМ-Пф-201";"10.03.2026";"ВТ";"1 пара (08:30-09:55)";"Электрооборудование металлургических цехов — вся группа, Динмухаметов Владислав Дуферович, Лесная"
"МЦМ-Пф-201";"10.03.2026";"ВТ";"2 пара (10:05-11:30)";"Электрооборудование металлургических цехов — вся группа, Динмухаметов Владислав Дуферович, Лесная"
"МЦМ-Пф-201";"10.03.2026";"ВТ";"3 пара (12:25-13:50)";"Электрооборудование металлургических цехов — вся группа, Динмухаметов Владислав Дуферович, Лесная"
"МЦМ-Пф-201";"10.03.2026";"ВТ";"4 пара (14:00-15:25)";"Электрооборудование металлургических цехов — вся группа, Динмухаметов Владислав Дуферович, Лесная"
"МЦМ-Пф-201";"10.03.2026";"ВТ";"5 пара (15:35-16:55)";"Электрооборудование металлургических цехов — вся группа, Динмухаметов Владислав Дуферович, Лесная"
"МЦМ-Пф-201";"10.03.2026";"ВТ";"6 пара (17:05-18:25)";"-"
"МЦМ-Пф-201";"10.03.2026";"ВТ";"7 пара (18:35-19:55)";"-"
"МЦМ-Пф-201";"11.03.2026";"СР";"1 пара (08:30-09:55)";"Электрооборудование металлургических цехов — вся группа, Динмухаметов Владислав Дуферович, Лесная"
"МЦМ-Пф-201";"11.03.2026";"СР";"2 пара (10:05-11:30)";"Электрооборудование металлургических цехов — вся группа, Динмухаметов Владислав Дуферович, Лесная"
"МЦМ-Пф-201";"11.03.2026";"СР";"3 пара (12:25-13:50)";"Электрооборудование металлургических цехов — вся группа, Динмухаметов Владислав Дуферович, Лесная"
"МЦМ-Пф-201";"11.03.2026";"СР";"4 пара (14:00-15:25)";"Электрооборудование металлургических цехов — вся группа, Динмухаметов Владислав Дуферович, Лесная"
"МЦМ-Пф-201";"11.03.2026";"СР";"5 пара (15:35-16:55)";"Электрооборудование металлургических цехов — вся группа, Динмухаметов Владислав Дуферович, Лесная"
"МЦМ-Пф-201";"11.03.2026";"СР";"6 пара (17:05-18:25)";"-"
"МЦМ-Пф-201";"11.03.2026";"СР";"7 пара (18:35-19:55)";"-"
"МЦМ-Пф-201";"12.03.2026";"ЧТ";"1 пара (08:30-09:55)";"Электрооборудование металлургических цехов — вся группа, Динмухаметов Владислав Дуферович, Лесная"
"МЦМ-Пф-201";"12.03.2026";"ЧТ";"2 пара (10:05-11:30)";"Электрооборудование металлургических цехов — вся группа, Динмухаметов Владислав Дуферович, Лесная"
"МЦМ-Пф-201";"12.03.2026";"ЧТ";"3 пара (12:25-13:50)";"Электрооборудование металлургических цехов — вся группа, Динмухаметов Владислав Дуферович, Лесная"
"МЦМ-Пф-201";"12.03.2026";"ЧТ";"4 пара (14:00-15:25)";"Электрооборудование металлургических цехов — вся группа, Динмухаметов Владислав Дуферович, Лесная"
"МЦМ-Пф-201";"12.03.2026";"ЧТ";"5 пара (15:35-16:55)";"Физическая химия — вся группа, Альшаева Алина Павловна, Лесная"
"МЦМ-Пф-201";"12.03.2026";"ЧТ";"6 пара (17:05-18:25)";"-"
"МЦМ-Пф-201";"12.03.2026";"ЧТ";"7 пара (18:35-19:55)";"-"
"МЦМ-Пф-201";"13.03.2026";"ПТ";"1 пара (08:30-09:55)";"Физическая химия — вся группа, Альшаева Алина Павловна, Лесная"
"МЦМ-Пф-201";"13.03.2026";"ПТ";"2 пара (10:05-11:30)";"Физическая химия — вся группа, Альшаева Алина Павловна, Лесная"
"МЦМ-Пф-201";"13.03.2026";"ПТ";"3 пара (12:25-13:50)";"Физическая химия — вся группа, Альшаева Алина Павловна, Лесная"
"МЦМ-Пф-201";"13.03.2026";"ПТ";"4 пара (14:00-15:25)";"Физическая химия — вся группа, Альшаева Алина Павловна, Лесная"
"МЦМ-Пф-201";"13.03.2026";"ПТ";"5 пара (15:35-16:55)";"Физическая химия — вся группа, Альшаева Алина Павловна, Лесная"
"МЦМ-Пф-201";"13.03.2026";"ПТ";"6 пара (17:05-18:25)";"-"
"МЦМ-Пф-201";"13.03.2026";"ПТ";"7 пара (18:35-19:55)";"-"
"МЦМ-Пф-201";"14.03.2026";"СБ";"1 пара (08:30-09:45)";"Физическая химия — вся группа, Альшаева Алина Павловна, Лесная"
"МЦМ-Пф-201";"14.03.2026";"СБ";"2 пара (09:55-11:10)";"Физическая химия — вся группа, Альшаева Алина Павловна, Лесная"
"МЦМ-Пф-201";"14.03.2026";"СБ";"3 пара (11:30-12:45)";"Физическая химия — вся группа, Альшаева Алина Павловна, Лесная"
"МЦМ-Пф-201";"14.03.2026";"СБ";"4 пара (12:55-14:10)";"Физическая химия — вся группа, Альшаева Алина Павловна, Лесная"
"МЦМ-Пф-201";"14.03.2026";"СБ";"5 пара (14:20-15:30)";"Физическая химия — вся группа, Альшаева Алина Павловна, Лесная"
"МЦМ-Пф-201";"14.03.2026";"СБ";"6 пара (15:40-16:50)";"-"
"МЦМ-Пф-201";"14.03.2026";"СБ";"7 пара (17:00-18:10)";"-"
"МЦМ-Пф-201";"16.03.2026";"ПН";"1 пара (09:15-10:40)";"Физическая химия — вся группа, Альшаева Алина Павловна, Лесная"
"МЦМ-Пф-201";"16.03.2026";"ПН";"2 пара (10:50-12:15)";"Физическая химия — вся группа, Альшаева Алина Павловна, Лесная"
"МЦМ-Пф-201";"16.03.2026";"ПН";"3 пара (13:10-14:35)";"Физическая химия — вся группа, Альшаева Алина Павловна, Лесная"
"МЦМ-Пф-201";"16.03.2026";"ПН";"4 пара (14:45-16:10)";"Физическая химия — вся группа, Альшаева Алина Павловна, Лесная"
"МЦМ-Пф-201";"16.03.2026";"ПН";"5 пара (16:20-17:40)";"Физическая химия — вся группа, Альшаева Алина Павловна, Лесная"
"МЦМ-Пф-201";"16.03.2026";"ПН";"6 пара (17:50-19:10)";"-"
"МЦМ-Пф-201";"16.03.2026";"ПН";"7 пара (19:20-20:40)";"-"
"МЦМ-Пф-201";"17.03.2026";"ВТ";"1 пара (08:30-09:55)";"Физическая химия — вся группа, Альшаева Алина Павловна, Лесная"
"МЦМ-Пф-201";"17.03.2026";"ВТ";"2 пара (10:05-11:30)";"Метрология и стандартизация — вся группа, Садриева Татьяна Геннадьевна, Лесная"
"МЦМ-Пф-201";"17.03.2026";"ВТ";"3 пара (12:25-13:50)";"Метрология и стандартизация — вся группа, Садриева Татьяна Геннадьевна, Лесная"
"МЦМ-Пф-201";"17.03.2026";"ВТ";"4 пара (14:00-15:25)";"Метрология и стандартизация — вся группа, Садриева Татьяна Геннадьевна, Лесная"
"МЦМ-Пф-201";"17.03.2026";"ВТ";"5 пара (15:35-16:55)";"Метрология и стандартизация — вся группа, Садриева Татьяна Геннадьевна, Лесная"
"МЦМ-Пф-201";"17.03.2026";"ВТ";"6 пара (17:05-18:25)";"-"
"МЦМ-Пф-201";"17.03.2026";"ВТ";"7 пара (18:35-19:55)";"-"
"МЦМ-Пф-201";"18.03.2026";"СР";"1 пара (08:30-09:55)";"Метрология и стандартизация — вся группа, Садриева Татьяна Геннадьевна, Лесная"
"МЦМ-Пф-201";"18.03.2026";"СР";"2 пара (10:05-11:30)";"Метрология и стандартизация — вся группа, Садриева Татьяна Геннадьевна, Лесная"
"МЦМ-Пф-201";"18.03.2026";"СР";"3 пара (12:25-13:50)";"Метрология и стандартизация — вся группа, Садриева Татьяна Геннадьевна, Лесная"
"МЦМ-Пф-201";"18.03.2026";"СР";"4 пара (14:00-15:25)";"Метрология и стандартизация — вся группа, Садриева Татьяна Геннадьевна, Лесная"
"МЦМ-Пф-201";"18.03.2026";"СР";"5 пара (15:35-16:55)";"Метрология и стандартизация — вся группа, Садриева Татьяна Геннадьевна, Лесная"
"МЦМ-Пф-201";"18.03.2026";"СР";"6 пара (17:05-18:25)";"-"
"МЦМ-Пф-201";"18.03.2026";"СР";"7 пара (18:35-19:55)";"-"
"МЦМ-Пф-201";"19.03.2026";"ЧТ";"1 пара (08:30-09:55)";"Метрология и стандартизация — вся группа, Садриева Татьяна Геннадьевна, Лесная"
"МЦМ-Пф-201";"19.03.2026";"ЧТ";"2 пара (10:05-11:30)";"Метрология и стандартизация — вся группа, Садриева Татьяна Геннадьевна, Лесная"
"МЦМ-Пф-201";"19.03.2026";"ЧТ";"3 пара (12:25-13:50)";"Метрология и стандартизация — вся группа, Садриева Татьяна Геннадьевна, Лесная"
"МЦМ-Пф-201";"19.03.2026";"ЧТ";"4 пара (14:00-15:25)";"Метрология и стандартизация — вся группа, Садриева Татьяна Геннадьевна, Лесная"
"МЦМ-Пф-201";"19.03.2026";"ЧТ";"5 пара (15:35-16:55)";"Метрология и стандартизация — вся группа, Садриева Татьяна Геннадьевна, Лесная"
"МЦМ-Пф-201";"19.03.2026";"ЧТ";"6 пара (17:05-18:25)";"-"
"МЦМ-Пф-201";"19.03.2026";"ЧТ";"7 пара (18:35-19:55)";"-"
"МЦМ-Пф-201";"20.03.2026";"ПТ";"1 пара (08:30-09:55)";"Метрология и стандартизация — вся группа, Садриева Татьяна Геннадьевна, Лесная"
"МЦМ-Пф-201";"20.03.2026";"ПТ";"2 пара (10:05-11:30)";"Метрология и стандартизация — вся группа, Садриева Татьяна Геннадьевна, Лесная"
"МЦМ-Пф-201";"20.03.2026";"ПТ";"3 пара (12:25-13:50)";"Метрология и стандартизация — вся группа, Садриева Татьяна Геннадьевна, Лесная"
"МЦМ-Пф-201";"20.03.2026";"ПТ";"4 пара (14:00-15:25)";"Метрология и стандартизация — вся группа, Садриева Татьяна Геннадьевна, Лесная"
"МЦМ-Пф-201";"20.03.2026";"ПТ";"5 пара (15:35-16:55)";"Метрология и стандартизация — вся группа, Садриева Татьяна Геннадьевна, Лесная"
"МЦМ-Пф-201";"20.03.2026";"ПТ";"6 пара (17:05-18:25)";"-"
"МЦМ-Пф-201";"20.03.2026";"ПТ";"7 пара (18:35-19:55)";"-"
"МЦМ-Пф-201";"21.03.2026";"СБ";"1 пара (08:30-09:45)";"Метрология и стандартизация — вся группа, Садриева Татьяна Геннадьевна, Лесная"
"МЦМ-Пф-201";"21.03.2026";"СБ";"2 пара (09:55-11:10)";"Метрология и стандартизация — вся группа, Садриева Татьяна Геннадьевна, Лесная"
"МЦМ-Пф-201";"21.03.2026";"СБ";"3 пара (11:30-12:45)";"Метрология и стандартизация — вся группа, Садриева Татьяна Геннадьевна, Лесная"
"МЦМ-Пф-201";"21.03.2026";"СБ";"4 пара (12:55-14:10)";"Метрология и стандартизация — вся группа, Садриева Татьяна Геннадьевна, Лесная"
"МЦМ-Пф-201";"21.03.2026";"СБ";"5 пара (14:20-15:30)";"Метрология и стандартизация — вся группа, Садриева Татьяна Геннадьевна, Лесная"
"МЦМ-Пф-201";"21.03.2026";"СБ";"6 пара (15:40-16:50)";"-"
"МЦМ-Пф-201";"21.03.2026";"СБ";"7 пара (17:00-18:10)";"-"
"МЦМ-Пф-201";"23.03.2026";"ПН";"1 пара (09:15-10:40)";"Метрология и стандартизация — вся группа, Садриева Татьяна Геннадьевна, Лесная"
"МЦМ-Пф-201";"23.03.2026";"ПН";"2 пара (10:50-12:15)";"Метрология и стандартизация — вся группа, Садриева Татьяна Геннадьевна, Лесная"
"МЦМ-Пф-201";"23.03.2026";"ПН";"3 пара (13:10-14:35)";"Метрология и стандартизация — вся группа, Садриева Татьяна Геннадьевна, Лесная"
"МЦМ-Пф-201";"23.03.2026";"ПН";"4 пара (14:45-16:10)";"Электротехника и электроника — вся группа, Динмухаметов Владислав Дуферович, Лесная"
"МЦМ-Пф-201";"23.03.2026";"ПН";"5 пара (16:20-17:40)";"Электротехника и электроника — вся группа, Динмухаметов Владислав Дуферович, Лесная"
"МЦМ-Пф-201";"23.03.2026";"ПН";"6 пара (17:50-19:10)";"-"
"МЦМ-Пф-201";"23.03.2026";"ПН";"7 пара (19:20-20:40)";"-"
"МЦМ-Пф-201";"24.03.2026";"ВТ";"1 пара (08:30-09:55)";"Электротехника и электроника — вся группа, Динмухаметов Владислав Дуферович, Лесная"
"МЦМ-Пф-201";"24.03.2026";"ВТ";"2 пара (10:05-11:30)";"Электротехника и электроника — вся группа, Динмухаметов Владислав Дуферович, Лесная"
"МЦМ-Пф-201";"24.03.2026";"ВТ";"3 пара (12:25-13:50)";"Электротехника и электроника — вся группа, Динмухаметов Владислав Дуферович, Лесная"
"МЦМ-Пф-201";"24.03.2026";"ВТ";"4 пара (14:00-15:25)";"Электротехника и электроника — вся группа, Динмухаметов Владислав Дуферович, Лесная"
"МЦМ-Пф-201";"24.03.2026";"ВТ";"5 пара (15:35-16:55)";"Электротехника и электроника — вся группа, Динмухаметов Владислав Дуферович, Лесная"
"МЦМ-Пф-201";"24.03.2026";"ВТ";"6 пара (17:05-18:25)";"-"
"МЦМ-Пф-201";"24.03.2026";"ВТ";"7 пара (18:35-19:55)";"-"
"МЦМ-Пф-201";"25.03.2026";"СР";"1 пара (08:30-09:55)";"Электротехника и электроника — вся группа, Динмухаметов Владислав Дуферович, Лесная"
"МЦМ-Пф-201";"25.03.2026";"СР";"2 пара (10:05-11:30)";"Электротехника и электроника — вся группа, Динмухаметов Владислав Дуферович, Лесная"
"МЦМ-Пф-201";"25.03.2026";"СР";"3 пара (12:25-13:50)";"Электротехника и электроника — вся группа, Динмухаметов Владислав Дуферович, Лесная"
"МЦМ-Пф-201";"25.03.2026";"СР";"4 пара (14:00-15:25)";"Электротехника и электроника — вся группа, Динмухаметов Владислав Дуферович, Лесная"
"МЦМ-Пф-201";"25.03.2026";"СР";"5 пара (15:35-16:55)";"Электротехника и электроника — вся группа, Динмухаметов Владислав Дуферович, Лесная"
"МЦМ-Пф-201";"25.03.2026";"СР";"6 пара (17:05-18:25)";"-"
"МЦМ-Пф-201";"25.03.2026";"СР";"7 пара (18:35-19:55)";"-"
"МЦМ-Пф-201";"26.03.2026";"ЧТ";"1 пара (08:30-09:55)";"Электротехника и электроника — вся группа, Динмухаметов Владислав Дуферович, Лесная"
"МЦМ-Пф-201";"26.03.2026";"ЧТ";"2 пара (10:05-11:30)";"Электротехника и электроника — вся группа, Динмухаметов Владислав Дуферович, Лесная"
"МЦМ-Пф-201";"26.03.2026";"ЧТ";"3 пара (12:25-13:50)";"Электротехника и электроника — вся группа, Динмухаметов Владислав Дуферович, Лесная"
"МЦМ-Пф-201";"26.03.2026";"ЧТ";"4 пара (14:00-15:25)";"Электротехника и электроника — вся группа, Динмухаметов Владислав Дуферович, Лесная"
"МЦМ-Пф-201";"26.03.2026";"ЧТ";"5 пара (15:35-16:55)";"Электротехника и электроника — вся группа, Динмухаметов Владислав Дуферович, Лесная"
"МЦМ-Пф-201";"26.03.2026";"ЧТ";"6 пара (17:05-18:25)";"-"
"МЦМ-Пф-201";"26.03.2026";"ЧТ";"7 пара (18:35-19:55)";"-"
"МЦМ-Пф-201";"27.03.2026";"ПТ";"1 пара (08:30-09:55)";"Электротехника и электроника — вся группа, Динмухаметов Владислав Дуферович, Лесная"
"МЦМ-Пф-201";"27.03.2026";"ПТ";"2 пара (10:05-11:30)";"МДК.02.01 Металлургия цветных металлов — вся группа, Попова Татьяна Вильевна, Лесная"
"МЦМ-Пф-201";"27.03.2026";"ПТ";"3 пара (12:25-13:50)";"МДК.02.01 Металлургия цветных металлов — вся группа, Попова Татьяна Вильевна, Лесная"
"МЦМ-Пф-201";"27.03.2026";"ПТ";"4 пара (14:00-15:25)";"МДК.02.01 Металлургия цветных металлов — вся группа, Попова Татьяна Вильевна, Лесная"
"МЦМ-Пф-201";"27.03.2026";"ПТ";"5 пара (15:35-16:55)";"МДК.02.01 Металлургия цветных металлов — вся группа, Попова Татьяна Вильевна, Лесная"
"МЦМ-Пф-201";"27.03.2026";"ПТ";"6 пара (17:05-18:25)";"-"
"МЦМ-Пф-201";"27.03.2026";"ПТ";"7 пара (18:35-19:55)";"-"
"МЦМ-Пф-201";"28.03.2026";"СБ";"1 пара (08:30-09:45)";"МДК.02.01 Металлургия цветных металлов — вся группа, Попова Татьяна Вильевна, Лесная"
"МЦМ-Пф-201";"28.03.2026";"СБ";"2 пара (09:55-11:10)";"МДК.02.01 Металлургия цветных металлов — вся группа, Попова Татьяна Вильевна, Лесная"
"МЦМ-Пф-201";"28.03.2026";"СБ";"3 пара (11:30-12:45)";"МДК.02.01 Металлургия цветных металлов — вся группа, Попова Татьяна Вильевна, Лесная"
"МЦМ-Пф-201";"28.03.2026";"СБ";"4 пара (12:55-14:10)";"МДК.02.01 Металлургия цветных металлов — вся группа, Попова Татьяна Вильевна, Лесная"
"МЦМ-Пф-201";"28.03.2026";"СБ";"5 пара (14:20-15:30)";"МДК.02.01 Металлургия цветных металлов — вся группа, Попова Татьяна Вильевна, Лесная"
"МЦМ-Пф-201";"28.03.2026";"СБ";"6 пара (15:40-16:50)";"-"
"МЦМ-Пф-201";"28.03.2026";"СБ";"7 пара (17:00-18:10)";"-"
"МЦМ-Пф-201";"30.03.2026";"ПН";"1 пара (09:15-10:40)";"МДК.02.01 Металлургия цветных металлов — вся группа, Попова Татьяна Вильевна, Лесная"
"МЦМ-Пф-201";"30.03.2026";"ПН";"2 пара (10:50-12:15)";"МДК.02.01 Металлургия цветных металлов — вся группа, Попова Татьяна Вильевна, Лесная"
"МЦМ-Пф-201";"30.03.2026";"ПН";"3 пара (13:10-14:35)";"МДК.02.01 Металлургия цветных металлов — вся группа, Попова Татьяна Вильевна, Лесная"
"МЦМ-Пф-201";"30.03.2026";"ПН";"4 пара (14:45-16:10)";"МДК.02.01 Металлургия цветных металлов — вся группа, Попова Татьяна Вильевна, Лесная"
"МЦМ-Пф-201";"30.03.2026";"ПН";"5 пара (16:20-17:40)";"МДК.02.01 Металлургия цветных металлов — вся группа, Попова Татьяна Вильевна, Лесная"
"МЦМ-Пф-201";"30.03.2026";"ПН";"6 пара (17:50-19:10)";"-"
"МЦМ-Пф-201";"30.03.2026";"ПН";"7 пара (19:20-20:40)";"-"
"МЦМ-Пф-201";"31.03.2026";"ВТ";"1 пара (08:30-09:55)";"МДК.02.01 Металлургия цветных металлов — вся группа, Попова Татьяна Вильевна, Лесная"
"МЦМ-Пф-201";"31.03.2026";"ВТ";"2 пара (10:05-11:30)";"МДК.02.01 Металлургия цветных металлов — вся группа, Попова Татьяна Вильевна, Лесная"
"МЦМ-Пф-201";"31.03.2026";"ВТ";"3 пара (12:25-13:50)";"МДК.02.01 Металлургия цветных металлов — вся группа, Попова Татьяна Вильевна, Лесная"
"МЦМ-Пф-201";"31.03.2026";"ВТ";"4 пара (14:00-15:25)";"МДК.02.01 Металлургия цветных металлов — вся группа, Попова Татьяна Вильевна, Лесная"
"МЦМ-Пф-201";"31.03.2026";"ВТ";"5 пара (15:35-16:55)";"МДК.02.01 Металлургия цветных металлов — вся группа, Попова Татьяна Вильевна, Лесная"
"МЦМ-Пф-201";"31.03.2026";"ВТ";"6 пара (17:05-18:25)";"-"
"МЦМ-Пф-201";"31.03.2026";"ВТ";"7 пара (18:35-19:55)";"-"
"МЦМ-Пф-201";"01.04.2026";"СР";"1 пара (08:30-09:55)";"МДК.02.01 Металлургия цветных металлов — вся группа, Попова Татьяна Вильевна, Лесная"
"МЦМ-Пф-201";"01.04.2026";"СР";"2 пара (10:05-11:30)";"МДК.02.01 Металлургия цветных металлов — вся группа, Попова Татьяна Вильевна, Лесная"
"МЦМ-Пф-201";"01.04.2026";"СР";"3 пара (12:25-13:50)";"МДК.02.01 Металлургия цветных металлов — вся группа, Попова Татьяна Вильевна, Лесная"
"МЦМ-Пф-201";"01.04.2026";"СР";"4 пара (14:00-15:25)";"МДК.02.01 Металлургия цветных металлов — вся группа, Попова Татьяна Вильевна, Лесная"
"МЦМ-Пф-201";"01.04.2026";"СР";"5 пара (15:35-16:55)";"МДК.02.01 Металлургия цветных металлов — вся группа, Попова Татьяна Вильевна, Лесная"
"МЦМ-Пф-201";"01.04.2026";"СР";"6 пара (17:05-18:25)";"-"
"МЦМ-Пф-201";"01.04.2026";"СР";"7 пара (18:35-19:55)";"-"
"МЦМ-Пф-201";"02.04.2026";"ЧТ";"1 пара (08:30-09:55)";"МДК.02.02 Технология производства цветных металлов и сплавов — вся группа, Попова Татьяна Вильевна, Лесная"
"МЦМ-Пф-201";"02.04.2026";"ЧТ";"2 пара (10:05-11:30)";"МДК.02.02 Технология производства цветных металлов и сплавов — вся группа, Попова Татьяна Вильевна, Лесная"
"МЦМ-Пф-201";"02.04.2026";"ЧТ";"3 пара (12:25-13:50)";"МДК.02.02 Технология производства цветных металлов и сплавов — вся группа, Попова Татьяна Вильевна, Лесная"
"МЦМ-Пф-201";"02.04.2026";"ЧТ";"4 пара (14:00-15:25)";"МДК.02.02 Технология производства цветных металлов и сплавов — вся группа, Попова Татьяна Вильевна, Лесная"
"МЦМ-Пф-201";"02.04.2026";"ЧТ";"5 пара (15:35-16:55)";"МДК.02.02 Технология производства цветных металлов и сплавов — вся группа, Попова Татьяна Вильевна, Лесная"
"МЦМ-Пф-201";"02.04.2026";"ЧТ";"6 пара (17:05-18:25)";"-"
"МЦМ-Пф-201";"02.04.2026";"ЧТ";"7 пара (18:35-19:55)";"-"
"МЦМ-Пф-201";"03.04.2026";"ПТ";"1 пара (08:30-09:55)";"МДК.02.02 Технология производства цветных металлов и сплавов — вся группа, Попова Татьяна Вильевна, Лесная"
"МЦМ-Пф-201";"03.04.2026";"ПТ";"2 пара (10:05-11:30)";"МДК.02.02 Технология производства цветных металлов и сплавов — вся группа, Попова Татьяна Вильевна, Лесная"
"МЦМ-Пф-201";"03.04.2026";"ПТ";"3 пара (12:25-13:50)";"МДК.02.02 Технология производства цветных металлов и сплавов — вся группа, Попова Татьяна Вильевна, Лесная"
"МЦМ-Пф-201";"03.04.2026";"ПТ";"4 пара (14:00-15:25)";"МДК.02.02 Технология производства цветных металлов и сплавов — вся группа, Попова Татьяна Вильевна, Лесная"
"МЦМ-Пф-201";"03.04.2026";"ПТ";"5 пара (15:35-16:55)";"МДК.02.02 Технология производства цветных металлов и сплавов — вся группа, Попова Татьяна Вильевна, Лесная"
"МЦМ-Пф-201";"03.04.2026";"ПТ";"6 пара (17:05-18:25)";"-"
"МЦМ-Пф-201";"03.04.2026";"ПТ";"7 пара (18:35-19:55)";"-"
"МЦМ-Пф-201";"04.04.2026";"СБ";"1 пара (08:30-09:45)";"МДК.02.02 Технология производства цветных металлов и сплавов — вся группа, Попова Татьяна Вильевна, Лесная"
"МЦМ-Пф-201";"04.04.2026";"СБ";"2 пара (09:55-11:10)";"МДК.02.02 Технология производства цветных металлов и сплавов — вся группа, Попова Татьяна Вильевна, Лесная"
"МЦМ-Пф-201";"04.04.2026";"СБ";"3 пара (11:30-12:45)";"МДК.02.02 Технология производства цветных металлов и сплавов — вся группа, Попова Татьяна Вильевна, Лесная"
"МЦМ-Пф-201";"04.04.2026";"СБ";"4 пара (12:55-14:10)";"МДК.02.02 Технология производства цветных металлов и сплавов — вся группа, Попова Татьяна Вильевна, Лесная"
"МЦМ-Пф-201";"04.04.2026";"СБ";"5 пара (14:20-15:30)";"МДК.02.02 Технология производства цветных металлов и сплавов — вся группа, Попова Татьяна Вильевна, Лесная"
"МЦМ-Пф-201";"04.04.2026";"СБ";"6 пара (15:40-16:50)";"-"
"МЦМ-Пф-201";"04.04.2026";"СБ";"7 пара (17:00-18:10)";"-"
"МЦМ-Пф-201";"06.04.2026";"ПН";"1 пара (09:15-10:40)";"МДК.02.02 Технология производства цветных металлов и сплавов — вся группа, Попова Татьяна Вильевна, Лесная"
"МЦМ-Пф-201";"06.04.2026";"ПН";"2 пара (10:50-12:15)";"МДК.02.02 Технология производства цветных металлов и сплавов — вся группа, Попова Татьяна Вильевна, Лесная"
"МЦМ-Пф-201";"06.04.2026";"ПН";"3 пара (13:10-14:35)";"МДК.02.02 Технология производства цветных металлов и сплавов — вся группа, Попова Татьяна Вильевна, Лесная"
"МЦМ-Пф-201";"06.04.2026";"ПН";"4 пара (14:45-16:10)";"МДК.02.02 Технология производства цветных металлов и сплавов — вся группа, Попова Татьяна Вильевна, Лесная"
"МЦМ-Пф-201";"06.04.2026";"ПН";"5 пара (16:20-17:40)";"МДК.02.02 Технология производства цветных металлов и сплавов — вся группа, Попова Татьяна Вильевна, Лесная"
"МЦМ-Пф-201";"06.04.2026";"ПН";"6 пара (17:50-19:10)";"-"
"МЦМ-Пф-201";"06.04.2026";"ПН";"7 пара (19:20-20:40)";"-"
"МЦМ-Пф-201";"07.04.2026";"ВТ";"1 пара (08:30-09:55)";"МДК.02.02 Технология производства цветных металлов и сплавов — вся группа, Попова Татьяна Вильевна, Лесная"
"МЦМ-Пф-201";"07.04.2026";"ВТ";"2 пара (10:05-11:30)";"МДК.02.02 Технология производства цветных металлов и сплавов — вся группа, Попова Татьяна Вильевна, Лесная"
"МЦМ-Пф-201";"07.04.2026";"ВТ";"3 пара (12:25-13:50)";"МДК.02.02 Технология производства цветных металлов и сплавов — вся группа, Попова Татьяна Вильевна, Лесная"
"МЦМ-Пф-201";"07.04.2026";"ВТ";"4 пара (14:00-15:25)";"МДК.02.02 Технология производства цветных металлов и сплавов — вся группа, Попова Татьяна Вильевна, Лесная"
"МЦМ-Пф-201";"07.04.2026";"ВТ";"5 пара (15:35-16:55)";"МДК.02.02 Технология производства цветных металлов и сплавов — вся группа, Попова Татьяна Вильевна, Лесная"
"МЦМ-Пф-201";"07.04.2026";"ВТ";"6 пара (17:05-18:25)";"-"
"МЦМ-Пф-201";"07.04.2026";"ВТ";"7 пара (18:35-19:55)";"-"
"МЦМ-Пф-201";"08.04.2026";"СР";"1 пара (08:30-09:55)";"МДК.02.02 Технология производства цветных металлов и сплавов — вся группа, Попова Татьяна Вильевна, Лесная"
"МЦМ-Пф-201";"08.04.2026";"СР";"2 пара (10:05-11:30)";"МДК.02.02 Технология производства цветных металлов и сплавов — вся группа, Попова Татьяна Вильевна, Лесная"
"МЦМ-Пф-201";"08.04.2026";"СР";"3 пара (12:25-13:50)";"МДК.02.02 Технология производства цветных металлов и сплавов — вся группа, Попова Татьяна Вильевна, Лесная"
"МЦМ-Пф-201";"08.04.2026";"СР";"4 пара (14:00-15:25)";"МДК.02.02 Технология производства цветных металлов и сплавов — вся группа, Попова Татьяна Вильевна, Лесная"
"МЦМ-Пф-201";"08.04.2026";"СР";"5 пара (15:35-16:55)";"МДК.02.02 Технология производства цветных металлов и сплавов — вся группа, Попова Татьяна Вильевна, Лесная"
"МЦМ-Пф-201";"08.04.2026";"СР";"6 пара (17:05-18:25)";"-"
"МЦМ-Пф-201";"08.04.2026";"СР";"7 пара (18:35-19:55)";"-"
"МЦМ-Пф-201";"09.04.2026";"ЧТ";"1 пара (08:30-09:55)";"ВМДК.03.02 Технология производства цветных металлов и сплавов по типам производств — вся группа, Попова Татьяна Вильевна, Лесная"
"МЦМ-Пф-201";"09.04.2026";"ЧТ";"2 пара (10:05-11:30)";"ВМДК.03.02 Технология производства цветных металлов и сплавов по типам производств — вся группа, Попова Татьяна Вильевна, Лесная"
"МЦМ-Пф-201";"09.04.2026";"ЧТ";"3 пара (12:25-13:50)";"ВМДК.03.02 Технология производства цветных металлов и сплавов по типам производств — вся группа, Попова Татьяна Вильевна, Лесная"
"МЦМ-Пф-201";"09.04.2026";"ЧТ";"4 пара (14:00-15:25)";"ВМДК.03.02 Технология производства цветных металлов и сплавов по типам производств — вся группа, Попова Татьяна Вильевна, Лесная"
"МЦМ-Пф-201";"09.04.2026";"ЧТ";"5 пара (15:35-16:55)";"ВМДК.03.02 Технология производства цветных металлов и сплавов по типам производств — вся группа, Попова Татьяна Вильевна, Лесная"
"МЦМ-Пф-201";"09.04.2026";"ЧТ";"6 пара (17:05-18:25)";"-"
"МЦМ-Пф-201";"09.04.2026";"ЧТ";"7 пара (18:35-19:55)";"-"
"МЦМ-Пф-201";"10.04.2026";"ПТ";"1 пара (08:30-09:55)";"ВМДК.03.02 Технология производства цветных металлов и сплавов по типам производств — вся группа, Попова Татьяна Вильевна, Лесная"
"МЦМ-Пф-201";"10.04.2026";"ПТ";"2 пара (10:05-11:30)";"ВМДК.03.02 Технология производства цветных металлов и сплавов по типам производств — вся группа, Попова Татьяна Вильевна, Лесная"
"МЦМ-Пф-201";"10.04.2026";"ПТ";"3 пара (12:25-13:50)";"ВМДК.03.02 Технология производства цветных металлов и сплавов по типам производств — вся группа, Попова Татьяна Вильевна, Лесная"
"МЦМ-Пф-201";"10.04.2026";"ПТ";"4 пара (14:00-15:25)";"ВМДК.03.02 Технология производства цветных металлов и сплавов по типам производств — вся группа, Попова Татьяна Вильевна, Лесная"
"МЦМ-Пф-201";"10.04.2026";"ПТ";"5 пара (15:35-16:55)";"ВМДК.03.02 Технология производства цветных металлов и сплавов по типам производств — вся группа, Попова Татьяна Вильевна, Лесная"
"МЦМ-Пф-201";"10.04.2026";"ПТ";"6 пара (17:05-18:25)";"-"
"МЦМ-Пф-201";"10.04.2026";"ПТ";"7 пара (18:35-19:55)";"-"
"МЦМ-Пф-201";"11.04.2026";"СБ";"1 пара (08:30-09:45)";"ВМДК.03.02 Технология производства цветных металлов и сплавов по типам производств — вся группа, Попова Татьяна Вильевна, Лесная"
"МЦМ-Пф-201";"11.04.2026";"СБ";"2 пара (09:55-11:10)";"ВМДК.03.02 Технология производства цветных металлов и сплавов по типам производств — вся группа, Попова Татьяна Вильевна, Лесная"
"МЦМ-Пф-201";"11.04.2026";"СБ";"3 пара (11:30-12:45)";"ВМДК.03.02 Технология производства цветных металлов и сплавов по типам производств — вся группа, Попова Татьяна Вильевна, Лесная"
"МЦМ-Пф-201";"11.04.2026";"СБ";"4 пара (12:55-14:10)";"ВМДК.03.02 Технология производства цветных металлов и сплавов по типам производств — вся группа, Попова Татьяна Вильевна, Лесная"
"МЦМ-Пф-201";"11.04.2026";"СБ";"5 пара (14:20-15:30)";"ВМДК.03.02 Технология производства цветных металлов и сплавов по типам производств — вся группа, Попова Татьяна Вильевна, Лесная"
"МЦМ-Пф-201";"11.04.2026";"СБ";"6 пара (15:40-16:50)";"-"
"МЦМ-Пф-201";"11.04.2026";"СБ";"7 пара (17:00-18:10)";"-"
"МЦМ-Пф-201";"13.04.2026";"ПН";"1 пара (09:15-10:40)";"ВМДК.03.02 Технология производства цветных металлов и сплавов по типам производств — вся группа, Попова Татьяна Вильевна, Лесная"
"МЦМ-Пф-201";"13.04.2026";"ПН";"2 пара (10:50-12:15)";"ВМДК.03.02 Технология производства цветных металлов и сплавов по типам производств — вся группа, Попова Татьяна Вильевна, Лесная"
"МЦМ-Пф-201";"13.04.2026";"ПН";"3 пара (13:10-14:35)";"ВМДК.03.02 Технология производства цветных металлов и сплавов по типам производств — вся группа, Попова Татьяна Вильевна, Лесная"
"МЦМ-Пф-201";"13.04.2026";"ПН";"4 пара (14:45-16:10)";"ВМДК.03.02 Технология производства цветных металлов и сплавов по типам производств — вся группа, Попова Татьяна Вильевна, Лесная"
"МЦМ-Пф-201";"13.04.2026";"ПН";"5 пара (16:20-17:40)";"ВМДК.03.02 Технология производства цветных металлов и сплавов по типам производств — вся группа, Попова Татьяна Вильевна, Лесная"
"МЦМ-Пф-201";"13.04.2026";"ПН";"6 пара (17:50-19:10)";"-"
"МЦМ-Пф-201";"13.04.2026";"ПН";"7 пара (19:20-20:40)";"-"
"МЦМ-Пф-201";"14.04.2026";"ВТ";"1 пара (08:30-09:55)";"ВМДК.03.02 Технология производства цветных металлов и сплавов по типам производств — вся группа, Попова Татьяна Вильевна, Лесная"
"МЦМ-Пф-201";"14.04.2026";"ВТ";"2 пара (10:05-11:30)";"ВМДК.03.02 Технология производства цветных металлов и сплавов по типам производств — вся группа, Попова Татьяна Вильевна, Лесная"
"МЦМ-Пф-201";"14.04.2026";"ВТ";"3 пара (12:25-13:50)";"ЛПЗ ВМДК.03.02 Технология производства цветных металлов и сплавов по типам производств — 2 п/г, Попова Татьяна Вильевна, Лесная"
"МЦМ-Пф-201";"14.04.2026";"ВТ";"4 пара (14:00-15:25)";"ЛПЗ ВМДК.03.02 Технология производства цветных металлов и сплавов по типам производств — 2 п/г, Попова Татьяна Вильевна, Лесная"
"МЦМ-Пф-201";"14.04.2026";"ВТ";"5 пара (15:35-16:55)";"ЛПЗ ВМДК.03.02 Технология производства цветных металлов и сплавов по типам производств — 2 п/г, Попова Татьяна Вильевна, Лесная"
"МЦМ-Пф-201";"14.04.2026";"ВТ";"6 пара (17:05-18:25)";"-"
"МЦМ-Пф-201";"14.04.2026";"ВТ";"7 пара (18:35-19:55)";"-"
"МЦМ-Пф-201";"15.04.2026";"СР";"1 пара (08:30-09:55)";"ЛПЗ ВМДК.03.02 Технология производства цветных металлов и сплавов по типам производств — 2 п/г, Попова Татьяна Вильевна, Лесная"
"МЦМ-Пф-201";"15.04.2026";"СР";"2 пара (10:05-11:30)";"ЛПЗ ВМДК.03.02 Технология производства цветных металлов и сплавов по типам производств — 2 п/г, Попова Татьяна Вильевна, Лесная"
"МЦМ-Пф-201";"15.04.2026";"СР";"3 пара (12:25-13:50)";"ЛПЗ ВМДК.03.02 Технология производства цветных металлов и сплавов по типам производств — 2 п/г, Попова Татьяна Вильевна, Лесная"
"МЦМ-Пф-201";"15.04.2026";"СР";"4 пара (14:00-15:25)";"ВМДК.03.03 Анодная медь — вся группа, Письмак Владимир Николаевич, Лесная"
"МЦМ-Пф-201";"15.04.2026";"СР";"5 пара (15:35-16:55)";"ВМДК.03.03 Анодная медь — вся группа, Письмак Владимир Николаевич, Лесная"
"МЦМ-Пф-201";"15.04.2026";"СР";"6 пара (17:05-18:25)";"-"
"МЦМ-Пф-201";"15.04.2026";"СР";"7 пара (18:35-19:55)";"-"
"МЦМ-Пф-201";"16.04.2026";"ЧТ";"1 пара (08:30-09:55)";"ВМДК.03.03 Анодная медь — вся группа, Письмак Владимир Николаевич, Лесная"
"МЦМ-Пф-201";"16.04.2026";"ЧТ";"2 пара (10:05-11:30)";"ВМДК.03.03 Анодная медь — вся группа, Письмак Владимир Николаевич, Лесная"
"МЦМ-Пф-201";"16.04.2026";"ЧТ";"3 пара (12:25-13:50)";"ВМДК.03.03 Анодная медь — вся группа, Письмак Владимир Николаевич, Лесная"
"МЦМ-Пф-201";"16.04.2026";"ЧТ";"4 пара (14:00-15:25)";"ВМДК.03.03 Анодная медь — вся группа, Письмак Владимир Николаевич, Лесная"
"МЦМ-Пф-201";"16.04.2026";"ЧТ";"5 пара (15:35-16:55)";"ВМДК.03.03 Анодная медь — вся группа, Письмак Владимир Николаевич, Лесная"
"МЦМ-Пф-201";"16.04.2026";"ЧТ";"6 пара (17:05-18:25)";"-"
"МЦМ-Пф-201";"16.04.2026";"ЧТ";"7 пара (18:35-19:55)";"-"
"МЦМ-Пф-201";"17.04.2026";"ПТ";"1 пара (08:30-09:55)";"ВМДК.03.03 Анодная медь — вся группа, Письмак Владимир Николаевич, Лесная"
"МЦМ-Пф-201";"17.04.2026";"ПТ";"2 пара (10:05-11:30)";"ВМДК.03.03 Анодная медь — вся группа, Письмак Владимир Николаевич, Лесная"
"МЦМ-Пф-201";"17.04.2026";"ПТ";"3 пара (12:25-13:50)";"ВМДК.03.03 Анодная медь — вся группа, Письмак Владимир Николаевич, Лесная"
"МЦМ-Пф-201";"17.04.2026";"ПТ";"4 пара (14:00-15:25)";"ВМДК.03.03 Анодная медь — вся группа, Письмак Владимир Николаевич, Лесная"
"МЦМ-Пф-201";"17.04.2026";"ПТ";"5 пара (15:35-16:55)";"ВМДК.03.03 Анодная медь — вся группа, Письмак Владимир Николаевич, Лесная"
"МЦМ-Пф-201";"17.04.2026";"ПТ";"6 пара (17:05-18:25)";"-"
"МЦМ-Пф-201";"17.04.2026";"ПТ";"7 пара (18:35-19:55)";"-"
"МЦМ-Пф-201";"18.04.2026";"СБ";"1 пара (08:30-09:45)";"ВМДК.03.03 Анодная медь — вся группа, Письмак Владимир Николаевич, Лесная"
"МЦМ-Пф-201";"18.04.2026";"СБ";"2 пара (09:55-11:10)";"ВМДК.03.03 Анодная медь — вся группа, Письмак Владимир Николаевич, Лесная"
"МЦМ-Пф-201";"18.04.2026";"СБ";"3 пара (11:30-12:45)";"ВМДК.03.03 Анодная медь — вся группа, Письмак Владимир Николаевич, Лесная"
"МЦМ-Пф-201";"18.04.2026";"СБ";"4 пара (12:55-14:10)";"ВМДК.03.03 Анодная медь — вся группа, Письмак Владимир Николаевич, Лесная"
"МЦМ-Пф-201";"18.04.2026";"СБ";"5 пара (14:20-15:30)";"ЛПЗ ВМДК.03.03 Анодная медь — 2 п/г, Письмак Владимир Николаевич, Лесная"
"МЦМ-Пф-201";"18.04.2026";"СБ";"6 пара (15:40-16:50)";"-"
"МЦМ-Пф-201";"18.04.2026";"СБ";"7 пара (17:00-18:10)";"-"
"МЦМ-Пф-201";"20.04.2026";"ПН";"1 пара (09:15-10:40)";"ЛПЗ ВМДК.03.03 Анодная медь — 2 п/г, Письмак Владимир Николаевич, Лесная"
"МЦМ-Пф-201";"20.04.2026";"ПН";"2 пара (10:50-12:15)";"ЛПЗ ВМДК.03.03 Анодная медь — 2 п/г, Письмак Владимир Николаевич, Лесная"
"МЦМ-Пф-201";"20.04.2026";"ПН";"3 пара (13:10-14:35)";"ЛПЗ ВМДК.03.03 Анодная медь — 2 п/г, Письмак Владимир Николаевич, Лесная"
"МЦМ-Пф-201";"20.04.2026";"ПН";"4 пара (14:45-16:10)";"ЛПЗ ВМДК.03.03 Анодная медь — 2 п/г, Письмак Владимир Николаевич, Лесная"
"МЦМ-Пф-201";"20.04.2026";"ПН";"5 пара (16:20-17:40)";"-"
"МЦМ-Пф-201";"20.04.2026";"ПН";"6 пара (17:50-19:10)";"-"
"МЦМ-Пф-201";"20.04.2026";"ПН";"7 пара (19:20-20:40)";"-"
"МЦМ-Пф-201";"08.05.2026";"ПТ";"1 пара (08:30-09:55)";"УП.02 (УП утро 08:30-12:30) — 1 п/г, Попова Татьяна Вильевна, Лесная"
"МЦМ-Пф-201";"08.05.2026";"ПТ";"2 пара (10:05-11:30)";"УП.02 (УП утро 08:30-12:30) — 1 п/г, Попова Татьяна Вильевна, Лесная"
"МЦМ-Пф-201";"08.05.2026";"ПТ";"3 пара (12:25-13:50)";"-"
"МЦМ-Пф-201";"08.05.2026";"ПТ";"4 пара (14:00-15:25)";"-"
"МЦМ-Пф-201";"08.05.2026";"ПТ";"5 пара (15:35-16:55)";"-"
"МЦМ-Пф-201";"08.05.2026";"ПТ";"6 пара (17:05-18:25)";"-"
"МЦМ-Пф-201";"08.05.2026";"ПТ";"7 пара (18:35-19:55)";"-"
"МЦМ-Пф-201";"09.05.2026";"СБ";"1 пара (08:30-09:45)";"УП.02 (УП утро 08:30-12:00) — 2 п/г, Попова Татьяна Вильевна, Лесная"
"МЦМ-Пф-201";"09.05.2026";"СБ";"2 пара (09:55-11:10)";"УП.02 (УП утро 08:30-12:00) — 2 п/г, Попова Татьяна Вильевна, Лесная"
"МЦМ-Пф-201";"09.05.2026";"СБ";"3 пара (11:30-12:45)";"-"
"МЦМ-Пф-201";"09.05.2026";"СБ";"4 пара (12:55-14:10)";"-"
"МЦМ-Пф-201";"09.05.2026";"СБ";"5 пара (14:20-15:30)";"-"
"МЦМ-Пф-201";"09.05.2026";"СБ";"6 пара (15:40-16:50)";"-"
"МЦМ-Пф-201";"09.05.2026";"СБ";"7 пара (17:00-18:10)";"-"
"МЦМ-Пф-201";"14.05.2026";"ЧТ";"1 пара (08:30-09:55)";"УП.02 (УП утро 08:30-12:30) — 1 п/г, Попова Татьяна Вильевна, Лесная"
"МЦМ-Пф-201";"14.05.2026";"ЧТ";"2 пара (10:05-11:30)";"УП.02 (УП утро 08:30-12:30) — 1 п/г, Попова Татьяна Вильевна, Лесная"
"МЦМ-Пф-201";"14.05.2026";"ЧТ";"3 пара (12:25-13:50)";"-"
"МЦМ-Пф-201";"14.05.2026";"ЧТ";"4 пара (14:00-15:25)";"-"
"МЦМ-Пф-201";"14.05.2026";"ЧТ";"5 пара (15:35-16:55)";"-"
"МЦМ-Пф-201";"14.05.2026";"ЧТ";"6 пара (17:05-18:25)";"-"
"МЦМ-Пф-201";"14.05.2026";"ЧТ";"7 пара (18:35-19:55)";"-"
"МЦМ-Пф-201";"15.05.2026";"ПТ";"1 пара (08:30-09:55)";"УП.02 (УП утро 08:30-12:30) — 2 п/г, Попова Татьяна Вильевна, Лесная"
"МЦМ-Пф-201";"15.05.2026";"ПТ";"2 пара (10:05-11:30)";"УП.02 (УП утро 08:30-12:30) — 2 п/г, Попова Татьяна Вильевна, Лесная"
"МЦМ-Пф-201";"15.05.2026";"ПТ";"3 пара (12:25-13:50)";"-"
"МЦМ-Пф-201";"15.05.2026";"ПТ";"4 пара (14:00-15:25)";"-"
"МЦМ-Пф-201";"15.05.2026";"ПТ";"5 пара (15:35-16:55)";"-"
"МЦМ-Пф-201";"15.05.2026";"ПТ";"6 пара (17:05-18:25)";"-"
"МЦМ-Пф-201";"15.05.2026";"ПТ";"7 пара (18:35-19:55)";"-"
"МЦМ-Пф-201";"16.05.2026";"СБ";"1 пара (08:30-09:45)";"УП.03 (УП утро 08:30-12:00) — 1 п/г, Письмак Владимир Николаевич, Лесная"
"МЦМ-Пф-201";"16.05.2026";"СБ";"2 пара (09:55-11:10)";"УП.03 (УП утро 08:30-12:00) — 1 п/г, Письмак Владимир Николаевич, Лесная"
"МЦМ-Пф-201";"16.05.2026";"СБ";"3 пара (11:30-12:45)";"-"
"МЦМ-Пф-201";"16.05.2026";"СБ";"4 пара (12:55-14:10)";"-"
"МЦМ-Пф-201";"16.05.2026";"СБ";"5 пара (14:20-15:30)";"-"
"МЦМ-Пф-201";"16.05.2026";"СБ";"6 пара (15:40-16:50)";"-"
"МЦМ-Пф-201";"16.05.2026";"СБ";"7 пара (17:00-18:10)";"-"
"МЦМ-Пф-201";"21.05.2026";"ЧТ";"1 пара (08:30-09:55)";"УП.02 (УП утро 08:30-12:30) — 1 п/г, Попова Татьяна Вильевна, Лесная"
"МЦМ-Пф-201";"21.05.2026";"ЧТ";"2 пара (10:05-11:30)";"УП.02 (УП утро 08:30-12:30) — 1 п/г, Попова Татьяна Вильевна, Лесная"
"МЦМ-Пф-201";"21.05.2026";"ЧТ";"3 пара (12:25-13:50)";"-"
"МЦМ-Пф-201";"21.05.2026";"ЧТ";"4 пара (14:00-15:25)";"-"
"МЦМ-Пф-201";"21.05.2026";"ЧТ";"5 пара (15:35-16:55)";"-"
"МЦМ-Пф-201";"21.05.2026";"ЧТ";"6 пара (17:05-18:25)";"-"
"МЦМ-Пф-201";"21.05.2026";"ЧТ";"7 пара (18:35-19:55)";"-"
"МЦМ-Пф-201";"22.05.2026";"ПТ";"1 пара (08:30-09:55)";"УП.02 (УП утро 08:30-12:30) — 2 п/г, Попова Татьяна Вильевна, Лесная"
"МЦМ-Пф-201";"22.05.2026";"ПТ";"2 пара (10:05-11:30)";"УП.02 (УП утро 08:30-12:30) — 2 п/г, Попова Татьяна Вильевна, Лесная"
"МЦМ-Пф-201";"22.05.2026";"ПТ";"3 пара (12:25-13:50)";"-"
"МЦМ-Пф-201";"22.05.2026";"ПТ";"4 пара (14:00-15:25)";"-"
"МЦМ-Пф-201";"22.05.2026";"ПТ";"5 пара (15:35-16:55)";"-"
"МЦМ-Пф-201";"22.05.2026";"ПТ";"6 пара (17:05-18:25)";"-"
"МЦМ-Пф-201";"22.05.2026";"ПТ";"7 пара (18:35-19:55)";"-"
"МЦМ-Пф-201";"23.05.2026";"СБ";"1 пара (08:30-09:45)";"УП.03 (УП утро 08:30-12:00) — 1 п/г, Письмак Владимир Николаевич, Лесная"
"МЦМ-Пф-201";"23.05.2026";"СБ";"2 пара (09:55-11:10)";"УП.03 (УП утро 08:30-12:00) — 1 п/г, Письмак Владимир Николаевич, Лесная"
"МЦМ-Пф-201";"23.05.2026";"СБ";"3 пара (11:30-12:45)";"-"
"МЦМ-Пф-201";"23.05.2026";"СБ";"4 пара (12:55-14:10)";"-"
"МЦМ-Пф-201";"23.05.2026";"СБ";"5 пара (14:20-15:30)";"-"
"МЦМ-Пф-201";"23.05.2026";"СБ";"6 пара (15:40-16:50)";"-"
"МЦМ-Пф-201";"23.05.2026";"СБ";"7 пара (17:00-18:10)";"-"
"МЦМ-Пф-201";"28.05.2026";"ЧТ";"1 пара (08:30-09:55)";"УП.02 (УП утро 08:30-12:30) — 1 п/г, Попова Татьяна Вильевна, Лесная"
"МЦМ-Пф-201";"28.05.2026";"ЧТ";"2 пара (10:05-11:30)";"УП.02 (УП утро 08:30-12:30) — 1 п/г, Попова Татьяна Вильевна, Лесная"
"МЦМ-Пф-201";"28.05.2026";"ЧТ";"3 пара (12:25-13:50)";"-"
"МЦМ-Пф-201";"28.05.2026";"ЧТ";"4 пара (14:00-15:25)";"-"
"МЦМ-Пф-201";"28.05.2026";"ЧТ";"5 пара (15:35-16:55)";"-"
"МЦМ-Пф-201";"28.05.2026";"ЧТ";"6 пара (17:05-18:25)";"-"
"МЦМ-Пф-201";"28.05.2026";"ЧТ";"7 пара (18:35-19:55)";"-"
"МЦМ-Пф-201";"29.05.2026";"ПТ";"1 пара (08:30-09:55)";"УП.02 (УП утро 08:30-12:30) — 2 п/г, Попова Татьяна Вильевна, Лесная"
"МЦМ-Пф-201";"29.05.2026";"ПТ";"2 пара (10:05-11:30)";"УП.02 (УП утро 08:30-12:30) — 2 п/г, Попова Татьяна Вильевна, Лесная"
"МЦМ-Пф-201";"29.05.2026";"ПТ";"3 пара (12:25-13:50)";"-"
"МЦМ-Пф-201";"29.05.2026";"ПТ";"4 пара (14:00-15:25)";"-"
"МЦМ-Пф-201";"29.05.2026";"ПТ";"5 пара (15:35-16:55)";"-"
"МЦМ-Пф-201";"29.05.2026";"ПТ";"6 пара (17:05-18:25)";"-"
"МЦМ-Пф-201";"29.05.2026";"ПТ";"7 пара (18:35-19:55)";"-"
"МЦМ-Пф-201";"30.05.2026";"СБ";"1 пара (08:30-09:45)";"УП.03 (УП утро 08:30-12:00) — 1 п/г, Письмак Владимир Николаевич, Лесная"
"МЦМ-Пф-201";"30.05.2026";"СБ";"2 пара (09:55-11:10)";"УП.03 (УП утро 08:30-12:00) — 1 п/г, Письмак Владимир Николаевич, Лесная"
"МЦМ-Пф-201";"30.05.2026";"СБ";"3 пара (11:30-12:45)";"-"
"МЦМ-Пф-201";"30.05.2026";"СБ";"4 пара (12:55-14:10)";"-"
"МЦМ-Пф-201";"30.05.2026";"СБ";"5 пара (14:20-15:30)";"-"
"МЦМ-Пф-201";"30.05.2026";"СБ";"6 пара (15:40-16:50)";"-"
"МЦМ-Пф-201";"30.05.2026";"СБ";"7 пара (17:00-18:10)";"-"
"ТЭО-Пф-2501";"12.01.2026";"ПН";"1 пара (09:15-10:40)";"Иностранный язык в профессиональной деятельности — 2 п/г, Синельникова Елена Владимировна, Лесная | УП.05 (УП утро 09:00-13:00) — 1 п/г, Шабуров Анатолий Анатольевич, Лесная"
"ТЭО-Пф-2501";"12.01.2026";"ПН";"2 пара (10:50-12:15)";"Иностранный язык в профессиональной деятельности — 2 п/г, Синельникова Елена Владимировна, Лесная | УП.05 (УП утро 09:00-13:00) — 1 п/г, Шабуров Анатолий Анатольевич, Лесная"
"ТЭО-Пф-2501";"12.01.2026";"ПН";"3 пара (13:10-14:35)";"Иностранный язык в профессиональной деятельности — 2 п/г, Синельникова Елена Владимировна, Лесная"
"ТЭО-Пф-2501";"12.01.2026";"ПН";"4 пара (14:45-16:10)";"Иностранный язык в профессиональной деятельности — 2 п/г, Синельникова Елена Владимировна, Лесная"
"ТЭО-Пф-2501";"12.01.2026";"ПН";"5 пара (16:20-17:40)";"Иностранный язык в профессиональной деятельности — 2 п/г, Синельникова Елена Владимировна, Лесная"
"ТЭО-Пф-2501";"12.01.2026";"ПН";"6 пара (17:50-19:10)";"-"
"ТЭО-Пф-2501";"12.01.2026";"ПН";"7 пара (19:20-20:40)";"-"
"ТЭО-Пф-2501";"13.01.2026";"ВТ";"1 пара (08:30-09:55)";"Иностранный язык в профессиональной деятельности — 1 п/г, Синельникова Елена Владимировна, Лесная | УП.05 (УП утро 08:30-12:30) — 2 п/г, Шабуров Анатолий Анатольевич, Лесная"
"ТЭО-Пф-2501";"13.01.2026";"ВТ";"2 пара (10:05-11:30)";"Иностранный язык в профессиональной деятельности — 1 п/г, Синельникова Елена Владимировна, Лесная | УП.05 (УП утро 08:30-12:30) — 2 п/г, Шабуров Анатолий Анатольевич, Лесная"
"ТЭО-Пф-2501";"13.01.2026";"ВТ";"3 пара (12:25-13:50)";"Иностранный язык в профессиональной деятельности — 1 п/г, Синельникова Елена Владимировна, Лесная"
"ТЭО-Пф-2501";"13.01.2026";"ВТ";"4 пара (14:00-15:25)";"Иностранный язык в профессиональной деятельности — 1 п/г, Синельникова Елена Владимировна, Лесная"
"ТЭО-Пф-2501";"13.01.2026";"ВТ";"5 пара (15:35-16:55)";"Иностранный язык в профессиональной деятельности — 1 п/г, Синельникова Елена Владимировна, Лесная"
"ТЭО-Пф-2501";"13.01.2026";"ВТ";"6 пара (17:05-18:25)";"-"
"ТЭО-Пф-2501";"13.01.2026";"ВТ";"7 пара (18:35-19:55)";"-"
"ТЭО-Пф-2501";"14.01.2026";"СР";"1 пара (08:30-09:55)";"-"
"ТЭО-Пф-2501";"14.01.2026";"СР";"2 пара (10:05-11:30)";"-"
"ТЭО-Пф-2501";"14.01.2026";"СР";"3 пара (12:25-13:50)";"Иностранный язык в профессиональной деятельности — 1 п/г, Синельникова Елена Владимировна, Лесная | Информационные технологии в профессиональной деятельности — 2 п/г, Азарян Карине Айказовна, Лесная"
"ТЭО-Пф-2501";"14.01.2026";"СР";"4 пара (14:00-15:25)";"Иностранный язык в профессиональной деятельности — 1 п/г, Синельникова Елена Владимировна, Лесная | Информационные технологии в профессиональной деятельности — 2 п/г, Азарян Карине Айказовна, Лесная"
"ТЭО-Пф-2501";"14.01.2026";"СР";"5 пара (15:35-16:55)";"Иностранный язык в профессиональной деятельности — 1 п/г, Синельникова Елена Владимировна, Лесная | Информационные технологии в профессиональной деятельности — 2 п/г, Азарян Карине Айказовна, Лесная"
"ТЭО-Пф-2501";"14.01.2026";"СР";"6 пара (17:05-18:25)";"История России — вся группа, Цимфер Татьяна Ивановна, Лесная"
"ТЭО-Пф-2501";"14.01.2026";"СР";"7 пара (18:35-19:55)";"История России — вся группа, Цимфер Татьяна Ивановна, Лесная"
"ТЭО-Пф-2501";"15.01.2026";"ЧТ";"1 пара (08:30-09:55)";"-"
"ТЭО-Пф-2501";"15.01.2026";"ЧТ";"2 пара (10:05-11:30)";"-"
"ТЭО-Пф-2501";"15.01.2026";"ЧТ";"3 пара (12:25-13:50)";"Иностранный язык в профессиональной деятельности — 1 п/г, Синельникова Елена Владимировна, Лесная | Информационные технологии в профессиональной деятельности — 2 п/г, Азарян Карине Айказовна, Лесная"
"ТЭО-Пф-2501";"15.01.2026";"ЧТ";"4 пара (14:00-15:25)";"Иностранный язык в профессиональной деятельности — 1 п/г, Синельникова Елена Владимировна, Лесная | Информационные технологии в профессиональной деятельности — 2 п/г, Азарян Карине Айказовна, Лесная"
"ТЭО-Пф-2501";"15.01.2026";"ЧТ";"5 пара (15:35-16:55)";"Иностранный язык в профессиональной деятельности — 1 п/г, Синельникова Елена Владимировна, Лесная | Информационные технологии в профессиональной деятельности — 2 п/г, Азарян Карине Айказовна, Лесная"
"ТЭО-Пф-2501";"15.01.2026";"ЧТ";"6 пара (17:05-18:25)";"История России — вся группа, Цимфер Татьяна Ивановна, Лесная"
"ТЭО-Пф-2501";"15.01.2026";"ЧТ";"7 пара (18:35-19:55)";"История России — вся группа, Цимфер Татьяна Ивановна, Лесная"
"ТЭО-Пф-2501";"16.01.2026";"ПТ";"1 пара (08:30-09:55)";"-"
"ТЭО-Пф-2501";"16.01.2026";"ПТ";"2 пара (10:05-11:30)";"-"
"ТЭО-Пф-2501";"16.01.2026";"ПТ";"3 пара (12:25-13:50)";"История России — вся группа, Цимфер Татьяна Ивановна, Лесная"
"ТЭО-Пф-2501";"16.01.2026";"ПТ";"4 пара (14:00-15:25)";"История России — вся группа, Цимфер Татьяна Ивановна, Лесная"
"ТЭО-Пф-2501";"16.01.2026";"ПТ";"5 пара (15:35-16:55)";"История России — вся группа, Цимфер Татьяна Ивановна, Лесная"
"ТЭО-Пф-2501";"16.01.2026";"ПТ";"6 пара (17:05-18:25)";"История России — вся группа, Цимфер Татьяна Ивановна, Лесная"
"ТЭО-Пф-2501";"16.01.2026";"ПТ";"7 пара (18:35-19:55)";"История России — вся группа, Цимфер Татьяна Ивановна, Лесная"
"ТЭО-Пф-2501";"17.01.2026";"СБ";"1 пара (08:30-09:45)";"История России — вся группа, Цимфер Татьяна Ивановна, Лесная"
"ТЭО-Пф-2501";"17.01.2026";"СБ";"2 пара (09:55-11:10)";"История России — вся группа, Цимфер Татьяна Ивановна, Лесная"
"ТЭО-Пф-2501";"17.01.2026";"СБ";"3 пара (11:30-12:45)";"История России — вся группа, Цимфер Татьяна Ивановна, Лесная"
"ТЭО-Пф-2501";"17.01.2026";"СБ";"4 пара (12:55-14:10)";"История России — вся группа, Цимфер Татьяна Ивановна, Лесная"
"ТЭО-Пф-2501";"17.01.2026";"СБ";"5 пара (14:20-15:30)";"История России — вся группа, Цимфер Татьяна Ивановна, Лесная"
"ТЭО-Пф-2501";"17.01.2026";"СБ";"6 пара (15:40-16:50)";"-"
"ТЭО-Пф-2501";"17.01.2026";"СБ";"7 пара (17:00-18:10)";"-"
"ТЭО-Пф-2501";"19.01.2026";"ПН";"1 пара (09:15-10:40)";"Информационные технологии в профессиональной деятельности — 2 п/г, Азарян Карине Айказовна, Лесная | УП.05 (УП утро 09:00-13:00) — 1 п/г, Шабуров Анатолий Анатольевич, Лесная"
"ТЭО-Пф-2501";"19.01.2026";"ПН";"2 пара (10:50-12:15)";"Информационные технологии в профессиональной деятельности — 2 п/г, Азарян Карине Айказовна, Лесная | УП.05 (УП утро 09:00-13:00) — 1 п/г, Шабуров Анатолий Анатольевич, Лесная"
"ТЭО-Пф-2501";"19.01.2026";"ПН";"3 пара (13:10-14:35)";"ЛПЗ МДК.01.01 Технология ремонта, монтажа и наладки электрического и электромеханического оборудования — 2 п/г, Шабуров Анатолий Анатольевич, Лесная"
"ТЭО-Пф-2501";"19.01.2026";"ПН";"4 пара (14:45-16:10)";"ЛПЗ МДК.01.01 Технология ремонта, монтажа и наладки электрического и электромеханического оборудования — 2 п/г, Шабуров Анатолий Анатольевич, Лесная"
"ТЭО-Пф-2501";"19.01.2026";"ПН";"5 пара (16:20-17:40)";"ЛПЗ МДК.01.01 Технология ремонта, монтажа и наладки электрического и электромеханического оборудования — 2 п/г, Шабуров Анатолий Анатольевич, Лесная"
"ТЭО-Пф-2501";"19.01.2026";"ПН";"6 пара (17:50-19:10)";"-"
"ТЭО-Пф-2501";"19.01.2026";"ПН";"7 пара (19:20-20:40)";"-"
"ТЭО-Пф-2501";"20.01.2026";"ВТ";"1 пара (08:30-09:55)";"Информационные технологии в профессиональной деятельности — 1 п/г, Азарян Карине Айказовна, Лесная | УП.05 (УП утро 08:30-12:30) — 2 п/г, Шабуров Анатолий Анатольевич, Лесная"
"ТЭО-Пф-2501";"20.01.2026";"ВТ";"2 пара (10:05-11:30)";"Информационные технологии в профессиональной деятельности — 1 п/г, Азарян Карине Айказовна, Лесная | УП.05 (УП утро 08:30-12:30) — 2 п/г, Шабуров Анатолий Анатольевич, Лесная"
"ТЭО-Пф-2501";"20.01.2026";"ВТ";"3 пара (12:25-13:50)";"-"
"ТЭО-Пф-2501";"20.01.2026";"ВТ";"4 пара (14:00-15:25)";"-"
"ТЭО-Пф-2501";"20.01.2026";"ВТ";"5 пара (15:35-16:55)";"-"
"ТЭО-Пф-2501";"20.01.2026";"ВТ";"6 пара (17:05-18:25)";"-"
"ТЭО-Пф-2501";"20.01.2026";"ВТ";"7 пара (18:35-19:55)";"-"
"ТЭО-Пф-2501";"21.01.2026";"СР";"1 пара (08:30-09:55)";"История России — вся группа, Цимфер Татьяна Ивановна, Лесная"
"ТЭО-Пф-2501";"21.01.2026";"СР";"2 пара (10:05-11:30)";"История России — вся группа, Цимфер Татьяна Ивановна, Лесная"
"ТЭО-Пф-2501";"21.01.2026";"СР";"3 пара (12:25-13:50)";"История России — вся группа, Цимфер Татьяна Ивановна, Лесная"
"ТЭО-Пф-2501";"21.01.2026";"СР";"4 пара (14:00-15:25)";"История России — вся группа, Цимфер Татьяна Ивановна, Лесная"
"ТЭО-Пф-2501";"21.01.2026";"СР";"5 пара (15:35-16:55)";"История России — вся группа, Цимфер Татьяна Ивановна, Лесная"
"ТЭО-Пф-2501";"21.01.2026";"СР";"6 пара (17:05-18:25)";"-"
"ТЭО-Пф-2501";"21.01.2026";"СР";"7 пара (18:35-19:55)";"-"
"ТЭО-Пф-2501";"22.01.2026";"ЧТ";"1 пара (08:30-09:55)";"История России — вся группа, Цимфер Татьяна Ивановна, Лесная"
"ТЭО-Пф-2501";"22.01.2026";"ЧТ";"2 пара (10:05-11:30)";"История России — вся группа, Цимфер Татьяна Ивановна, Лесная"
"ТЭО-Пф-2501";"22.01.2026";"ЧТ";"3 пара (12:25-13:50)";"История России — вся группа, Цимфер Татьяна Ивановна, Лесная"
"ТЭО-Пф-2501";"22.01.2026";"ЧТ";"4 пара (14:00-15:25)";"История России — вся группа, Цимфер Татьяна Ивановна, Лесная"
"ТЭО-Пф-2501";"22.01.2026";"ЧТ";"5 пара (15:35-16:55)";"История России — вся группа, Цимфер Татьяна Ивановна, Лесная"
"ТЭО-Пф-2501";"22.01.2026";"ЧТ";"6 пара (17:05-18:25)";"-"
"ТЭО-Пф-2501";"22.01.2026";"ЧТ";"7 пара (18:35-19:55)";"-"
"ТЭО-Пф-2501";"23.01.2026";"ПТ";"1 пара (08:30-09:55)";"-"
"ТЭО-Пф-2501";"23.01.2026";"ПТ";"2 пара (10:05-11:30)";"-"
"ТЭО-Пф-2501";"23.01.2026";"ПТ";"3 пара (12:25-13:50)";"Физическая культура — вся группа, Потапова Регина Александровна, Лесная"
"ТЭО-Пф-2501";"23.01.2026";"ПТ";"4 пара (14:00-15:25)";"Физическая культура — вся группа, Потапова Регина Александровна, Лесная"
"ТЭО-Пф-2501";"23.01.2026";"ПТ";"5 пара (15:35-16:55)";"Иностранный язык в профессиональной деятельности — 1 п/г, Синельникова Елена Владимировна, Лесная | Информационные технологии в профессиональной деятельности — 2 п/г, Азарян Карине Айказовна, Лесная"
"ТЭО-Пф-2501";"23.01.2026";"ПТ";"6 пара (17:05-18:25)";"Иностранный язык в профессиональной деятельности — 1 п/г, Синельникова Елена Владимировна, Лесная | Информационные технологии в профессиональной деятельности — 2 п/г, Азарян Карине Айказовна, Лесная"
"ТЭО-Пф-2501";"23.01.2026";"ПТ";"7 пара (18:35-19:55)";"Иностранный язык в профессиональной деятельности — 1 п/г, Синельникова Елена Владимировна, Лесная | Информационные технологии в профессиональной деятельности — 2 п/г, Азарян Карине Айказовна, Лесная"
"ТЭО-Пф-2501";"24.01.2026";"СБ";"1 пара (08:30-09:45)";"Иностранный язык в профессиональной деятельности — 1 п/г, Синельникова Елена Владимировна, Лесная"
"ТЭО-Пф-2501";"24.01.2026";"СБ";"2 пара (09:55-11:10)";"Иностранный язык в профессиональной деятельности — 1 п/г, Синельникова Елена Владимировна, Лесная"
"ТЭО-Пф-2501";"24.01.2026";"СБ";"3 пара (11:30-12:45)";"Иностранный язык в профессиональной деятельности — 1 п/г, Синельникова Елена Владимировна, Лесная | Информационные технологии в профессиональной деятельности — 2 п/г, Азарян Карине Айказовна, Лесная"
"ТЭО-Пф-2501";"24.01.2026";"СБ";"4 пара (12:55-14:10)";"Иностранный язык в профессиональной деятельности — 1 п/г, Синельникова Елена Владимировна, Лесная | Информационные технологии в профессиональной деятельности — 2 п/г, Азарян Карине Айказовна, Лесная"
"ТЭО-Пф-2501";"24.01.2026";"СБ";"5 пара (14:20-15:30)";"Иностранный язык в профессиональной деятельности — 1 п/г, Синельникова Елена Владимировна, Лесная | Информационные технологии в профессиональной деятельности — 2 п/г, Азарян Карине Айказовна, Лесная"
"ТЭО-Пф-2501";"24.01.2026";"СБ";"6 пара (15:40-16:50)";"Иностранный язык в профессиональной деятельности — 2 п/г, Синельникова Елена Владимировна, Лесная"
"ТЭО-Пф-2501";"24.01.2026";"СБ";"7 пара (17:00-18:10)";"Иностранный язык в профессиональной деятельности — 2 п/г, Синельникова Елена Владимировна, Лесная"
"ТЭО-Пф-2501";"26.01.2026";"ПН";"1 пара (09:15-10:40)";"Иностранный язык в профессиональной деятельности — 2 п/г, Синельникова Елена Владимировна, Лесная | УП.05 (УП утро 09:00-13:00) — 1 п/г, Шабуров Анатолий Анатольевич, Лесная"
"ТЭО-Пф-2501";"26.01.2026";"ПН";"2 пара (10:50-12:15)";"Иностранный язык в профессиональной деятельности — 2 п/г, Синельникова Елена Владимировна, Лесная | УП.05 (УП утро 09:00-13:00) — 1 п/г, Шабуров Анатолий Анатольевич, Лесная"
"ТЭО-Пф-2501";"26.01.2026";"ПН";"3 пара (13:10-14:35)";"Иностранный язык в профессиональной деятельности — 2 п/г, Синельникова Елена Владимировна, Лесная"
"ТЭО-Пф-2501";"26.01.2026";"ПН";"4 пара (14:45-16:10)";"Иностранный язык в профессиональной деятельности — 2 п/г, Синельникова Елена Владимировна, Лесная"
"ТЭО-Пф-2501";"26.01.2026";"ПН";"5 пара (16:20-17:40)";"Иностранный язык в профессиональной деятельности — 2 п/г, Синельникова Елена Владимировна, Лесная"
"ТЭО-Пф-2501";"26.01.2026";"ПН";"6 пара (17:50-19:10)";"-"
"ТЭО-Пф-2501";"26.01.2026";"ПН";"7 пара (19:20-20:40)";"-"
"ТЭО-Пф-2501";"27.01.2026";"ВТ";"1 пара (08:30-09:55)";"Иностранный язык в профессиональной деятельности — 1 п/г, Синельникова Елена Владимировна, Лесная | УП.05 (УП утро 08:30-12:30) — 2 п/г, Шабуров Анатолий Анатольевич, Лесная"
"ТЭО-Пф-2501";"27.01.2026";"ВТ";"2 пара (10:05-11:30)";"Информационные технологии в профессиональной деятельности — 1 п/г, Азарян Карине Айказовна, Лесная | УП.05 (УП утро 08:30-12:30) — 2 п/г, Шабуров Анатолий Анатольевич, Лесная"
"ТЭО-Пф-2501";"27.01.2026";"ВТ";"3 пара (12:25-13:50)";"Информационные технологии в профессиональной деятельности — 1 п/г, Азарян Карине Айказовна, Лесная"
"ТЭО-Пф-2501";"27.01.2026";"ВТ";"4 пара (14:00-15:25)";"Информационные технологии в профессиональной деятельности — 1 п/г, Азарян Карине Айказовна, Лесная"
"ТЭО-Пф-2501";"27.01.2026";"ВТ";"5 пара (15:35-16:55)";"Информационные технологии в профессиональной деятельности — 1 п/г, Азарян Карине Айказовна, Лесная"
"ТЭО-Пф-2501";"27.01.2026";"ВТ";"6 пара (17:05-18:25)";"-"
"ТЭО-Пф-2501";"27.01.2026";"ВТ";"7 пара (18:35-19:55)";"-"
"ТЭО-Пф-2501";"28.01.2026";"СР";"1 пара (08:30-09:55)";"Иностранный язык в профессиональной деятельности — 2 п/г, Синельникова Елена Владимировна, Лесная | Информационные технологии в профессиональной деятельности — 1 п/г, Азарян Карине Айказовна, Лесная"
"ТЭО-Пф-2501";"28.01.2026";"СР";"2 пара (10:05-11:30)";"Иностранный язык в профессиональной деятельности — 2 п/г, Синельникова Елена Владимировна, Лесная | Информационные технологии в профессиональной деятельности — 1 п/г, Азарян Карине Айказовна, Лесная"
"ТЭО-Пф-2501";"28.01.2026";"СР";"3 пара (12:25-13:50)";"Иностранный язык в профессиональной деятельности — 2 п/г, Синельникова Елена Владимировна, Лесная | Информационные технологии в профессиональной деятельности — 1 п/г, Азарян Карине Айказовна, Лесная"
"ТЭО-Пф-2501";"28.01.2026";"СР";"4 пара (14:00-15:25)";"Иностранный язык в профессиональной деятельности — 2 п/г, Синельникова Елена Владимировна, Лесная | Информационные технологии в профессиональной деятельности — 1 п/г, Азарян Карине Айказовна, Лесная"
"ТЭО-Пф-2501";"28.01.2026";"СР";"5 пара (15:35-16:55)";"Иностранный язык в профессиональной деятельности — 2 п/г, Синельникова Елена Владимировна, Лесная | Информационные технологии в профессиональной деятельности — 1 п/г, Азарян Карине Айказовна, Лесная"
"ТЭО-Пф-2501";"28.01.2026";"СР";"6 пара (17:05-18:25)";"-"
"ТЭО-Пф-2501";"28.01.2026";"СР";"7 пара (18:35-19:55)";"-"
"ТЭО-Пф-2501";"29.01.2026";"ЧТ";"1 пара (08:30-09:55)";"Иностранный язык в профессиональной деятельности — 2 п/г, Синельникова Елена Владимировна, Лесная | Информационные технологии в профессиональной деятельности — 1 п/г, Азарян Карине Айказовна, Лесная"
"ТЭО-Пф-2501";"29.01.2026";"ЧТ";"2 пара (10:05-11:30)";"Иностранный язык в профессиональной деятельности — 2 п/г, Синельникова Елена Владимировна, Лесная | Информационные технологии в профессиональной деятельности — 1 п/г, Азарян Карине Айказовна, Лесная"
"ТЭО-Пф-2501";"29.01.2026";"ЧТ";"3 пара (12:25-13:50)";"Иностранный язык в профессиональной деятельности — 2 п/г, Синельникова Елена Владимировна, Лесная | Информационные технологии в профессиональной деятельности — 1 п/г, Азарян Карине Айказовна, Лесная"
"ТЭО-Пф-2501";"29.01.2026";"ЧТ";"4 пара (14:00-15:25)";"Инженерная графика — вся группа, Кошелев Дмитрий Александрович, Лесная"
"ТЭО-Пф-2501";"29.01.2026";"ЧТ";"5 пара (15:35-16:55)";"Инженерная графика — вся группа, Кошелев Дмитрий Александрович, Лесная"
"ТЭО-Пф-2501";"29.01.2026";"ЧТ";"6 пара (17:05-18:25)";"-"
"ТЭО-Пф-2501";"29.01.2026";"ЧТ";"7 пара (18:35-19:55)";"-"
"ТЭО-Пф-2501";"30.01.2026";"ПТ";"1 пара (08:30-09:55)";"Информационные технологии в профессиональной деятельности — 2 п/г, Азарян Карине Айказовна, Лесная | УП.01 (УП утро 08:30-12:30) — 1 п/г, Кошелев Дмитрий Александрович, Лесная"
"ТЭО-Пф-2501";"30.01.2026";"ПТ";"2 пара (10:05-11:30)";"Информационные технологии в профессиональной деятельности — 2 п/г, Азарян Карине Айказовна, Лесная | УП.01 (УП утро 08:30-12:30) — 1 п/г, Кошелев Дмитрий Александрович, Лесная"
"ТЭО-Пф-2501";"30.01.2026";"ПТ";"3 пара (12:25-13:50)";"Информационные технологии в профессиональной деятельности — 2 п/г, Азарян Карине Айказовна, Лесная"
"ТЭО-Пф-2501";"30.01.2026";"ПТ";"4 пара (14:00-15:25)";"Информационные технологии в профессиональной деятельности — 2 п/г, Азарян Карине Айказовна, Лесная"
"ТЭО-Пф-2501";"30.01.2026";"ПТ";"5 пара (15:35-16:55)";"Информационные технологии в профессиональной деятельности — 2 п/г, Азарян Карине Айказовна, Лесная"
"ТЭО-Пф-2501";"30.01.2026";"ПТ";"6 пара (17:05-18:25)";"-"
"ТЭО-Пф-2501";"30.01.2026";"ПТ";"7 пара (18:35-19:55)";"-"
"ТЭО-Пф-2501";"31.01.2026";"СБ";"1 пара (08:30-09:45)";"УП.01 (УП утро 08:30-12:00) — 2 п/г, Кошелев Дмитрий Александрович, Лесная"
"ТЭО-Пф-2501";"31.01.2026";"СБ";"2 пара (09:55-11:10)";"УП.01 (УП утро 08:30-12:00) — 2 п/г, Кошелев Дмитрий Александрович, Лесная"
"ТЭО-Пф-2501";"31.01.2026";"СБ";"3 пара (11:30-12:45)";"ЛПЗ МДК.01.01 Технология ремонта, монтажа и наладки электрического и электромеханического оборудования — 1 п/г, Шабуров Анатолий Анатольевич, Лесная"
"ТЭО-Пф-2501";"31.01.2026";"СБ";"4 пара (12:55-14:10)";"ЛПЗ МДК.01.01 Технология ремонта, монтажа и наладки электрического и электромеханического оборудования — 1 п/г, Шабуров Анатолий Анатольевич, Лесная"
"ТЭО-Пф-2501";"31.01.2026";"СБ";"5 пара (14:20-15:30)";"ЛПЗ МДК.01.01 Технология ремонта, монтажа и наладки электрического и электромеханического оборудования — 1 п/г, Шабуров Анатолий Анатольевич, Лесная"
"ТЭО-Пф-2501";"31.01.2026";"СБ";"6 пара (15:40-16:50)";"Информационные технологии в профессиональной деятельности — 1 п/г, Азарян Карине Айказовна, Лесная"
"ТЭО-Пф-2501";"31.01.2026";"СБ";"7 пара (17:00-18:10)";"Информационные технологии в профессиональной деятельности — 1 п/г, Азарян Карине Айказовна, Лесная"
"ТЭО-Пф-2501";"02.02.2026";"ПН";"1 пара (09:15-10:40)";"Информационные технологии в профессиональной деятельности — 2 п/г, Азарян Карине Айказовна, Лесная | УП.05 (УП утро 09:00-13:00) — 1 п/г, Шабуров Анатолий Анатольевич, Лесная"
"ТЭО-Пф-2501";"02.02.2026";"ПН";"2 пара (10:50-12:15)";"Информационные технологии в профессиональной деятельности — 2 п/г, Азарян Карине Айказовна, Лесная | УП.05 (УП утро 09:00-13:00) — 1 п/г, Шабуров Анатолий Анатольевич, Лесная"
"ТЭО-Пф-2501";"02.02.2026";"ПН";"3 пара (13:10-14:35)";"Информационные технологии в профессиональной деятельности — 2 п/г, Азарян Карине Айказовна, Лесная"
"ТЭО-Пф-2501";"02.02.2026";"ПН";"4 пара (14:45-16:10)";"Информационные технологии в профессиональной деятельности — 2 п/г, Азарян Карине Айказовна, Лесная"
"ТЭО-Пф-2501";"02.02.2026";"ПН";"5 пара (16:20-17:40)";"ЛПЗ МДК.01.01 Технология ремонта, монтажа и наладки электрического и электромеханического оборудования — 2 п/г, Шабуров Анатолий Анатольевич, Лесная"
"ТЭО-Пф-2501";"02.02.2026";"ПН";"6 пара (17:50-19:10)";"-"
"ТЭО-Пф-2501";"02.02.2026";"ПН";"7 пара (19:20-20:40)";"-"
"ТЭО-Пф-2501";"03.02.2026";"ВТ";"1 пара (08:30-09:55)";"УП.05 (УП утро 08:30-12:30) — 2 п/г, Шабуров Анатолий Анатольевич, Лесная"
"ТЭО-Пф-2501";"03.02.2026";"ВТ";"2 пара (10:05-11:30)";"УП.05 (УП утро 08:30-12:30) — 2 п/г, Шабуров Анатолий Анатольевич, Лесная"
"ТЭО-Пф-2501";"03.02.2026";"ВТ";"3 пара (12:25-13:50)";"-"
"ТЭО-Пф-2501";"03.02.2026";"ВТ";"4 пара (14:00-15:25)";"ЛПЗ МДК.01.01 Технология ремонта, монтажа и наладки электрического и электромеханического оборудования — 1 п/г, Шабуров Анатолий Анатольевич, Лесная"
"ТЭО-Пф-2501";"03.02.2026";"ВТ";"5 пара (15:35-16:55)";"ЛПЗ МДК.01.01 Технология ремонта, монтажа и наладки электрического и электромеханического оборудования — 1 п/г, Шабуров Анатолий Анатольевич, Лесная"
"ТЭО-Пф-2501";"03.02.2026";"ВТ";"6 пара (17:05-18:25)";"ЛПЗ МДК.01.01 Технология ремонта, монтажа и наладки электрического и электромеханического оборудования — 1 п/г, Шабуров Анатолий Анатольевич, Лесная"
"ТЭО-Пф-2501";"03.02.2026";"ВТ";"7 пара (18:35-19:55)";"ЛПЗ МДК.01.01 Технология ремонта, монтажа и наладки электрического и электромеханического оборудования — 1 п/г, Шабуров Анатолий Анатольевич, Лесная"
"ТЭО-Пф-2501";"04.02.2026";"СР";"1 пара (08:30-09:55)";"Физическая культура — вся группа, Потапова Регина Александровна, Лесная"
"ТЭО-Пф-2501";"04.02.2026";"СР";"2 пара (10:05-11:30)";"Физическая культура — вся группа, Потапова Регина Александровна, Лесная"
"ТЭО-Пф-2501";"04.02.2026";"СР";"3 пара (12:25-13:50)";"Физическая культура — вся группа, Потапова Регина Александровна, Лесная"
"ТЭО-Пф-2501";"04.02.2026";"СР";"4 пара (14:00-15:25)";"Физическая культура — вся группа, Потапова Регина Александровна, Лесная"
"ТЭО-Пф-2501";"04.02.2026";"СР";"5 пара (15:35-16:55)";"Физическая культура — вся группа, Потапова Регина Александровна, Лесная"
"ТЭО-Пф-2501";"04.02.2026";"СР";"6 пара (17:05-18:25)";"-"
"ТЭО-Пф-2501";"04.02.2026";"СР";"7 пара (18:35-19:55)";"-"
"ТЭО-Пф-2501";"05.02.2026";"ЧТ";"1 пара (08:30-09:55)";"Физическая культура — вся группа, Потапова Регина Александровна, Лесная"
"ТЭО-Пф-2501";"05.02.2026";"ЧТ";"2 пара (10:05-11:30)";"Физическая культура — вся группа, Потапова Регина Александровна, Лесная"
"ТЭО-Пф-2501";"05.02.2026";"ЧТ";"3 пара (12:25-13:50)";"Физическая культура — вся группа, Потапова Регина Александровна, Лесная"
"ТЭО-Пф-2501";"05.02.2026";"ЧТ";"4 пара (14:00-15:25)";"Физическая культура — вся группа, Потапова Регина Александровна, Лесная"
"ТЭО-Пф-2501";"05.02.2026";"ЧТ";"5 пара (15:35-16:55)";"Физическая культура — вся группа, Потапова Регина Александровна, Лесная"
"ТЭО-Пф-2501";"05.02.2026";"ЧТ";"6 пара (17:05-18:25)";"-"
"ТЭО-Пф-2501";"05.02.2026";"ЧТ";"7 пара (18:35-19:55)";"-"
"ТЭО-Пф-2501";"06.02.2026";"ПТ";"1 пара (08:30-09:55)";"Информационные технологии в профессиональной деятельности — 2 п/г, Азарян Карине Айказовна, Лесная | УП.01 (УП утро 08:30-12:30) — 1 п/г, Кошелев Дмитрий Александрович, Лесная"
"ТЭО-Пф-2501";"06.02.2026";"ПТ";"2 пара (10:05-11:30)";"Информационные технологии в профессиональной деятельности — 2 п/г, Азарян Карине Айказовна, Лесная | УП.01 (УП утро 08:30-12:30) — 1 п/г, Кошелев Дмитрий Александрович, Лесная"
"ТЭО-Пф-2501";"06.02.2026";"ПТ";"3 пара (12:25-13:50)";"Информационные технологии в профессиональной деятельности — 2 п/г, Азарян Карине Айказовна, Лесная"
"ТЭО-Пф-2501";"06.02.2026";"ПТ";"4 пара (14:00-15:25)";"Информационные технологии в профессиональной деятельности — 2 п/г, Азарян Карине Айказовна, Лесная"
"ТЭО-Пф-2501";"06.02.2026";"ПТ";"5 пара (15:35-16:55)";"Информационные технологии в профессиональной деятельности — 2 п/г, Азарян Карине Айказовна, Лесная"
"ТЭО-Пф-2501";"06.02.2026";"ПТ";"6 пара (17:05-18:25)";"-"
"ТЭО-Пф-2501";"06.02.2026";"ПТ";"7 пара (18:35-19:55)";"-"
"ТЭО-Пф-2501";"07.02.2026";"СБ";"1 пара (08:30-09:45)";"Информационные технологии в профессиональной деятельности — 1 п/г, Азарян Карине Айказовна, Лесная | УП.01 (УП утро 08:30-12:00) — 2 п/г, Кошелев Дмитрий Александрович, Лесная"
"ТЭО-Пф-2501";"07.02.2026";"СБ";"2 пара (09:55-11:10)";"Информационные технологии в профессиональной деятельности — 1 п/г, Азарян Карине Айказовна, Лесная | УП.01 (УП утро 08:30-12:00) — 2 п/г, Кошелев Дмитрий Александрович, Лесная"
"ТЭО-Пф-2501";"07.02.2026";"СБ";"3 пара (11:30-12:45)";"Информационные технологии в профессиональной деятельности — 1 п/г, Азарян Карине Айказовна, Лесная"
"ТЭО-Пф-2501";"07.02.2026";"СБ";"4 пара (12:55-14:10)";"Информационные технологии в профессиональной деятельности — 1 п/г, Азарян Карине Айказовна, Лесная"
"ТЭО-Пф-2501";"07.02.2026";"СБ";"5 пара (14:20-15:30)";"Информационные технологии в профессиональной деятельности — 1 п/г, Азарян Карине Айказовна, Лесная"
"ТЭО-Пф-2501";"07.02.2026";"СБ";"6 пара (15:40-16:50)";"-"
"ТЭО-Пф-2501";"07.02.2026";"СБ";"7 пара (17:00-18:10)";"-"
"ТЭО-Пф-2501";"09.02.2026";"ПН";"1 пара (09:15-10:40)";"Информационные технологии в профессиональной деятельности — 2 п/г, Азарян Карине Айказовна, Лесная | УП.05 (УП утро 09:00-13:00) — 1 п/г, Шабуров Анатолий Анатольевич, Лесная"
"ТЭО-Пф-2501";"09.02.2026";"ПН";"2 пара (10:50-12:15)";"Информационные технологии в профессиональной деятельности — 2 п/г, Азарян Карине Айказовна, Лесная | УП.05 (УП утро 09:00-13:00) — 1 п/г, Шабуров Анатолий Анатольевич, Лесная"
"ТЭО-Пф-2501";"09.02.2026";"ПН";"3 пара (13:10-14:35)";"Информационные технологии в профессиональной деятельности — 2 п/г, Азарян Карине Айказовна, Лесная"
"ТЭО-Пф-2501";"09.02.2026";"ПН";"4 пара (14:45-16:10)";"Информационные технологии в профессиональной деятельности — 2 п/г, Азарян Карине Айказовна, Лесная"
"ТЭО-Пф-2501";"09.02.2026";"ПН";"5 пара (16:20-17:40)";"Информационные технологии в профессиональной деятельности — 2 п/г, Азарян Карине Айказовна, Лесная"
"ТЭО-Пф-2501";"09.02.2026";"ПН";"6 пара (17:50-19:10)";"-"
"ТЭО-Пф-2501";"09.02.2026";"ПН";"7 пара (19:20-20:40)";"-"
"ТЭО-Пф-2501";"10.02.2026";"ВТ";"1 пара (08:30-09:55)";"Информационные технологии в профессиональной деятельности — 1 п/г, Азарян Карине Айказовна, Лесная | УП.05 (УП утро 08:30-12:30) — 2 п/г, Шабуров Анатолий Анатольевич, Лесная"
"ТЭО-Пф-2501";"10.02.2026";"ВТ";"2 пара (10:05-11:30)";"Информационные технологии в профессиональной деятельности — 1 п/г, Азарян Карине Айказовна, Лесная | УП.05 (УП утро 08:30-12:30) — 2 п/г, Шабуров Анатолий Анатольевич, Лесная"
"ТЭО-Пф-2501";"10.02.2026";"ВТ";"3 пара (12:25-13:50)";"Информационные технологии в профессиональной деятельности — 1 п/г, Азарян Карине Айказовна, Лесная"
"ТЭО-Пф-2501";"10.02.2026";"ВТ";"4 пара (14:00-15:25)";"Информационные технологии в профессиональной деятельности — 1 п/г, Азарян Карине Айказовна, Лесная"
"ТЭО-Пф-2501";"10.02.2026";"ВТ";"5 пара (15:35-16:55)";"Информационные технологии в профессиональной деятельности — 1 п/г, Азарян Карине Айказовна, Лесная"
"ТЭО-Пф-2501";"10.02.2026";"ВТ";"6 пара (17:05-18:25)";"-"
"ТЭО-Пф-2501";"10.02.2026";"ВТ";"7 пара (18:35-19:55)";"-"
"ТЭО-Пф-2501";"11.02.2026";"СР";"1 пара (08:30-09:55)";"ЛПЗ МДК.01.01 Технология ремонта, монтажа и наладки электрического и электромеханического оборудования — 2 п/г, Шабуров Анатолий Анатольевич, Лесная | УП.01 (УП утро 08:30-12:30) — 1 п/г, Кошелев Дмитрий Александрович, Лесная"
"ТЭО-Пф-2501";"11.02.2026";"СР";"2 пара (10:05-11:30)";"ЛПЗ МДК.01.01 Технология ремонта, монтажа и наладки электрического и электромеханического оборудования — 2 п/г, Шабуров Анатолий Анатольевич, Лесная | УП.01 (УП утро 08:30-12:30) — 1 п/г, Кошелев Дмитрий Александрович, Лесная"
"ТЭО-Пф-2501";"11.02.2026";"СР";"3 пара (12:25-13:50)";"ЛПЗ МДК.01.01 Технология ремонта, монтажа и наладки электрического и электромеханического оборудования — 2 п/г, Шабуров Анатолий Анатольевич, Лесная"
"ТЭО-Пф-2501";"11.02.2026";"СР";"4 пара (14:00-15:25)";"ЛПЗ МДК.01.01 Технология ремонта, монтажа и наладки электрического и электромеханического оборудования — 2 п/г, Шабуров Анатолий Анатольевич, Лесная"
"ТЭО-Пф-2501";"11.02.2026";"СР";"5 пара (15:35-16:55)";"ЛПЗ МДК.01.01 Технология ремонта, монтажа и наладки электрического и электромеханического оборудования — 2 п/г, Шабуров Анатолий Анатольевич, Лесная"
"ТЭО-Пф-2501";"11.02.2026";"СР";"6 пара (17:05-18:25)";"-"
"ТЭО-Пф-2501";"11.02.2026";"СР";"7 пара (18:35-19:55)";"-"
"ТЭО-Пф-2501";"12.02.2026";"ЧТ";"1 пара (08:30-09:55)";"Информационные технологии в профессиональной деятельности — 1 п/г, Азарян Карине Айказовна, Лесная | УП.01 (УП утро 08:30-12:30) — 2 п/г, Кошелев Дмитрий Александрович, Лесная"
"ТЭО-Пф-2501";"12.02.2026";"ЧТ";"2 пара (10:05-11:30)";"Информационные технологии в профессиональной деятельности — 1 п/г, Азарян Карине Айказовна, Лесная | УП.01 (УП утро 08:30-12:30) — 2 п/г, Кошелев Дмитрий Александрович, Лесная"
"ТЭО-Пф-2501";"12.02.2026";"ЧТ";"3 пара (12:25-13:50)";"Информационные технологии в профессиональной деятельности — 1 п/г, Азарян Карине Айказовна, Лесная"
"ТЭО-Пф-2501";"12.02.2026";"ЧТ";"4 пара (14:00-15:25)";"Информационные технологии в профессиональной деятельности — 1 п/г, Азарян Карине Айказовна, Лесная"
"ТЭО-Пф-2501";"12.02.2026";"ЧТ";"5 пара (15:35-16:55)";"Информационные технологии в профессиональной деятельности — 1 п/г, Азарян Карине Айказовна, Лесная"
"ТЭО-Пф-2501";"12.02.2026";"ЧТ";"6 пара (17:05-18:25)";"-"
"ТЭО-Пф-2501";"12.02.2026";"ЧТ";"7 пара (18:35-19:55)";"-"
"ТЭО-Пф-2501";"13.02.2026";"ПТ";"1 пара (08:30-09:55)";"ЛПЗ МДК.01.01 Технология ремонта, монтажа и наладки электрического и электромеханического оборудования — 2 п/г, Шабуров Анатолий Анатольевич, Лесная | УП.04 (УП утро 08:30-12:30) — 1 п/г, Кошелев Дмитрий Александрович, Лесная"
"ТЭО-Пф-2501";"13.02.2026";"ПТ";"2 пара (10:05-11:30)";"ЛПЗ МДК.03.01 Основы энергоснабжения объектов отрасли — 2 п/г, Шабуров Анатолий Анатольевич, Лесная | УП.04 (УП утро 08:30-12:30) — 1 п/г, Кошелев Дмитрий Александрович, Лесная"
"ТЭО-Пф-2501";"13.02.2026";"ПТ";"3 пара (12:25-13:50)";"ЛПЗ МДК.03.01 Основы энергоснабжения объектов отрасли — 2 п/г, Шабуров Анатолий Анатольевич, Лесная"
"ТЭО-Пф-2501";"13.02.2026";"ПТ";"4 пара (14:00-15:25)";"ЛПЗ МДК.03.01 Основы энергоснабжения объектов отрасли — 2 п/г, Шабуров Анатолий Анатольевич, Лесная"
"ТЭО-Пф-2501";"13.02.2026";"ПТ";"5 пара (15:35-16:55)";"ЛПЗ МДК.03.01 Основы энергоснабжения объектов отрасли — 2 п/г, Шабуров Анатолий Анатольевич, Лесная"
"ТЭО-Пф-2501";"13.02.2026";"ПТ";"6 пара (17:05-18:25)";"-"
"ТЭО-Пф-2501";"13.02.2026";"ПТ";"7 пара (18:35-19:55)";"-"
"ТЭО-Пф-2501";"14.02.2026";"СБ";"1 пара (08:30-09:45)";"Информационные технологии в профессиональной деятельности — 1 п/г, Азарян Карине Айказовна, Лесная | УП.04 (УП утро 08:30-12:00) — 2 п/г, Кошелев Дмитрий Александрович, Лесная"
"ТЭО-Пф-2501";"14.02.2026";"СБ";"2 пара (09:55-11:10)";"Информационные технологии в профессиональной деятельности — 1 п/г, Азарян Карине Айказовна, Лесная | УП.04 (УП утро 08:30-12:00) — 2 п/г, Кошелев Дмитрий Александрович, Лесная"
"ТЭО-Пф-2501";"14.02.2026";"СБ";"3 пара (11:30-12:45)";"ЛПЗ МДК.01.01 Технология ремонта, монтажа и наладки электрического и электромеханического оборудования — 1 п/г, Шабуров Анатолий Анатольевич, Лесная"
"ТЭО-Пф-2501";"14.02.2026";"СБ";"4 пара (12:55-14:10)";"ЛПЗ МДК.01.01 Технология ремонта, монтажа и наладки электрического и электромеханического оборудования — 1 п/г, Шабуров Анатолий Анатольевич, Лесная"
"ТЭО-Пф-2501";"14.02.2026";"СБ";"5 пара (14:20-15:30)";"ЛПЗ МДК.01.01 Технология ремонта, монтажа и наладки электрического и электромеханического оборудования — 1 п/г, Шабуров Анатолий Анатольевич, Лесная"
"ТЭО-Пф-2501";"14.02.2026";"СБ";"6 пара (15:40-16:50)";"-"
"ТЭО-Пф-2501";"14.02.2026";"СБ";"7 пара (17:00-18:10)";"-"
"ТЭО-Пф-2501";"16.02.2026";"ПН";"1 пара (09:15-10:40)";"УП.05 (УП утро 09:00-13:00) — 1 п/г, Шабуров Анатолий Анатольевич, Лесная"
"ТЭО-Пф-2501";"16.02.2026";"ПН";"2 пара (10:50-12:15)";"УП.05 (УП утро 09:00-13:00) — 1 п/г, Шабуров Анатолий Анатольевич, Лесная"
"ТЭО-Пф-2501";"16.02.2026";"ПН";"3 пара (13:10-14:35)";"ЛПЗ МДК.03.01 Основы энергоснабжения объектов отрасли — 2 п/г, Шабуров Анатолий Анатольевич, Лесная"
"ТЭО-Пф-2501";"16.02.2026";"ПН";"4 пара (14:45-16:10)";"ЛПЗ МДК.03.01 Основы энергоснабжения объектов отрасли — 2 п/г, Шабуров Анатолий Анатольевич, Лесная"
"ТЭО-Пф-2501";"16.02.2026";"ПН";"5 пара (16:20-17:40)";"ЛПЗ МДК.03.01 Основы энергоснабжения объектов отрасли — 2 п/г, Шабуров Анатолий Анатольевич, Лесная"
"ТЭО-Пф-2501";"16.02.2026";"ПН";"6 пара (17:50-19:10)";"ЛПЗ МДК.03.01 Основы энергоснабжения объектов отрасли — 2 п/г, Шабуров Анатолий Анатольевич, Лесная"
"ТЭО-Пф-2501";"16.02.2026";"ПН";"7 пара (19:20-20:40)";"ЛПЗ МДК.03.01 Основы энергоснабжения объектов отрасли — 2 п/г, Шабуров Анатолий Анатольевич, Лесная"
"ТЭО-Пф-2501";"17.02.2026";"ВТ";"1 пара (08:30-09:55)";"УП.05 (УП утро 08:30-12:30) — 2 п/г, Шабуров Анатолий Анатольевич, Лесная"
"ТЭО-Пф-2501";"17.02.2026";"ВТ";"2 пара (10:05-11:30)";"УП.05 (УП утро 08:30-12:30) — 2 п/г, Шабуров Анатолий Анатольевич, Лесная"
"ТЭО-Пф-2501";"17.02.2026";"ВТ";"3 пара (12:25-13:50)";"-"
"ТЭО-Пф-2501";"17.02.2026";"ВТ";"4 пара (14:00-15:25)";"ЛПЗ МДК.03.01 Основы энергоснабжения объектов отрасли — 1 п/г, Шабуров Анатолий Анатольевич, Лесная"
"ТЭО-Пф-2501";"17.02.2026";"ВТ";"5 пара (15:35-16:55)";"ЛПЗ МДК.03.01 Основы энергоснабжения объектов отрасли — 1 п/г, Шабуров Анатолий Анатольевич, Лесная"
"ТЭО-Пф-2501";"17.02.2026";"ВТ";"6 пара (17:05-18:25)";"ЛПЗ МДК.03.01 Основы энергоснабжения объектов отрасли — 1 п/г, Шабуров Анатолий Анатольевич, Лесная"
"ТЭО-Пф-2501";"17.02.2026";"ВТ";"7 пара (18:35-19:55)";"ЛПЗ МДК.03.01 Основы энергоснабжения объектов отрасли — 1 п/г, Шабуров Анатолий Анатольевич, Лесная"
"ТЭО-Пф-2501";"18.02.2026";"СР";"1 пара (08:30-09:55)";"УП.01 (УП утро 08:30-12:30) — 1 п/г, Кошелев Дмитрий Александрович, Лесная | ЛПЗ МДК.03.01 Основы энергоснабжения объектов отрасли — 2 п/г, Шабуров Анатолий Анатольевич, Лесная"
"ТЭО-Пф-2501";"18.02.2026";"СР";"2 пара (10:05-11:30)";"УП.01 (УП утро 08:30-12:30) — 1 п/г, Кошелев Дмитрий Александрович, Лесная | ЛПЗ МДК.03.01 Основы энергоснабжения объектов отрасли — 2 п/г, Шабуров Анатолий Анатольевич, Лесная"
"ТЭО-Пф-2501";"18.02.2026";"СР";"3 пара (12:25-13:50)";"ЛПЗ МДК.03.01 Основы энергоснабжения объектов отрасли — 2 п/г, Шабуров Анатолий Анатольевич, Лесная"
"ТЭО-Пф-2501";"18.02.2026";"СР";"4 пара (14:00-15:25)";"ЛПЗ МДК.03.01 Основы энергоснабжения объектов отрасли — 2 п/г, Шабуров Анатолий Анатольевич, Лесная"
"ТЭО-Пф-2501";"18.02.2026";"СР";"5 пара (15:35-16:55)";"ЛПЗ МДК.03.01 Основы энергоснабжения объектов отрасли — 2 п/г, Шабуров Анатолий Анатольевич, Лесная"
"ТЭО-Пф-2501";"18.02.2026";"СР";"6 пара (17:05-18:25)";"-"
"ТЭО-Пф-2501";"18.02.2026";"СР";"7 пара (18:35-19:55)";"-"
"ТЭО-Пф-2501";"19.02.2026";"ЧТ";"1 пара (08:30-09:55)";"УП.01 (УП утро 08:30-12:30) — 2 п/г, Кошелев Дмитрий Александрович, Лесная | ЛПЗ МДК.03.01 Основы энергоснабжения объектов отрасли — 1 п/г, Шабуров Анатолий Анатольевич, Лесная"
"ТЭО-Пф-2501";"19.02.2026";"ЧТ";"2 пара (10:05-11:30)";"УП.01 (УП утро 08:30-12:30) — 2 п/г, Кошелев Дмитрий Александрович, Лесная | ЛПЗ МДК.03.01 Основы энергоснабжения объектов отрасли — 1 п/г, Шабуров Анатолий Анатольевич, Лесная"
"ТЭО-Пф-2501";"19.02.2026";"ЧТ";"3 пара (12:25-13:50)";"ЛПЗ МДК.03.01 Основы энергоснабжения объектов отрасли — 1 п/г, Шабуров Анатолий Анатольевич, Лесная"
"ТЭО-Пф-2501";"19.02.2026";"ЧТ";"4 пара (14:00-15:25)";"ЛПЗ МДК.03.01 Основы энергоснабжения объектов отрасли — 1 п/г, Шабуров Анатолий Анатольевич, Лесная"
"ТЭО-Пф-2501";"19.02.2026";"ЧТ";"5 пара (15:35-16:55)";"ЛПЗ МДК.03.01 Основы энергоснабжения объектов отрасли — 1 п/г, Шабуров Анатолий Анатольевич, Лесная"
"ТЭО-Пф-2501";"19.02.2026";"ЧТ";"6 пара (17:05-18:25)";"-"
"ТЭО-Пф-2501";"19.02.2026";"ЧТ";"7 пара (18:35-19:55)";"-"
"ТЭО-Пф-2501";"20.02.2026";"ПТ";"1 пара (08:30-09:55)";"ЛПЗ МДК.03.01 Основы энергоснабжения объектов отрасли — 2 п/г, Шабуров Анатолий Анатольевич, Лесная | УП.04 (УП утро 08:30-12:30) — 1 п/г, Кошелев Дмитрий Александрович, Лесная"
"ТЭО-Пф-2501";"20.02.2026";"ПТ";"2 пара (10:05-11:30)";"ЛПЗ МДК.03.01 Основы энергоснабжения объектов отрасли — 2 п/г, Шабуров Анатолий Анатольевич, Лесная | УП.04 (УП утро 08:30-12:30) — 1 п/г, Кошелев Дмитрий Александрович, Лесная"
"ТЭО-Пф-2501";"20.02.2026";"ПТ";"3 пара (12:25-13:50)";"ЛПЗ МДК.04.01 Выполнение монтажных работ, монтажное оборудование и контрольно-измерительные приборы — 2 п/г, Шабуров Анатолий Анатольевич, Лесная"
"ТЭО-Пф-2501";"20.02.2026";"ПТ";"4 пара (14:00-15:25)";"ЛПЗ МДК.04.01 Выполнение монтажных работ, монтажное оборудование и контрольно-измерительные приборы — 2 п/г, Шабуров Анатолий Анатольевич, Лесная"
"ТЭО-Пф-2501";"20.02.2026";"ПТ";"5 пара (15:35-16:55)";"ЛПЗ МДК.04.01 Выполнение монтажных работ, монтажное оборудование и контрольно-измерительные приборы — 2 п/г, Шабуров Анатолий Анатольевич, Лесная"
"ТЭО-Пф-2501";"20.02.2026";"ПТ";"6 пара (17:05-18:25)";"-"
"ТЭО-Пф-2501";"20.02.2026";"ПТ";"7 пара (18:35-19:55)";"-"
"ТЭО-Пф-2501";"21.02.2026";"СБ";"1 пара (08:30-09:45)";"ЛПЗ МДК.03.01 Основы энергоснабжения объектов отрасли — 1 п/г, Шабуров Анатолий Анатольевич, Лесная | УП.04 (УП утро 08:30-12:00) — 2 п/г, Кошелев Дмитрий Александрович, Лесная"
"ТЭО-Пф-2501";"21.02.2026";"СБ";"2 пара (09:55-11:10)";"ЛПЗ МДК.03.01 Основы энергоснабжения объектов отрасли — 1 п/г, Шабуров Анатолий Анатольевич, Лесная | УП.04 (УП утро 08:30-12:00) — 2 п/г, Кошелев Дмитрий Александрович, Лесная"
"ТЭО-Пф-2501";"21.02.2026";"СБ";"3 пара (11:30-12:45)";"ЛПЗ МДК.03.01 Основы энергоснабжения объектов отрасли — 1 п/г, Шабуров Анатолий Анатольевич, Лесная"
"ТЭО-Пф-2501";"21.02.2026";"СБ";"4 пара (12:55-14:10)";"ЛПЗ МДК.03.01 Основы энергоснабжения объектов отрасли — 1 п/г, Шабуров Анатолий Анатольевич, Лесная"
"ТЭО-Пф-2501";"21.02.2026";"СБ";"5 пара (14:20-15:30)";"ЛПЗ МДК.03.01 Основы энергоснабжения объектов отрасли — 1 п/г, Шабуров Анатолий Анатольевич, Лесная"
"ТЭО-Пф-2501";"21.02.2026";"СБ";"6 пара (15:40-16:50)";"-"
"ТЭО-Пф-2501";"21.02.2026";"СБ";"7 пара (17:00-18:10)";"-"
"ТЭО-Пф-2501";"23.02.2026";"ПН";"1 пара (09:15-10:40)";"УП.05 (УП утро 09:00-13:00) — 2 п/г, Шабуров Анатолий Анатольевич, Лесная"
"ТЭО-Пф-2501";"23.02.2026";"ПН";"2 пара (10:50-12:15)";"УП.05 (УП утро 09:00-13:00) — 2 п/г, Шабуров Анатолий Анатольевич, Лесная"
"ТЭО-Пф-2501";"23.02.2026";"ПН";"3 пара (13:10-14:35)";"ЛПЗ МДК.03.01 Основы энергоснабжения объектов отрасли — 1 п/г, Шабуров Анатолий Анатольевич, Лесная"
"ТЭО-Пф-2501";"23.02.2026";"ПН";"4 пара (14:45-16:10)";"ЛПЗ МДК.03.01 Основы энергоснабжения объектов отрасли — 1 п/г, Шабуров Анатолий Анатольевич, Лесная"
"ТЭО-Пф-2501";"23.02.2026";"ПН";"5 пара (16:20-17:40)";"ЛПЗ МДК.04.01 Выполнение монтажных работ, монтажное оборудование и контрольно-измерительные приборы — 1 п/г, Шабуров Анатолий Анатольевич, Лесная"
"ТЭО-Пф-2501";"23.02.2026";"ПН";"6 пара (17:50-19:10)";"ЛПЗ МДК.04.01 Выполнение монтажных работ, монтажное оборудование и контрольно-измерительные приборы — 1 п/г, Шабуров Анатолий Анатольевич, Лесная"
"ТЭО-Пф-2501";"23.02.2026";"ПН";"7 пара (19:20-20:40)";"ЛПЗ МДК.04.01 Выполнение монтажных работ, монтажное оборудование и контрольно-измерительные приборы — 1 п/г, Шабуров Анатолий Анатольевич, Лесная"
"ТЭО-Пф-2501";"24.02.2026";"ВТ";"1 пара (08:30-09:55)";"УП.01 (УП утро 08:30-12:30) — 1 п/г, Кошелев Дмитрий Александрович, Лесная | ЛПЗ МДК.04.01 Выполнение монтажных работ, монтажное оборудование и контрольно-измерительные приборы — 2 п/г, Шабуров Анатолий Анатольевич, Лесная"
"ТЭО-Пф-2501";"24.02.2026";"ВТ";"2 пара (10:05-11:30)";"УП.01 (УП утро 08:30-12:30) — 1 п/г, Кошелев Дмитрий Александрович, Лесная | ЛПЗ МДК.04.01 Выполнение монтажных работ, монтажное оборудование и контрольно-измерительные приборы — 2 п/г, Шабуров Анатолий Анатольевич, Лесная"
"ТЭО-Пф-2501";"24.02.2026";"ВТ";"3 пара (12:25-13:50)";"ЛПЗ МДК.04.01 Выполнение монтажных работ, монтажное оборудование и контрольно-измерительные приборы — 2 п/г, Шабуров Анатолий Анатольевич, Лесная"
"ТЭО-Пф-2501";"24.02.2026";"ВТ";"4 пара (14:00-15:25)";"ЛПЗ МДК.04.01 Выполнение монтажных работ, монтажное оборудование и контрольно-измерительные приборы — 2 п/г, Шабуров Анатолий Анатольевич, Лесная"
"ТЭО-Пф-2501";"24.02.2026";"ВТ";"5 пара (15:35-16:55)";"ЛПЗ МДК.04.01 Выполнение монтажных работ, монтажное оборудование и контрольно-измерительные приборы — 2 п/г, Шабуров Анатолий Анатольевич, Лесная"
"ТЭО-Пф-2501";"24.02.2026";"ВТ";"6 пара (17:05-18:25)";"-"
"ТЭО-Пф-2501";"24.02.2026";"ВТ";"7 пара (18:35-19:55)";"-"
"ТЭО-Пф-2501";"25.02.2026";"СР";"1 пара (08:30-09:55)";"УП.01 (УП утро 08:30-12:30) — 2 п/г, Кошелев Дмитрий Александрович, Лесная | ЛПЗ МДК.04.01 Выполнение монтажных работ, монтажное оборудование и контрольно-измерительные приборы — 1 п/г, Шабуров Анатолий Анатольевич, Лесная"
"ТЭО-Пф-2501";"25.02.2026";"СР";"2 пара (10:05-11:30)";"УП.01 (УП утро 08:30-12:30) — 2 п/г, Кошелев Дмитрий Александрович, Лесная | ЛПЗ МДК.04.01 Выполнение монтажных работ, монтажное оборудование и контрольно-измерительные приборы — 1 п/г, Шабуров Анатолий Анатольевич, Лесная"
"ТЭО-Пф-2501";"25.02.2026";"СР";"3 пара (12:25-13:50)";"ЛПЗ МДК.04.01 Выполнение монтажных работ, монтажное оборудование и контрольно-измерительные приборы — 1 п/г, Шабуров Анатолий Анатольевич, Лесная"
"ТЭО-Пф-2501";"25.02.2026";"СР";"4 пара (14:00-15:25)";"ЛПЗ МДК.04.01 Выполнение монтажных работ, монтажное оборудование и контрольно-измерительные приборы — 1 п/г, Шабуров Анатолий Анатольевич, Лесная"
"ТЭО-Пф-2501";"25.02.2026";"СР";"5 пара (15:35-16:55)";"ЛПЗ МДК.04.01 Выполнение монтажных работ, монтажное оборудование и контрольно-измерительные приборы — 1 п/г, Шабуров Анатолий Анатольевич, Лесная"
"ТЭО-Пф-2501";"25.02.2026";"СР";"6 пара (17:05-18:25)";"-"
"ТЭО-Пф-2501";"25.02.2026";"СР";"7 пара (18:35-19:55)";"-"
"ТЭО-Пф-2501";"26.02.2026";"ЧТ";"1 пара (08:30-09:55)";"ЛПЗ МДК.04.01 Выполнение монтажных работ, монтажное оборудование и контрольно-измерительные приборы — 2 п/г, Шабуров Анатолий Анатольевич, Лесная | УП.04 (УП утро 08:30-12:30) — 1 п/г, Кошелев Дмитрий Александрович, Лесная"
"ТЭО-Пф-2501";"26.02.2026";"ЧТ";"2 пара (10:05-11:30)";"ЛПЗ МДК.04.01 Выполнение монтажных работ, монтажное оборудование и контрольно-измерительные приборы — 2 п/г, Шабуров Анатолий Анатольевич, Лесная | УП.04 (УП утро 08:30-12:30) — 1 п/г, Кошелев Дмитрий Александрович, Лесная"
"ТЭО-Пф-2501";"26.02.2026";"ЧТ";"3 пара (12:25-13:50)";"ЛПЗ МДК.04.01 Выполнение монтажных работ, монтажное оборудование и контрольно-измерительные приборы — 2 п/г, Шабуров Анатолий Анатольевич, Лесная"
"ТЭО-Пф-2501";"26.02.2026";"ЧТ";"4 пара (14:00-15:25)";"ЛПЗ МДК.04.01 Выполнение монтажных работ, монтажное оборудование и контрольно-измерительные приборы — 2 п/г, Шабуров Анатолий Анатольевич, Лесная"
"ТЭО-Пф-2501";"26.02.2026";"ЧТ";"5 пара (15:35-16:55)";"ЛПЗ МДК.04.01 Выполнение монтажных работ, монтажное оборудование и контрольно-измерительные приборы — 2 п/г, Шабуров Анатолий Анатольевич, Лесная"
"ТЭО-Пф-2501";"26.02.2026";"ЧТ";"6 пара (17:05-18:25)";"-"
"ТЭО-Пф-2501";"26.02.2026";"ЧТ";"7 пара (18:35-19:55)";"-"
"ТЭО-Пф-2501";"27.02.2026";"ПТ";"1 пара (08:30-09:55)";"ЛПЗ МДК.04.01 Выполнение монтажных работ, монтажное оборудование и контрольно-измерительные приборы — 1 п/г, Шабуров Анатолий Анатольевич, Лесная | УП.04 (УП утро 08:30-12:30) — 2 п/г, Кошелев Дмитрий Александрович, Лесная"
"ТЭО-Пф-2501";"27.02.2026";"ПТ";"2 пара (10:05-11:30)";"ЛПЗ МДК.04.01 Выполнение монтажных работ, монтажное оборудование и контрольно-измерительные приборы — 1 п/г, Шабуров Анатолий Анатольевич, Лесная | УП.04 (УП утро 08:30-12:30) — 2 п/г, Кошелев Дмитрий Александрович, Лесная"
"ТЭО-Пф-2501";"27.02.2026";"ПТ";"3 пара (12:25-13:50)";"ЛПЗ МДК.04.01 Выполнение монтажных работ, монтажное оборудование и контрольно-измерительные приборы — 1 п/г, Шабуров Анатолий Анатольевич, Лесная"
"ТЭО-Пф-2501";"27.02.2026";"ПТ";"4 пара (14:00-15:25)";"ЛПЗ МДК.04.01 Выполнение монтажных работ, монтажное оборудование и контрольно-измерительные приборы — 1 п/г, Шабуров Анатолий Анатольевич, Лесная"
"ТЭО-Пф-2501";"27.02.2026";"ПТ";"5 пара (15:35-16:55)";"ЛПЗ МДК.04.01 Выполнение монтажных работ, монтажное оборудование и контрольно-измерительные приборы — 1 п/г, Шабуров Анатолий Анатольевич, Лесная"
"ТЭО-Пф-2501";"27.02.2026";"ПТ";"6 пара (17:05-18:25)";"-"
"ТЭО-Пф-2501";"27.02.2026";"ПТ";"7 пара (18:35-19:55)";"-"
"ТЭО-Пф-2501";"28.02.2026";"СБ";"1 пара (08:30-09:45)";"Физическая культура — вся группа, Потапова Регина Александровна, Лесная"
"ТЭО-Пф-2501";"28.02.2026";"СБ";"2 пара (09:55-11:10)";"Физическая культура — вся группа, Потапова Регина Александровна, Лесная"
"ТЭО-Пф-2501";"28.02.2026";"СБ";"3 пара (11:30-12:45)";"Физическая культура — вся группа, Потапова Регина Александровна, Лесная"
"ТЭО-Пф-2501";"28.02.2026";"СБ";"4 пара (12:55-14:10)";"Физическая культура — вся группа, Потапова Регина Александровна, Лесная"
"ТЭО-Пф-2501";"28.02.2026";"СБ";"5 пара (14:20-15:30)";"Физическая культура — вся группа, Потапова Регина Александровна, Лесная"
"ТЭО-Пф-2501";"28.02.2026";"СБ";"6 пара (15:40-16:50)";"-"
"ТЭО-Пф-2501";"28.02.2026";"СБ";"7 пара (17:00-18:10)";"-"
"ТЭО-Пф-2501";"02.03.2026";"ПН";"1 пара (09:15-10:40)";"УП.01 (УП утро 09:00-13:00) — 1 п/г, Кошелев Дмитрий Александрович, Лесная | ЛПЗ МДК.04.01 Выполнение монтажных работ, монтажное оборудование и контрольно-измерительные приборы — 2 п/г, Шабуров Анатолий Анатольевич, Лесная"
"ТЭО-Пф-2501";"02.03.2026";"ПН";"2 пара (10:50-12:15)";"УП.01 (УП утро 09:00-13:00) — 1 п/г, Кошелев Дмитрий Александрович, Лесная | ЛПЗ МДК.04.01 Выполнение монтажных работ, монтажное оборудование и контрольно-измерительные приборы — 2 п/г, Шабуров Анатолий Анатольевич, Лесная"
"ТЭО-Пф-2501";"02.03.2026";"ПН";"3 пара (13:10-14:35)";"ЛПЗ МДК.04.01 Выполнение монтажных работ, монтажное оборудование и контрольно-измерительные приборы — 2 п/г, Шабуров Анатолий Анатольевич, Лесная"
"ТЭО-Пф-2501";"02.03.2026";"ПН";"4 пара (14:45-16:10)";"ЛПЗ МДК.04.01 Выполнение монтажных работ, монтажное оборудование и контрольно-измерительные приборы — 2 п/г, Шабуров Анатолий Анатольевич, Лесная"
"ТЭО-Пф-2501";"02.03.2026";"ПН";"5 пара (16:20-17:40)";"ЛПЗ МДК.04.01 Выполнение монтажных работ, монтажное оборудование и контрольно-измерительные приборы — 2 п/г, Шабуров Анатолий Анатольевич, Лесная"
"ТЭО-Пф-2501";"02.03.2026";"ПН";"6 пара (17:50-19:10)";"-"
"ТЭО-Пф-2501";"02.03.2026";"ПН";"7 пара (19:20-20:40)";"-"
"ТЭО-Пф-2501";"03.03.2026";"ВТ";"1 пара (08:30-09:55)";"УП.01 (УП утро 08:30-12:30) — 2 п/г, Кошелев Дмитрий Александрович, Лесная | ЛПЗ МДК.04.01 Выполнение монтажных работ, монтажное оборудование и контрольно-измерительные приборы — 1 п/г, Шабуров Анатолий Анатольевич, Лесная"
"ТЭО-Пф-2501";"03.03.2026";"ВТ";"2 пара (10:05-11:30)";"УП.01 (УП утро 08:30-12:30) — 2 п/г, Кошелев Дмитрий Александрович, Лесная | ЛПЗ МДК.04.01 Выполнение монтажных работ, монтажное оборудование и контрольно-измерительные приборы — 1 п/г, Шабуров Анатолий Анатольевич, Лесная"
"ТЭО-Пф-2501";"03.03.2026";"ВТ";"3 пара (12:25-13:50)";"ЛПЗ МДК.04.01 Выполнение монтажных работ, монтажное оборудование и контрольно-измерительные приборы — 1 п/г, Шабуров Анатолий Анатольевич, Лесная"
"ТЭО-Пф-2501";"03.03.2026";"ВТ";"4 пара (14:00-15:25)";"ЛПЗ МДК.04.01 Выполнение монтажных работ, монтажное оборудование и контрольно-измерительные приборы — 1 п/г, Шабуров Анатолий Анатольевич, Лесная"
"ТЭО-Пф-2501";"03.03.2026";"ВТ";"5 пара (15:35-16:55)";"ЛПЗ МДК.04.01 Выполнение монтажных работ, монтажное оборудование и контрольно-измерительные приборы — 1 п/г, Шабуров Анатолий Анатольевич, Лесная"
"ТЭО-Пф-2501";"03.03.2026";"ВТ";"6 пара (17:05-18:25)";"-"
"ТЭО-Пф-2501";"03.03.2026";"ВТ";"7 пара (18:35-19:55)";"-"
"ТЭО-Пф-2501";"04.03.2026";"СР";"1 пара (08:30-09:55)";"ЛПЗ МДК.04.01 Выполнение монтажных работ, монтажное оборудование и контрольно-измерительные приборы — 2 п/г, Шабуров Анатолий Анатольевич, Лесная | УП.04 (УП утро 08:30-12:30) — 1 п/г, Кошелев Дмитрий Александрович, Лесная"
"ТЭО-Пф-2501";"04.03.2026";"СР";"2 пара (10:05-11:30)";"ЛПЗ МДК.04.01 Выполнение монтажных работ, монтажное оборудование и контрольно-измерительные приборы — 2 п/г, Шабуров Анатолий Анатольевич, Лесная | УП.04 (УП утро 08:30-12:30) — 1 п/г, Кошелев Дмитрий Александрович, Лесная"
"ТЭО-Пф-2501";"04.03.2026";"СР";"3 пара (12:25-13:50)";"ЛПЗ МДК.04.01 Выполнение монтажных работ, монтажное оборудование и контрольно-измерительные приборы — 2 п/г, Шабуров Анатолий Анатольевич, Лесная"
"ТЭО-Пф-2501";"04.03.2026";"СР";"4 пара (14:00-15:25)";"ЛПЗ МДК.04.01 Выполнение монтажных работ, монтажное оборудование и контрольно-измерительные приборы — 2 п/г, Шабуров Анатолий Анатольевич, Лесная"
"ТЭО-Пф-2501";"04.03.2026";"СР";"5 пара (15:35-16:55)";"ЛПЗ МДК.04.01 Выполнение монтажных работ, монтажное оборудование и контрольно-измерительные приборы — 2 п/г, Шабуров Анатолий Анатольевич, Лесная"
"ТЭО-Пф-2501";"04.03.2026";"СР";"6 пара (17:05-18:25)";"-"
"ТЭО-Пф-2501";"04.03.2026";"СР";"7 пара (18:35-19:55)";"-"
"ТЭО-Пф-2501";"05.03.2026";"ЧТ";"1 пара (08:30-09:55)";"ЛПЗ МДК.04.01 Выполнение монтажных работ, монтажное оборудование и контрольно-измерительные приборы — 1 п/г, Шабуров Анатолий Анатольевич, Лесная | УП.04 (УП утро 08:30-12:30) — 2 п/г, Кошелев Дмитрий Александрович, Лесная"
"ТЭО-Пф-2501";"05.03.2026";"ЧТ";"2 пара (10:05-11:30)";"ЛПЗ МДК.04.01 Выполнение монтажных работ, монтажное оборудование и контрольно-измерительные приборы — 1 п/г, Шабуров Анатолий Анатольевич, Лесная | УП.04 (УП утро 08:30-12:30) — 2 п/г, Кошелев Дмитрий Александрович, Лесная"
"ТЭО-Пф-2501";"05.03.2026";"ЧТ";"3 пара (12:25-13:50)";"ЛПЗ МДК.04.01 Выполнение монтажных работ, монтажное оборудование и контрольно-измерительные приборы — 1 п/г, Шабуров Анатолий Анатольевич, Лесная"
"ТЭО-Пф-2501";"05.03.2026";"ЧТ";"4 пара (14:00-15:25)";"ЛПЗ МДК.04.01 Выполнение монтажных работ, монтажное оборудование и контрольно-измерительные приборы — 1 п/г, Шабуров Анатолий Анатольевич, Лесная"
"ТЭО-Пф-2501";"05.03.2026";"ЧТ";"5 пара (15:35-16:55)";"ЛПЗ МДК.04.01 Выполнение монтажных работ, монтажное оборудование и контрольно-измерительные приборы — 1 п/г, Шабуров Анатолий Анатольевич, Лесная"
"ТЭО-Пф-2501";"05.03.2026";"ЧТ";"6 пара (17:05-18:25)";"-"
"ТЭО-Пф-2501";"05.03.2026";"ЧТ";"7 пара (18:35-19:55)";"-"
"ТЭО-Пф-2501";"06.03.2026";"ПТ";"1 пара (08:30-09:55)";"Физическая культура — вся группа, Потапова Регина Александровна, Лесная"
"ТЭО-Пф-2501";"06.03.2026";"ПТ";"2 пара (10:05-11:30)";"Физическая культура — вся группа, Потапова Регина Александровна, Лесная"
"ТЭО-Пф-2501";"06.03.2026";"ПТ";"3 пара (12:25-13:50)";"Физическая культура — вся группа, Потапова Регина Александровна, Лесная"
"ТЭО-Пф-2501";"06.03.2026";"ПТ";"4 пара (14:00-15:25)";"Физическая культура — вся группа, Потапова Регина Александровна, Лесная"
"ТЭО-Пф-2501";"06.03.2026";"ПТ";"5 пара (15:35-16:55)";"Физическая культура — вся группа, Потапова Регина Александровна, Лесная"
"ТЭО-Пф-2501";"06.03.2026";"ПТ";"6 пара (17:05-18:25)";"-"
"ТЭО-Пф-2501";"06.03.2026";"ПТ";"7 пара (18:35-19:55)";"-"
"ТЭО-Пф-2501";"07.03.2026";"СБ";"1 пара (08:30-09:45)";"Инженерная графика — вся группа, Кошелев Дмитрий Александрович, Лесная"
"ТЭО-Пф-2501";"07.03.2026";"СБ";"2 пара (09:55-11:10)";"Инженерная графика — вся группа, Кошелев Дмитрий Александрович, Лесная"
"ТЭО-Пф-2501";"07.03.2026";"СБ";"3 пара (11:30-12:45)";"Инженерная графика — вся группа, Кошелев Дмитрий Александрович, Лесная"
"ТЭО-Пф-2501";"07.03.2026";"СБ";"4 пара (12:55-14:10)";"Инженерная графика — вся группа, Кошелев Дмитрий Александрович, Лесная"
"ТЭО-Пф-2501";"07.03.2026";"СБ";"5 пара (14:20-15:30)";"Инженерная графика — вся группа, Кошелев Дмитрий Александрович, Лесная"
"ТЭО-Пф-2501";"07.03.2026";"СБ";"6 пара (15:40-16:50)";"-"
"ТЭО-Пф-2501";"07.03.2026";"СБ";"7 пара (17:00-18:10)";"-"
"ТЭО-Пф-2501";"09.03.2026";"ПН";"1 пара (09:15-10:40)";"ЛПЗ МДК.04.01 Выполнение монтажных работ, монтажное оборудование и контрольно-измерительные приборы — 2 п/г, Шабуров Анатолий Анатольевич, Лесная | УП.04 (УП утро 09:00-13:00) — 1 п/г, Кошелев Дмитрий Александрович, Лесная"
"ТЭО-Пф-2501";"09.03.2026";"ПН";"2 пара (10:50-12:15)";"ЛПЗ МДК.04.01 Выполнение монтажных работ, монтажное оборудование и контрольно-измерительные приборы — 2 п/г, Шабуров Анатолий Анатольевич, Лесная | УП.04 (УП утро 09:00-13:00) — 1 п/г, Кошелев Дмитрий Александрович, Лесная"
"ТЭО-Пф-2501";"09.03.2026";"ПН";"3 пара (13:10-14:35)";"ЛПЗ МДК.04.01 Выполнение монтажных работ, монтажное оборудование и контрольно-измерительные приборы — 2 п/г, Шабуров Анатолий Анатольевич, Лесная"
"ТЭО-Пф-2501";"09.03.2026";"ПН";"4 пара (14:45-16:10)";"ЛПЗ МДК.04.01 Выполнение монтажных работ, монтажное оборудование и контрольно-измерительные приборы — 2 п/г, Шабуров Анатолий Анатольевич, Лесная"
"ТЭО-Пф-2501";"09.03.2026";"ПН";"5 пара (16:20-17:40)";"ЛПЗ МДК.04.01 Выполнение монтажных работ, монтажное оборудование и контрольно-измерительные приборы — 2 п/г, Шабуров Анатолий Анатольевич, Лесная"
"ТЭО-Пф-2501";"09.03.2026";"ПН";"6 пара (17:50-19:10)";"-"
"ТЭО-Пф-2501";"09.03.2026";"ПН";"7 пара (19:20-20:40)";"-"
"ТЭО-Пф-2501";"10.03.2026";"ВТ";"1 пара (08:30-09:55)";"ЛПЗ МДК.04.01 Выполнение монтажных работ, монтажное оборудование и контрольно-измерительные приборы — 1 п/г, Шабуров Анатолий Анатольевич, Лесная | УП.04 (УП утро 08:30-12:30) — 2 п/г, Кошелев Дмитрий Александрович, Лесная"
"ТЭО-Пф-2501";"10.03.2026";"ВТ";"2 пара (10:05-11:30)";"ЛПЗ МДК.04.01 Выполнение монтажных работ, монтажное оборудование и контрольно-измерительные приборы — 1 п/г, Шабуров Анатолий Анатольевич, Лесная | УП.04 (УП утро 08:30-12:30) — 2 п/г, Кошелев Дмитрий Александрович, Лесная"
"ТЭО-Пф-2501";"10.03.2026";"ВТ";"3 пара (12:25-13:50)";"ЛПЗ МДК.04.01 Выполнение монтажных работ, монтажное оборудование и контрольно-измерительные приборы — 1 п/г, Шабуров Анатолий Анатольевич, Лесная"
"ТЭО-Пф-2501";"10.03.2026";"ВТ";"4 пара (14:00-15:25)";"ЛПЗ МДК.04.01 Выполнение монтажных работ, монтажное оборудование и контрольно-измерительные приборы — 1 п/г, Шабуров Анатолий Анатольевич, Лесная"
"ТЭО-Пф-2501";"10.03.2026";"ВТ";"5 пара (15:35-16:55)";"ЛПЗ МДК.04.01 Выполнение монтажных работ, монтажное оборудование и контрольно-измерительные приборы — 1 п/г, Шабуров Анатолий Анатольевич, Лесная"
"ТЭО-Пф-2501";"10.03.2026";"ВТ";"6 пара (17:05-18:25)";"-"
"ТЭО-Пф-2501";"10.03.2026";"ВТ";"7 пара (18:35-19:55)";"-"
"ТЭО-Пф-2501";"11.03.2026";"СР";"1 пара (08:30-09:55)";"Инженерная графика — вся группа, Кошелев Дмитрий Александрович, Лесная"
"ТЭО-Пф-2501";"11.03.2026";"СР";"2 пара (10:05-11:30)";"Инженерная графика — вся группа, Кошелев Дмитрий Александрович, Лесная"
"ТЭО-Пф-2501";"11.03.2026";"СР";"3 пара (12:25-13:50)";"Инженерная графика — вся группа, Кошелев Дмитрий Александрович, Лесная"
"ТЭО-Пф-2501";"11.03.2026";"СР";"4 пара (14:00-15:25)";"Инженерная графика — вся группа, Кошелев Дмитрий Александрович, Лесная"
"ТЭО-Пф-2501";"11.03.2026";"СР";"5 пара (15:35-16:55)";"Инженерная графика — вся группа, Кошелев Дмитрий Александрович, Лесная"
"ТЭО-Пф-2501";"11.03.2026";"СР";"6 пара (17:05-18:25)";"-"
"ТЭО-Пф-2501";"11.03.2026";"СР";"7 пара (18:35-19:55)";"-"
"ТЭО-Пф-2501";"12.03.2026";"ЧТ";"1 пара (08:30-09:55)";"Инженерная графика — вся группа, Кошелев Дмитрий Александрович, Лесная"
"ТЭО-Пф-2501";"12.03.2026";"ЧТ";"2 пара (10:05-11:30)";"Инженерная графика — вся группа, Кошелев Дмитрий Александрович, Лесная"
"ТЭО-Пф-2501";"12.03.2026";"ЧТ";"3 пара (12:25-13:50)";"Инженерная графика — вся группа, Кошелев Дмитрий Александрович, Лесная"
"ТЭО-Пф-2501";"12.03.2026";"ЧТ";"4 пара (14:00-15:25)";"Инженерная графика — вся группа, Кошелев Дмитрий Александрович, Лесная"
"ТЭО-Пф-2501";"12.03.2026";"ЧТ";"5 пара (15:35-16:55)";"Инженерная графика — вся группа, Кошелев Дмитрий Александрович, Лесная"
"ТЭО-Пф-2501";"12.03.2026";"ЧТ";"6 пара (17:05-18:25)";"-"
"ТЭО-Пф-2501";"12.03.2026";"ЧТ";"7 пара (18:35-19:55)";"-"
"ТЭО-Пф-2501";"13.03.2026";"ПТ";"1 пара (08:30-09:55)";"Инженерная графика — вся группа, Кошелев Дмитрий Александрович, Лесная"
"ТЭО-Пф-2501";"13.03.2026";"ПТ";"2 пара (10:05-11:30)";"Инженерная графика — вся группа, Кошелев Дмитрий Александрович, Лесная"
"ТЭО-Пф-2501";"13.03.2026";"ПТ";"3 пара (12:25-13:50)";"Инженерная графика — вся группа, Кошелев Дмитрий Александрович, Лесная"
"ТЭО-Пф-2501";"13.03.2026";"ПТ";"4 пара (14:00-15:25)";"Электротехника и электроника — вся группа, Динмухаметов Владислав Дуферович, Лесная"
"ТЭО-Пф-2501";"13.03.2026";"ПТ";"5 пара (15:35-16:55)";"Электротехника и электроника — вся группа, Динмухаметов Владислав Дуферович, Лесная"
"ТЭО-Пф-2501";"13.03.2026";"ПТ";"6 пара (17:05-18:25)";"-"
"ТЭО-Пф-2501";"13.03.2026";"ПТ";"7 пара (18:35-19:55)";"-"
"ТЭО-Пф-2501";"14.03.2026";"СБ";"1 пара (08:30-09:45)";"Электротехника и электроника — вся группа, Динмухаметов Владислав Дуферович, Лесная"
"ТЭО-Пф-2501";"14.03.2026";"СБ";"2 пара (09:55-11:10)";"Электротехника и электроника — вся группа, Динмухаметов Владислав Дуферович, Лесная"
"ТЭО-Пф-2501";"14.03.2026";"СБ";"3 пара (11:30-12:45)";"Электротехника и электроника — вся группа, Динмухаметов Владислав Дуферович, Лесная"
"ТЭО-Пф-2501";"14.03.2026";"СБ";"4 пара (12:55-14:10)";"Электротехника и электроника — вся группа, Динмухаметов Владислав Дуферович, Лесная"
"ТЭО-Пф-2501";"14.03.2026";"СБ";"5 пара (14:20-15:30)";"Электротехника и электроника — вся группа, Динмухаметов Владислав Дуферович, Лесная"
"ТЭО-Пф-2501";"14.03.2026";"СБ";"6 пара (15:40-16:50)";"-"
"ТЭО-Пф-2501";"14.03.2026";"СБ";"7 пара (17:00-18:10)";"-"
"ТЭО-Пф-2501";"16.03.2026";"ПН";"1 пара (09:15-10:40)";"ЛПЗ МДК.04.01 Выполнение монтажных работ, монтажное оборудование и контрольно-измерительные приборы — 2 п/г, Шабуров Анатолий Анатольевич, Лесная | УП.04 (УП утро 09:00-13:00) — 1 п/г, Кошелев Дмитрий Александрович, Лесная"
"ТЭО-Пф-2501";"16.03.2026";"ПН";"2 пара (10:50-12:15)";"ЛПЗ МДК.04.01 Выполнение монтажных работ, монтажное оборудование и контрольно-измерительные приборы — 2 п/г, Шабуров Анатолий Анатольевич, Лесная | УП.04 (УП утро 09:00-13:00) — 1 п/г, Кошелев Дмитрий Александрович, Лесная"
"ТЭО-Пф-2501";"16.03.2026";"ПН";"3 пара (13:10-14:35)";"ЛПЗ МДК.04.01 Выполнение монтажных работ, монтажное оборудование и контрольно-измерительные приборы — 2 п/г, Шабуров Анатолий Анатольевич, Лесная"
"ТЭО-Пф-2501";"16.03.2026";"ПН";"4 пара (14:45-16:10)";"ЛПЗ ВМДК.05.01 Организация работ по ремонту и обслуживанию электрооборудования — 2 п/г, Шабуров Анатолий Анатольевич, Лесная"
"ТЭО-Пф-2501";"16.03.2026";"ПН";"5 пара (16:20-17:40)";"ЛПЗ ВМДК.05.01 Организация работ по ремонту и обслуживанию электрооборудования — 2 п/г, Шабуров Анатолий Анатольевич, Лесная"
"ТЭО-Пф-2501";"16.03.2026";"ПН";"6 пара (17:50-19:10)";"-"
"ТЭО-Пф-2501";"16.03.2026";"ПН";"7 пара (19:20-20:40)";"-"
"ТЭО-Пф-2501";"17.03.2026";"ВТ";"1 пара (08:30-09:55)";"ЛПЗ МДК.04.01 Выполнение монтажных работ, монтажное оборудование и контрольно-измерительные приборы — 1 п/г, Шабуров Анатолий Анатольевич, Лесная | УП.04 (УП утро 08:30-12:30) — 2 п/г, Кошелев Дмитрий Александрович, Лесная"
"ТЭО-Пф-2501";"17.03.2026";"ВТ";"2 пара (10:05-11:30)";"ЛПЗ МДК.04.01 Выполнение монтажных работ, монтажное оборудование и контрольно-измерительные приборы — 1 п/г, Шабуров Анатолий Анатольевич, Лесная | УП.04 (УП утро 08:30-12:30) — 2 п/г, Кошелев Дмитрий Александрович, Лесная"
"ТЭО-Пф-2501";"17.03.2026";"ВТ";"3 пара (12:25-13:50)";"ЛПЗ МДК.04.01 Выполнение монтажных работ, монтажное оборудование и контрольно-измерительные приборы — 1 п/г, Шабуров Анатолий Анатольевич, Лесная"
"ТЭО-Пф-2501";"17.03.2026";"ВТ";"4 пара (14:00-15:25)";"ЛПЗ ВМДК.05.01 Организация работ по ремонту и обслуживанию электрооборудования — 1 п/г, Шабуров Анатолий Анатольевич, Лесная"
"ТЭО-Пф-2501";"17.03.2026";"ВТ";"5 пара (15:35-16:55)";"ЛПЗ ВМДК.05.01 Организация работ по ремонту и обслуживанию электрооборудования — 1 п/г, Шабуров Анатолий Анатольевич, Лесная"
"ТЭО-Пф-2501";"17.03.2026";"ВТ";"6 пара (17:05-18:25)";"-"
"ТЭО-Пф-2501";"17.03.2026";"ВТ";"7 пара (18:35-19:55)";"-"
"ТЭО-Пф-2501";"18.03.2026";"СР";"1 пара (08:30-09:55)";"Электротехника и электроника — вся группа, Динмухаметов Владислав Дуферович, Лесная"
"ТЭО-Пф-2501";"18.03.2026";"СР";"2 пара (10:05-11:30)";"Электротехника и электроника — вся группа, Динмухаметов Владислав Дуферович, Лесная"
"ТЭО-Пф-2501";"18.03.2026";"СР";"3 пара (12:25-13:50)";"Электротехника и электроника — вся группа, Динмухаметов Владислав Дуферович, Лесная"
"ТЭО-Пф-2501";"18.03.2026";"СР";"4 пара (14:00-15:25)";"Электротехника и электроника — вся группа, Динмухаметов Владислав Дуферович, Лесная"
"ТЭО-Пф-2501";"18.03.2026";"СР";"5 пара (15:35-16:55)";"Электротехника и электроника — вся группа, Динмухаметов Владислав Дуферович, Лесная"
"ТЭО-Пф-2501";"18.03.2026";"СР";"6 пара (17:05-18:25)";"-"
"ТЭО-Пф-2501";"18.03.2026";"СР";"7 пара (18:35-19:55)";"-"
"ТЭО-Пф-2501";"19.03.2026";"ЧТ";"1 пара (08:30-09:55)";"Электротехника и электроника — вся группа, Динмухаметов Владислав Дуферович, Лесная"
"ТЭО-Пф-2501";"19.03.2026";"ЧТ";"2 пара (10:05-11:30)";"Электротехника и электроника — вся группа, Динмухаметов Владислав Дуферович, Лесная"
"ТЭО-Пф-2501";"19.03.2026";"ЧТ";"3 пара (12:25-13:50)";"Электротехника и электроника — вся группа, Динмухаметов Владислав Дуферович, Лесная"
"ТЭО-Пф-2501";"19.03.2026";"ЧТ";"4 пара (14:00-15:25)";"Электротехника и электроника — вся группа, Динмухаметов Владислав Дуферович, Лесная"
"ТЭО-Пф-2501";"19.03.2026";"ЧТ";"5 пара (15:35-16:55)";"Электротехника и электроника — вся группа, Динмухаметов Владислав Дуферович, Лесная"
"ТЭО-Пф-2501";"19.03.2026";"ЧТ";"6 пара (17:05-18:25)";"-"
"ТЭО-Пф-2501";"19.03.2026";"ЧТ";"7 пара (18:35-19:55)";"-"
"ТЭО-Пф-2501";"20.03.2026";"ПТ";"1 пара (08:30-09:55)";"Электротехника и электроника — вся группа, Динмухаметов Владислав Дуферович, Лесная"
"ТЭО-Пф-2501";"20.03.2026";"ПТ";"2 пара (10:05-11:30)";"Электротехника и электроника — вся группа, Динмухаметов Владислав Дуферович, Лесная"
"ТЭО-Пф-2501";"20.03.2026";"ПТ";"3 пара (12:25-13:50)";"Электротехника и электроника — вся группа, Динмухаметов Владислав Дуферович, Лесная"
"ТЭО-Пф-2501";"20.03.2026";"ПТ";"4 пара (14:00-15:25)";"Электротехника и электроника — вся группа, Динмухаметов Владислав Дуферович, Лесная"
"ТЭО-Пф-2501";"20.03.2026";"ПТ";"5 пара (15:35-16:55)";"Электротехника и электроника — вся группа, Динмухаметов Владислав Дуферович, Лесная"
"ТЭО-Пф-2501";"20.03.2026";"ПТ";"6 пара (17:05-18:25)";"-"
"ТЭО-Пф-2501";"20.03.2026";"ПТ";"7 пара (18:35-19:55)";"-"
"ТЭО-Пф-2501";"21.03.2026";"СБ";"1 пара (08:30-09:45)";"Электротехника и электроника — вся группа, Динмухаметов Владислав Дуферович, Лесная"
"ТЭО-Пф-2501";"21.03.2026";"СБ";"2 пара (09:55-11:10)";"Электротехника и электроника — вся группа, Динмухаметов Владислав Дуферович, Лесная"
"ТЭО-Пф-2501";"21.03.2026";"СБ";"3 пара (11:30-12:45)";"Электротехника и электроника — вся группа, Динмухаметов Владислав Дуферович, Лесная"
"ТЭО-Пф-2501";"21.03.2026";"СБ";"4 пара (12:55-14:10)";"Электротехника и электроника — вся группа, Динмухаметов Владислав Дуферович, Лесная"
"ТЭО-Пф-2501";"21.03.2026";"СБ";"5 пара (14:20-15:30)";"Электротехника и электроника — вся группа, Динмухаметов Владислав Дуферович, Лесная"
"ТЭО-Пф-2501";"21.03.2026";"СБ";"6 пара (15:40-16:50)";"-"
"ТЭО-Пф-2501";"21.03.2026";"СБ";"7 пара (17:00-18:10)";"-"
"ТЭО-Пф-2501";"23.03.2026";"ПН";"1 пара (09:15-10:40)";"Электротехника и электроника — вся группа, Динмухаметов Владислав Дуферович, Лесная"
"ТЭО-Пф-2501";"23.03.2026";"ПН";"2 пара (10:50-12:15)";"Электротехника и электроника — вся группа, Динмухаметов Владислав Дуферович, Лесная"
"ТЭО-Пф-2501";"23.03.2026";"ПН";"3 пара (13:10-14:35)";"Электротехника и электроника — вся группа, Динмухаметов Владислав Дуферович, Лесная"
"ТЭО-Пф-2501";"23.03.2026";"ПН";"4 пара (14:45-16:10)";"МДК.01.01 Технология ремонта, монтажа и наладки электрического и электромеханического оборудования — вся группа, Шабуров Анатолий Анатольевич, Лесная"
"ТЭО-Пф-2501";"23.03.2026";"ПН";"5 пара (16:20-17:40)";"МДК.01.01 Технология ремонта, монтажа и наладки электрического и электромеханического оборудования — вся группа, Шабуров Анатолий Анатольевич, Лесная"
"ТЭО-Пф-2501";"23.03.2026";"ПН";"6 пара (17:50-19:10)";"-"
"ТЭО-Пф-2501";"23.03.2026";"ПН";"7 пара (19:20-20:40)";"-"
"ТЭО-Пф-2501";"24.03.2026";"ВТ";"1 пара (08:30-09:55)";"-"
"ТЭО-Пф-2501";"24.03.2026";"ВТ";"2 пара (10:05-11:30)";"-"
"ТЭО-Пф-2501";"24.03.2026";"ВТ";"3 пара (12:25-13:50)";"МДК.01.01 Технология ремонта, монтажа и наладки электрического и электромеханического оборудования — вся группа, Шабуров Анатолий Анатольевич, Лесная"
"ТЭО-Пф-2501";"24.03.2026";"ВТ";"4 пара (14:00-15:25)";"МДК.01.01 Технология ремонта, монтажа и наладки электрического и электромеханического оборудования — вся группа, Шабуров Анатолий Анатольевич, Лесная"
"ТЭО-Пф-2501";"24.03.2026";"ВТ";"5 пара (15:35-16:55)";"МДК.01.01 Технология ремонта, монтажа и наладки электрического и электромеханического оборудования — вся группа, Шабуров Анатолий Анатольевич, Лесная"
"ТЭО-Пф-2501";"24.03.2026";"ВТ";"6 пара (17:05-18:25)";"Электротехника и электроника — вся группа, Динмухаметов Владислав Дуферович, Лесная"
"ТЭО-Пф-2501";"24.03.2026";"ВТ";"7 пара (18:35-19:55)";"Электротехника и электроника — вся группа, Динмухаметов Владислав Дуферович, Лесная"
"ТЭО-Пф-2501";"25.03.2026";"СР";"1 пара (08:30-09:55)";"-"
"ТЭО-Пф-2501";"25.03.2026";"СР";"2 пара (10:05-11:30)";"-"
"ТЭО-Пф-2501";"25.03.2026";"СР";"3 пара (12:25-13:50)";"МДК.01.01 Технология ремонта, монтажа и наладки электрического и электромеханического оборудования — вся группа, Шабуров Анатолий Анатольевич, Лесная"
"ТЭО-Пф-2501";"25.03.2026";"СР";"4 пара (14:00-15:25)";"МДК.01.01 Технология ремонта, монтажа и наладки электрического и электромеханического оборудования — вся группа, Шабуров Анатолий Анатольевич, Лесная"
"ТЭО-Пф-2501";"25.03.2026";"СР";"5 пара (15:35-16:55)";"МДК.01.01 Технология ремонта, монтажа и наладки электрического и электромеханического оборудования — вся группа, Шабуров Анатолий Анатольевич, Лесная"
"ТЭО-Пф-2501";"25.03.2026";"СР";"6 пара (17:05-18:25)";"Электротехника и электроника — вся группа, Динмухаметов Владислав Дуферович, Лесная"
"ТЭО-Пф-2501";"25.03.2026";"СР";"7 пара (18:35-19:55)";"Электротехника и электроника — вся группа, Динмухаметов Владислав Дуферович, Лесная"
"ТЭО-Пф-2501";"26.03.2026";"ЧТ";"1 пара (08:30-09:55)";"-"
"ТЭО-Пф-2501";"26.03.2026";"ЧТ";"2 пара (10:05-11:30)";"-"
"ТЭО-Пф-2501";"26.03.2026";"ЧТ";"3 пара (12:25-13:50)";"МДК.01.01 Технология ремонта, монтажа и наладки электрического и электромеханического оборудования — вся группа, Шабуров Анатолий Анатольевич, Лесная"
"ТЭО-Пф-2501";"26.03.2026";"ЧТ";"4 пара (14:00-15:25)";"МДК.03.01 Основы энергоснабжения объектов отрасли — вся группа, Шабуров Анатолий Анатольевич, Лесная"
"ТЭО-Пф-2501";"26.03.2026";"ЧТ";"5 пара (15:35-16:55)";"МДК.03.01 Основы энергоснабжения объектов отрасли — вся группа, Шабуров Анатолий Анатольевич, Лесная"
"ТЭО-Пф-2501";"26.03.2026";"ЧТ";"6 пара (17:05-18:25)";"Электротехника и электроника — вся группа, Динмухаметов Владислав Дуферович, Лесная"
"ТЭО-Пф-2501";"26.03.2026";"ЧТ";"7 пара (18:35-19:55)";"Электротехника и электроника — вся группа, Динмухаметов Владислав Дуферович, Лесная"
"ТЭО-Пф-2501";"27.03.2026";"ПТ";"1 пара (08:30-09:55)";"-"
"ТЭО-Пф-2501";"27.03.2026";"ПТ";"2 пара (10:05-11:30)";"Электрические машины и электропривод — вся группа, Динмухаметов Владислав Дуферович, Лесная"
"ТЭО-Пф-2501";"27.03.2026";"ПТ";"3 пара (12:25-13:50)";"Электрические машины и электропривод — вся группа, Динмухаметов Владислав Дуферович, Лесная"
"ТЭО-Пф-2501";"27.03.2026";"ПТ";"4 пара (14:00-15:25)";"Электрические машины и электропривод — вся группа, Динмухаметов Владислав Дуферович, Лесная"
"ТЭО-Пф-2501";"27.03.2026";"ПТ";"5 пара (15:35-16:55)";"Электрические машины и электропривод — вся группа, Динмухаметов Владислав Дуферович, Лесная"
"ТЭО-Пф-2501";"27.03.2026";"ПТ";"6 пара (17:05-18:25)";"Электрические машины и электропривод — вся группа, Динмухаметов Владислав Дуферович, Лесная"
"ТЭО-Пф-2501";"27.03.2026";"ПТ";"7 пара (18:35-19:55)";"-"
"ТЭО-Пф-2501";"28.03.2026";"СБ";"1 пара (08:30-09:45)";"Электрические машины и электропривод — вся группа, Динмухаметов Владислав Дуферович, Лесная"
"ТЭО-Пф-2501";"28.03.2026";"СБ";"2 пара (09:55-11:10)";"Электрические машины и электропривод — вся группа, Динмухаметов Владислав Дуферович, Лесная"
"ТЭО-Пф-2501";"28.03.2026";"СБ";"3 пара (11:30-12:45)";"Электрические машины и электропривод — вся группа, Динмухаметов Владислав Дуферович, Лесная"
"ТЭО-Пф-2501";"28.03.2026";"СБ";"4 пара (12:55-14:10)";"Электрические машины и электропривод — вся группа, Динмухаметов Владислав Дуферович, Лесная"
"ТЭО-Пф-2501";"28.03.2026";"СБ";"5 пара (14:20-15:30)";"Электрические машины и электропривод — вся группа, Динмухаметов Владислав Дуферович, Лесная"
"ТЭО-Пф-2501";"28.03.2026";"СБ";"6 пара (15:40-16:50)";"-"
"ТЭО-Пф-2501";"28.03.2026";"СБ";"7 пара (17:00-18:10)";"-"
"ТЭО-Пф-2501";"30.03.2026";"ПН";"1 пара (09:15-10:40)";"Электрические машины и электропривод — вся группа, Динмухаметов Владислав Дуферович, Лесная"
"ТЭО-Пф-2501";"30.03.2026";"ПН";"2 пара (10:50-12:15)";"Электрические машины и электропривод — вся группа, Динмухаметов Владислав Дуферович, Лесная"
"ТЭО-Пф-2501";"30.03.2026";"ПН";"3 пара (13:10-14:35)";"Электрические машины и электропривод — вся группа, Динмухаметов Владислав Дуферович, Лесная"
"ТЭО-Пф-2501";"30.03.2026";"ПН";"4 пара (14:45-16:10)";"Электрические машины и электропривод — вся группа, Динмухаметов Владислав Дуферович, Лесная"
"ТЭО-Пф-2501";"30.03.2026";"ПН";"5 пара (16:20-17:40)";"Электрические машины и электропривод — вся группа, Динмухаметов Владислав Дуферович, Лесная"
"ТЭО-Пф-2501";"30.03.2026";"ПН";"6 пара (17:50-19:10)";"-"
"ТЭО-Пф-2501";"30.03.2026";"ПН";"7 пара (19:20-20:40)";"-"
"ТЭО-Пф-2501";"31.03.2026";"ВТ";"1 пара (08:30-09:55)";"Электрические машины и электропривод — вся группа, Динмухаметов Владислав Дуферович, Лесная"
"ТЭО-Пф-2501";"31.03.2026";"ВТ";"2 пара (10:05-11:30)";"Электрические машины и электропривод — вся группа, Динмухаметов Владислав Дуферович, Лесная"
"ТЭО-Пф-2501";"31.03.2026";"ВТ";"3 пара (12:25-13:50)";"Электрические машины и электропривод — вся группа, Динмухаметов Владислав Дуферович, Лесная"
"ТЭО-Пф-2501";"31.03.2026";"ВТ";"4 пара (14:00-15:25)";"Электрические машины и электропривод — вся группа, Динмухаметов Владислав Дуферович, Лесная"
"ТЭО-Пф-2501";"31.03.2026";"ВТ";"5 пара (15:35-16:55)";"Электрические машины и электропривод — вся группа, Динмухаметов Владислав Дуферович, Лесная"
"ТЭО-Пф-2501";"31.03.2026";"ВТ";"6 пара (17:05-18:25)";"-"
"ТЭО-Пф-2501";"31.03.2026";"ВТ";"7 пара (18:35-19:55)";"-"
"ТЭО-Пф-2501";"01.04.2026";"СР";"1 пара (08:30-09:55)";"Электрические машины и электропривод — вся группа, Динмухаметов Владислав Дуферович, Лесная"
"ТЭО-Пф-2501";"01.04.2026";"СР";"2 пара (10:05-11:30)";"Электрические машины и электропривод — вся группа, Динмухаметов Владислав Дуферович, Лесная"
"ТЭО-Пф-2501";"01.04.2026";"СР";"3 пара (12:25-13:50)";"Электрические машины и электропривод — вся группа, Динмухаметов Владислав Дуферович, Лесная"
"ТЭО-Пф-2501";"01.04.2026";"СР";"4 пара (14:00-15:25)";"Электрические машины и электропривод — вся группа, Динмухаметов Владислав Дуферович, Лесная"
"ТЭО-Пф-2501";"01.04.2026";"СР";"5 пара (15:35-16:55)";"Электрические машины и электропривод — вся группа, Динмухаметов Владислав Дуферович, Лесная"
"ТЭО-Пф-2501";"01.04.2026";"СР";"6 пара (17:05-18:25)";"-"
"ТЭО-Пф-2501";"01.04.2026";"СР";"7 пара (18:35-19:55)";"-"
"ТЭО-Пф-2501";"02.04.2026";"ЧТ";"1 пара (08:30-09:55)";"Электрические машины и электропривод — вся группа, Динмухаметов Владислав Дуферович, Лесная"
"ТЭО-Пф-2501";"02.04.2026";"ЧТ";"2 пара (10:05-11:30)";"Электрические машины и электропривод — вся группа, Динмухаметов Владислав Дуферович, Лесная"
"ТЭО-Пф-2501";"02.04.2026";"ЧТ";"3 пара (12:25-13:50)";"Электрические машины и электропривод — вся группа, Динмухаметов Владислав Дуферович, Лесная"
"ТЭО-Пф-2501";"02.04.2026";"ЧТ";"4 пара (14:00-15:25)";"Электрические машины и электропривод — вся группа, Динмухаметов Владислав Дуферович, Лесная"
"ТЭО-Пф-2501";"02.04.2026";"ЧТ";"5 пара (15:35-16:55)";"Электрические машины и электропривод — вся группа, Динмухаметов Владислав Дуферович, Лесная"
"ТЭО-Пф-2501";"02.04.2026";"ЧТ";"6 пара (17:05-18:25)";"-"
"ТЭО-Пф-2501";"02.04.2026";"ЧТ";"7 пара (18:35-19:55)";"-"
"ТЭО-Пф-2501";"03.04.2026";"ПТ";"1 пара (08:30-09:55)";"Электроснабжение — вся группа, Динмухаметов Владислав Дуферович, Лесная"
"ТЭО-Пф-2501";"03.04.2026";"ПТ";"2 пара (10:05-11:30)";"Электроснабжение — вся группа, Динмухаметов Владислав Дуферович, Лесная"
"ТЭО-Пф-2501";"03.04.2026";"ПТ";"3 пара (12:25-13:50)";"Электроснабжение — вся группа, Динмухаметов Владислав Дуферович, Лесная"
"ТЭО-Пф-2501";"03.04.2026";"ПТ";"4 пара (14:00-15:25)";"Электроснабжение — вся группа, Динмухаметов Владислав Дуферович, Лесная"
"ТЭО-Пф-2501";"03.04.2026";"ПТ";"5 пара (15:35-16:55)";"Электроснабжение — вся группа, Динмухаметов Владислав Дуферович, Лесная"
"ТЭО-Пф-2501";"03.04.2026";"ПТ";"6 пара (17:05-18:25)";"-"
"ТЭО-Пф-2501";"03.04.2026";"ПТ";"7 пара (18:35-19:55)";"-"
"ТЭО-Пф-2501";"04.04.2026";"СБ";"1 пара (08:30-09:45)";"Электроснабжение — вся группа, Динмухаметов Владислав Дуферович, Лесная"
"ТЭО-Пф-2501";"04.04.2026";"СБ";"2 пара (09:55-11:10)";"Электроснабжение — вся группа, Динмухаметов Владислав Дуферович, Лесная"
"ТЭО-Пф-2501";"04.04.2026";"СБ";"3 пара (11:30-12:45)";"Электроснабжение — вся группа, Динмухаметов Владислав Дуферович, Лесная"
"ТЭО-Пф-2501";"04.04.2026";"СБ";"4 пара (12:55-14:10)";"Электроснабжение — вся группа, Динмухаметов Владислав Дуферович, Лесная"
"ТЭО-Пф-2501";"04.04.2026";"СБ";"5 пара (14:20-15:30)";"Электроснабжение — вся группа, Динмухаметов Владислав Дуферович, Лесная"
"ТЭО-Пф-2501";"04.04.2026";"СБ";"6 пара (15:40-16:50)";"-"
"ТЭО-Пф-2501";"04.04.2026";"СБ";"7 пара (17:00-18:10)";"-"
"ТЭО-Пф-2501";"06.04.2026";"ПН";"1 пара (09:15-10:40)";"Электроснабжение — вся группа, Динмухаметов Владислав Дуферович, Лесная"
"ТЭО-Пф-2501";"06.04.2026";"ПН";"2 пара (10:50-12:15)";"Электроснабжение — вся группа, Динмухаметов Владислав Дуферович, Лесная"
"ТЭО-Пф-2501";"06.04.2026";"ПН";"3 пара (13:10-14:35)";"Электроснабжение — вся группа, Динмухаметов Владислав Дуферович, Лесная"
"ТЭО-Пф-2501";"06.04.2026";"ПН";"4 пара (14:45-16:10)";"Электроснабжение — вся группа, Динмухаметов Владислав Дуферович, Лесная"
"ТЭО-Пф-2501";"06.04.2026";"ПН";"5 пара (16:20-17:40)";"Электроснабжение — вся группа, Динмухаметов Владислав Дуферович, Лесная"
"ТЭО-Пф-2501";"06.04.2026";"ПН";"6 пара (17:50-19:10)";"-"
"ТЭО-Пф-2501";"06.04.2026";"ПН";"7 пара (19:20-20:40)";"-"
"ТЭО-Пф-2501";"07.04.2026";"ВТ";"1 пара (08:30-09:55)";"Электроснабжение — вся группа, Динмухаметов Владислав Дуферович, Лесная"
"ТЭО-Пф-2501";"07.04.2026";"ВТ";"2 пара (10:05-11:30)";"Электроснабжение — вся группа, Динмухаметов Владислав Дуферович, Лесная"
"ТЭО-Пф-2501";"07.04.2026";"ВТ";"3 пара (12:25-13:50)";"Электроснабжение — вся группа, Динмухаметов Владислав Дуферович, Лесная"
"ТЭО-Пф-2501";"07.04.2026";"ВТ";"4 пара (14:00-15:25)";"Электроснабжение — вся группа, Динмухаметов Владислав Дуферович, Лесная"
"ТЭО-Пф-2501";"07.04.2026";"ВТ";"5 пара (15:35-16:55)";"Электроснабжение — вся группа, Динмухаметов Владислав Дуферович, Лесная"
"ТЭО-Пф-2501";"07.04.2026";"ВТ";"6 пара (17:05-18:25)";"-"
"ТЭО-Пф-2501";"07.04.2026";"ВТ";"7 пара (18:35-19:55)";"-"
"ТЭО-Пф-2501";"08.04.2026";"СР";"1 пара (08:30-09:55)";"Электроснабжение — вся группа, Динмухаметов Владислав Дуферович, Лесная"
"ТЭО-Пф-2501";"08.04.2026";"СР";"2 пара (10:05-11:30)";"Электроснабжение — вся группа, Динмухаметов Владислав Дуферович, Лесная"
"ТЭО-Пф-2501";"08.04.2026";"СР";"3 пара (12:25-13:50)";"Электроснабжение — вся группа, Динмухаметов Владислав Дуферович, Лесная"
"ТЭО-Пф-2501";"08.04.2026";"СР";"4 пара (14:00-15:25)";"Электроснабжение — вся группа, Динмухаметов Владислав Дуферович, Лесная"
"ТЭО-Пф-2501";"08.04.2026";"СР";"5 пара (15:35-16:55)";"Электроснабжение — вся группа, Динмухаметов Владислав Дуферович, Лесная"
"ТЭО-Пф-2501";"08.04.2026";"СР";"6 пара (17:05-18:25)";"-"
"ТЭО-Пф-2501";"08.04.2026";"СР";"7 пара (18:35-19:55)";"-"
"ТЭО-Пф-2501";"09.04.2026";"ЧТ";"1 пара (08:30-09:55)";"Электроснабжение — вся группа, Динмухаметов Владислав Дуферович, Лесная"
"ТЭО-Пф-2501";"09.04.2026";"ЧТ";"2 пара (10:05-11:30)";"Электроснабжение — вся группа, Динмухаметов Владислав Дуферович, Лесная"
"ТЭО-Пф-2501";"09.04.2026";"ЧТ";"3 пара (12:25-13:50)";"Электроснабжение — вся группа, Динмухаметов Владислав Дуферович, Лесная"
"ТЭО-Пф-2501";"09.04.2026";"ЧТ";"4 пара (14:00-15:25)";"Электроснабжение — вся группа, Динмухаметов Владислав Дуферович, Лесная"
"ТЭО-Пф-2501";"09.04.2026";"ЧТ";"5 пара (15:35-16:55)";"Электроснабжение — вся группа, Динмухаметов Владислав Дуферович, Лесная"
"ТЭО-Пф-2501";"09.04.2026";"ЧТ";"6 пара (17:05-18:25)";"-"
"ТЭО-Пф-2501";"09.04.2026";"ЧТ";"7 пара (18:35-19:55)";"-"
"ТЭО-Пф-2501";"10.04.2026";"ПТ";"1 пара (08:30-09:55)";"Электроснабжение — вся группа, Динмухаметов Владислав Дуферович, Лесная"
"ТЭО-Пф-2501";"10.04.2026";"ПТ";"2 пара (10:05-11:30)";"Электроснабжение — вся группа, Динмухаметов Владислав Дуферович, Лесная"
"ТЭО-Пф-2501";"10.04.2026";"ПТ";"3 пара (12:25-13:50)";"Электроснабжение — вся группа, Динмухаметов Владислав Дуферович, Лесная"
"ТЭО-Пф-2501";"10.04.2026";"ПТ";"4 пара (14:00-15:25)";"Электроснабжение — вся группа, Динмухаметов Владислав Дуферович, Лесная"
"ТЭО-Пф-2501";"10.04.2026";"ПТ";"5 пара (15:35-16:55)";"Электроснабжение — вся группа, Динмухаметов Владислав Дуферович, Лесная"
"ТЭО-Пф-2501";"10.04.2026";"ПТ";"6 пара (17:05-18:25)";"-"
"ТЭО-Пф-2501";"10.04.2026";"ПТ";"7 пара (18:35-19:55)";"-"
"ТЭО-Пф-2501";"11.04.2026";"СБ";"1 пара (08:30-09:45)";"Электроснабжение — вся группа, Динмухаметов Владислав Дуферович, Лесная"
"ТЭО-Пф-2501";"11.04.2026";"СБ";"2 пара (09:55-11:10)";"МДК.03.01 Основы энергоснабжения объектов отрасли — вся группа, Шабуров Анатолий Анатольевич, Лесная"
"ТЭО-Пф-2501";"11.04.2026";"СБ";"3 пара (11:30-12:45)";"МДК.03.01 Основы энергоснабжения объектов отрасли — вся группа, Шабуров Анатолий Анатольевич, Лесная"
"ТЭО-Пф-2501";"11.04.2026";"СБ";"4 пара (12:55-14:10)";"МДК.03.01 Основы энергоснабжения объектов отрасли — вся группа, Шабуров Анатолий Анатольевич, Лесная"
"ТЭО-Пф-2501";"11.04.2026";"СБ";"5 пара (14:20-15:30)";"МДК.03.01 Основы энергоснабжения объектов отрасли — вся группа, Шабуров Анатолий Анатольевич, Лесная"
"ТЭО-Пф-2501";"11.04.2026";"СБ";"6 пара (15:40-16:50)";"-"
"ТЭО-Пф-2501";"11.04.2026";"СБ";"7 пара (17:00-18:10)";"-"
"ТЭО-Пф-2501";"13.04.2026";"ПН";"1 пара (09:15-10:40)";"МДК.03.01 Основы энергоснабжения объектов отрасли — вся группа, Шабуров Анатолий Анатольевич, Лесная"
"ТЭО-Пф-2501";"13.04.2026";"ПН";"2 пара (10:50-12:15)";"МДК.03.01 Основы энергоснабжения объектов отрасли — вся группа, Шабуров Анатолий Анатольевич, Лесная"
"ТЭО-Пф-2501";"13.04.2026";"ПН";"3 пара (13:10-14:35)";"МДК.03.01 Основы энергоснабжения объектов отрасли — вся группа, Шабуров Анатолий Анатольевич, Лесная"
"ТЭО-Пф-2501";"13.04.2026";"ПН";"4 пара (14:45-16:10)";"МДК.03.01 Основы энергоснабжения объектов отрасли — вся группа, Шабуров Анатолий Анатольевич, Лесная"
"ТЭО-Пф-2501";"13.04.2026";"ПН";"5 пара (16:20-17:40)";"МДК.04.01 Выполнение монтажных работ, монтажное оборудование и контрольно-измерительные приборы — вся группа, Шабуров Анатолий Анатольевич, Лесная"
"ТЭО-Пф-2501";"13.04.2026";"ПН";"6 пара (17:50-19:10)";"-"
"ТЭО-Пф-2501";"13.04.2026";"ПН";"7 пара (19:20-20:40)";"-"
"ТЭО-Пф-2501";"14.04.2026";"ВТ";"1 пара (08:30-09:55)";"МДК.04.01 Выполнение монтажных работ, монтажное оборудование и контрольно-измерительные приборы — вся группа, Шабуров Анатолий Анатольевич, Лесная"
"ТЭО-Пф-2501";"14.04.2026";"ВТ";"2 пара (10:05-11:30)";"МДК.04.01 Выполнение монтажных работ, монтажное оборудование и контрольно-измерительные приборы — вся группа, Шабуров Анатолий Анатольевич, Лесная"
"ТЭО-Пф-2501";"14.04.2026";"ВТ";"3 пара (12:25-13:50)";"МДК.04.01 Выполнение монтажных работ, монтажное оборудование и контрольно-измерительные приборы — вся группа, Шабуров Анатолий Анатольевич, Лесная"
"ТЭО-Пф-2501";"14.04.2026";"ВТ";"4 пара (14:00-15:25)";"МДК.04.01 Выполнение монтажных работ, монтажное оборудование и контрольно-измерительные приборы — вся группа, Шабуров Анатолий Анатольевич, Лесная"
"ТЭО-Пф-2501";"14.04.2026";"ВТ";"5 пара (15:35-16:55)";"МДК.04.01 Выполнение монтажных работ, монтажное оборудование и контрольно-измерительные приборы — вся группа, Шабуров Анатолий Анатольевич, Лесная"
"ТЭО-Пф-2501";"14.04.2026";"ВТ";"6 пара (17:05-18:25)";"-"
"ТЭО-Пф-2501";"14.04.2026";"ВТ";"7 пара (18:35-19:55)";"-"
"ТЭО-Пф-2501";"15.04.2026";"СР";"1 пара (08:30-09:55)";"МДК.04.01 Выполнение монтажных работ, монтажное оборудование и контрольно-измерительные приборы — вся группа, Шабуров Анатолий Анатольевич, Лесная"
"ТЭО-Пф-2501";"15.04.2026";"СР";"2 пара (10:05-11:30)";"МДК.04.01 Выполнение монтажных работ, монтажное оборудование и контрольно-измерительные приборы — вся группа, Шабуров Анатолий Анатольевич, Лесная"
"ТЭО-Пф-2501";"15.04.2026";"СР";"3 пара (12:25-13:50)";"МДК.04.01 Выполнение монтажных работ, монтажное оборудование и контрольно-измерительные приборы — вся группа, Шабуров Анатолий Анатольевич, Лесная"
"ТЭО-Пф-2501";"15.04.2026";"СР";"4 пара (14:00-15:25)";"МДК.04.01 Выполнение монтажных работ, монтажное оборудование и контрольно-измерительные приборы — вся группа, Шабуров Анатолий Анатольевич, Лесная"
"ТЭО-Пф-2501";"15.04.2026";"СР";"5 пара (15:35-16:55)";"МДК.04.01 Выполнение монтажных работ, монтажное оборудование и контрольно-измерительные приборы — вся группа, Шабуров Анатолий Анатольевич, Лесная"
"ТЭО-Пф-2501";"15.04.2026";"СР";"6 пара (17:05-18:25)";"-"
"ТЭО-Пф-2501";"15.04.2026";"СР";"7 пара (18:35-19:55)";"-"
"ТЭО-Пф-2501";"16.04.2026";"ЧТ";"1 пара (08:30-09:55)";"МДК.04.01 Выполнение монтажных работ, монтажное оборудование и контрольно-измерительные приборы — вся группа, Шабуров Анатолий Анатольевич, Лесная"
"ТЭО-Пф-2501";"16.04.2026";"ЧТ";"2 пара (10:05-11:30)";"МДК.04.01 Выполнение монтажных работ, монтажное оборудование и контрольно-измерительные приборы — вся группа, Шабуров Анатолий Анатольевич, Лесная"
"ТЭО-Пф-2501";"16.04.2026";"ЧТ";"3 пара (12:25-13:50)";"МДК.04.01 Выполнение монтажных работ, монтажное оборудование и контрольно-измерительные приборы — вся группа, Шабуров Анатолий Анатольевич, Лесная"
"ТЭО-Пф-2501";"16.04.2026";"ЧТ";"4 пара (14:00-15:25)";"МДК.04.01 Выполнение монтажных работ, монтажное оборудование и контрольно-измерительные приборы — вся группа, Шабуров Анатолий Анатольевич, Лесная"
"ТЭО-Пф-2501";"16.04.2026";"ЧТ";"5 пара (15:35-16:55)";"МДК.04.01 Выполнение монтажных работ, монтажное оборудование и контрольно-измерительные приборы — вся группа, Шабуров Анатолий Анатольевич, Лесная"
"ТЭО-Пф-2501";"16.04.2026";"ЧТ";"6 пара (17:05-18:25)";"-"
"ТЭО-Пф-2501";"16.04.2026";"ЧТ";"7 пара (18:35-19:55)";"-"
"ТЭО-Пф-2501";"17.04.2026";"ПТ";"1 пара (08:30-09:55)";"МДК.04.01 Выполнение монтажных работ, монтажное оборудование и контрольно-измерительные приборы — вся группа, Шабуров Анатолий Анатольевич, Лесная"
"ТЭО-Пф-2501";"17.04.2026";"ПТ";"2 пара (10:05-11:30)";"МДК.04.01 Выполнение монтажных работ, монтажное оборудование и контрольно-измерительные приборы — вся группа, Шабуров Анатолий Анатольевич, Лесная"
"ТЭО-Пф-2501";"17.04.2026";"ПТ";"3 пара (12:25-13:50)";"МДК.04.01 Выполнение монтажных работ, монтажное оборудование и контрольно-измерительные приборы — вся группа, Шабуров Анатолий Анатольевич, Лесная"
"ТЭО-Пф-2501";"17.04.2026";"ПТ";"4 пара (14:00-15:25)";"МДК.04.01 Выполнение монтажных работ, монтажное оборудование и контрольно-измерительные приборы — вся группа, Шабуров Анатолий Анатольевич, Лесная"
"ТЭО-Пф-2501";"17.04.2026";"ПТ";"5 пара (15:35-16:55)";"ВМДК.05.01 Организация работ по ремонту и обслуживанию электрооборудования — вся группа, Шабуров Анатолий Анатольевич, Лесная"
"ТЭО-Пф-2501";"17.04.2026";"ПТ";"6 пара (17:05-18:25)";"-"
"ТЭО-Пф-2501";"17.04.2026";"ПТ";"7 пара (18:35-19:55)";"-"
"ТЭО-Пф-2501";"18.04.2026";"СБ";"1 пара (08:30-09:45)";"ВМДК.05.01 Организация работ по ремонту и обслуживанию электрооборудования — вся группа, Шабуров Анатолий Анатольевич, Лесная"
"ТЭО-Пф-2501";"18.04.2026";"СБ";"2 пара (09:55-11:10)";"ВМДК.05.01 Организация работ по ремонту и обслуживанию электрооборудования — вся группа, Шабуров Анатолий Анатольевич, Лесная"
"ТЭО-Пф-2501";"18.04.2026";"СБ";"3 пара (11:30-12:45)";"ВМДК.05.01 Организация работ по ремонту и обслуживанию электрооборудования — вся группа, Шабуров Анатолий Анатольевич, Лесная"
"ТЭО-Пф-2501";"18.04.2026";"СБ";"4 пара (12:55-14:10)";"ВМДК.05.01 Организация работ по ремонту и обслуживанию электрооборудования — вся группа, Шабуров Анатолий Анатольевич, Лесная"
"ТЭО-Пф-2501";"18.04.2026";"СБ";"5 пара (14:20-15:30)";"ВМДК.05.01 Организация работ по ремонту и обслуживанию электрооборудования — вся группа, Шабуров Анатолий Анатольевич, Лесная"
"ТЭО-Пф-2501";"18.04.2026";"СБ";"6 пара (15:40-16:50)";"-"
"ТЭО-Пф-2501";"18.04.2026";"СБ";"7 пара (17:00-18:10)";"-"
"ТЭО-Пф-2501";"20.04.2026";"ПН";"1 пара (09:15-10:40)";"ВМДК.05.01 Организация работ по ремонту и обслуживанию электрооборудования — вся группа, Шабуров Анатолий Анатольевич, Лесная"
"ТЭО-Пф-2501";"20.04.2026";"ПН";"2 пара (10:50-12:15)";"ВМДК.05.01 Организация работ по ремонту и обслуживанию электрооборудования — вся группа, Шабуров Анатолий Анатольевич, Лесная"
"ТЭО-Пф-2501";"20.04.2026";"ПН";"3 пара (13:10-14:35)";"ВМДК.05.01 Организация работ по ремонту и обслуживанию электрооборудования — вся группа, Шабуров Анатолий Анатольевич, Лесная"
"ТЭО-Пф-2501";"20.04.2026";"ПН";"4 пара (14:45-16:10)";"ВМДК.05.01 Организация работ по ремонту и обслуживанию электрооборудования — вся группа, Шабуров Анатолий Анатольевич, Лесная"
"ТЭО-Пф-2501";"20.04.2026";"ПН";"5 пара (16:20-17:40)";"ЛПЗ ВМДК.05.01 Организация работ по ремонту и обслуживанию электрооборудования — 1 п/г, Шабуров Анатолий Анатольевич, Лесная"
"ТЭО-Пф-2501";"20.04.2026";"ПН";"6 пара (17:50-19:10)";"-"
"ТЭО-Пф-2501";"20.04.2026";"ПН";"7 пара (19:20-20:40)";"-"
"ТЭО-Пф-2501";"21.04.2026";"ВТ";"1 пара (08:30-09:55)";"ЛПЗ ВМДК.05.01 Организация работ по ремонту и обслуживанию электрооборудования — 1 п/г, Шабуров Анатолий Анатольевич, Лесная"
"ТЭО-Пф-2501";"21.04.2026";"ВТ";"2 пара (10:05-11:30)";"ЛПЗ ВМДК.05.01 Организация работ по ремонту и обслуживанию электрооборудования — 1 п/г, Шабуров Анатолий Анатольевич, Лесная"
"ТЭО-Пф-2501";"21.04.2026";"ВТ";"3 пара (12:25-13:50)";"ЛПЗ ВМДК.05.01 Организация работ по ремонту и обслуживанию электрооборудования — 1 п/г, Шабуров Анатолий Анатольевич, Лесная"
"ТЭО-Пф-2501";"21.04.2026";"ВТ";"4 пара (14:00-15:25)";"ЛПЗ ВМДК.05.01 Организация работ по ремонту и обслуживанию электрооборудования — 1 п/г, Шабуров Анатолий Анатольевич, Лесная"
"ТЭО-Пф-2501";"21.04.2026";"ВТ";"5 пара (15:35-16:55)";"ЛПЗ ВМДК.05.01 Организация работ по ремонту и обслуживанию электрооборудования — 1 п/г, Шабуров Анатолий Анатольевич, Лесная"
"ТЭО-Пф-2501";"21.04.2026";"ВТ";"6 пара (17:05-18:25)";"ЛПЗ ВМДК.05.01 Организация работ по ремонту и обслуживанию электрооборудования — 2 п/г, Шабуров Анатолий Анатольевич, Лесная"
"ТЭО-Пф-2501";"21.04.2026";"ВТ";"7 пара (18:35-19:55)";"ЛПЗ ВМДК.05.01 Организация работ по ремонту и обслуживанию электрооборудования — 2 п/г, Шабуров Анатолий Анатольевич, Лесная"
"ТЭО-Пф-2501";"22.04.2026";"СР";"1 пара (08:30-09:55)";"ЛПЗ ВМДК.05.01 Организация работ по ремонту и обслуживанию электрооборудования — 1 п/г, Шабуров Анатолий Анатольевич, Лесная"
"ТЭО-Пф-2501";"22.04.2026";"СР";"2 пара (10:05-11:30)";"ЛПЗ ВМДК.05.01 Организация работ по ремонту и обслуживанию электрооборудования — 1 п/г, Шабуров Анатолий Анатольевич, Лесная"
"ТЭО-Пф-2501";"22.04.2026";"СР";"3 пара (12:25-13:50)";"ЛПЗ ВМДК.05.01 Организация работ по ремонту и обслуживанию электрооборудования — 1 п/г, Шабуров Анатолий Анатольевич, Лесная"
"ТЭО-Пф-2501";"22.04.2026";"СР";"4 пара (14:00-15:25)";"ЛПЗ ВМДК.05.01 Организация работ по ремонту и обслуживанию электрооборудования — 1 п/г, Шабуров Анатолий Анатольевич, Лесная"
"ТЭО-Пф-2501";"22.04.2026";"СР";"5 пара (15:35-16:55)";"ЛПЗ ВМДК.05.01 Организация работ по ремонту и обслуживанию электрооборудования — 1 п/г, Шабуров Анатолий Анатольевич, Лесная"
"ТЭО-Пф-2501";"22.04.2026";"СР";"6 пара (17:05-18:25)";"ЛПЗ ВМДК.05.01 Организация работ по ремонту и обслуживанию электрооборудования — 2 п/г, Шабуров Анатолий Анатольевич, Лесная"
"ТЭО-Пф-2501";"22.04.2026";"СР";"7 пара (18:35-19:55)";"ЛПЗ ВМДК.05.01 Организация работ по ремонту и обслуживанию электрооборудования — 2 п/г, Шабуров Анатолий Анатольевич, Лесная"
"ТЭО-Пф-2501";"23.04.2026";"ЧТ";"1 пара (08:30-09:55)";"ЛПЗ ВМДК.05.01 Организация работ по ремонту и обслуживанию электрооборудования — 1 п/г, Шабуров Анатолий Анатольевич, Лесная"
"ТЭО-Пф-2501";"23.04.2026";"ЧТ";"2 пара (10:05-11:30)";"ЛПЗ ВМДК.05.01 Организация работ по ремонту и обслуживанию электрооборудования — 1 п/г, Шабуров Анатолий Анатольевич, Лесная"
"ТЭО-Пф-2501";"23.04.2026";"ЧТ";"3 пара (12:25-13:50)";"ЛПЗ ВМДК.05.01 Организация работ по ремонту и обслуживанию электрооборудования — 2 п/г, Шабуров Анатолий Анатольевич, Лесная"
"ТЭО-Пф-2501";"23.04.2026";"ЧТ";"4 пара (14:00-15:25)";"ЛПЗ ВМДК.05.01 Организация работ по ремонту и обслуживанию электрооборудования — 2 п/г, Шабуров Анатолий Анатольевич, Лесная"
"ТЭО-Пф-2501";"23.04.2026";"ЧТ";"5 пара (15:35-16:55)";"ЛПЗ ВМДК.05.01 Организация работ по ремонту и обслуживанию электрооборудования — 2 п/г, Шабуров Анатолий Анатольевич, Лесная"
"ТЭО-Пф-2501";"23.04.2026";"ЧТ";"6 пара (17:05-18:25)";"ЛПЗ ВМДК.05.01 Организация работ по ремонту и обслуживанию электрооборудования — 2 п/г, Шабуров Анатолий Анатольевич, Лесная"
"ТЭО-Пф-2501";"23.04.2026";"ЧТ";"7 пара (18:35-19:55)";"ЛПЗ ВМДК.05.01 Организация работ по ремонту и обслуживанию электрооборудования — 2 п/г, Шабуров Анатолий Анатольевич, Лесная"
"ТЭО-Пф-2501";"24.04.2026";"ПТ";"1 пара (08:30-09:55)";"ЛПЗ ВМДК.05.01 Организация работ по ремонту и обслуживанию электрооборудования — 2 п/г, Шабуров Анатолий Анатольевич, Лесная"
"ТЭО-Пф-2501";"24.04.2026";"ПТ";"2 пара (10:05-11:30)";"ЛПЗ ВМДК.05.01 Организация работ по ремонту и обслуживанию электрооборудования — 2 п/г, Шабуров Анатолий Анатольевич, Лесная"
"ТЭО-Пф-2501";"24.04.2026";"ПТ";"3 пара (12:25-13:50)";"ЛПЗ ВМДК.05.01 Организация работ по ремонту и обслуживанию электрооборудования — 2 п/г, Шабуров Анатолий Анатольевич, Лесная"
"ТЭО-Пф-2501";"24.04.2026";"ПТ";"4 пара (14:00-15:25)";"ЛПЗ ВМДК.05.01 Организация работ по ремонту и обслуживанию электрооборудования — 2 п/г, Шабуров Анатолий Анатольевич, Лесная"
"ТЭО-Пф-2501";"24.04.2026";"ПТ";"5 пара (15:35-16:55)";"-"
"ТЭО-Пф-2501";"24.04.2026";"ПТ";"6 пара (17:05-18:25)";"-"
"ТЭО-Пф-2501";"24.04.2026";"ПТ";"7 пара (18:35-19:55)";"-"
"ТЭО-Пф-2501";"25.04.2026";"СБ";"1 пара (08:30-09:45)";"УП.05 (УП утро 08:30-12:00) — 1 п/г, Шабуров Анатолий Анатольевич, Лесная"
"ТЭО-Пф-2501";"25.04.2026";"СБ";"2 пара (09:55-11:10)";"УП.05 (УП утро 08:30-12:00) — 1 п/г, Шабуров Анатолий Анатольевич, Лесная"
"ТЭО-Пф-2501";"25.04.2026";"СБ";"3 пара (11:30-12:45)";"-"
"ТЭО-Пф-2501";"25.04.2026";"СБ";"4 пара (12:55-14:10)";"-"
"ТЭО-Пф-2501";"25.04.2026";"СБ";"5 пара (14:20-15:30)";"-"
"ТЭО-Пф-2501";"25.04.2026";"СБ";"6 пара (15:40-16:50)";"-"
"ТЭО-Пф-2501";"25.04.2026";"СБ";"7 пара (17:00-18:10)";"-"
"ТЭО-Пф-2501";"01.05.2026";"ПТ";"1 пара (08:30-09:55)";"УП.05 (УП утро 08:30-12:30) — 1 п/г, Шабуров Анатолий Анатольевич, Лесная"
"ТЭО-Пф-2501";"01.05.2026";"ПТ";"2 пара (10:05-11:30)";"УП.05 (УП утро 08:30-12:30) — 1 п/г, Шабуров Анатолий Анатольевич, Лесная"
"ТЭО-Пф-2501";"01.05.2026";"ПТ";"3 пара (12:25-13:50)";"-"
"ТЭО-Пф-2501";"01.05.2026";"ПТ";"4 пара (14:00-15:25)";"-"
"ТЭО-Пф-2501";"01.05.2026";"ПТ";"5 пара (15:35-16:55)";"-"
"ТЭО-Пф-2501";"01.05.2026";"ПТ";"6 пара (17:05-18:25)";"-"
"ТЭО-Пф-2501";"01.05.2026";"ПТ";"7 пара (18:35-19:55)";"-"
"ТЭО-Пф-2501";"02.05.2026";"СБ";"1 пара (08:30-09:45)";"УП.05 (УП утро 08:30-12:00) — 2 п/г, Шабуров Анатолий Анатольевич, Лесная"
"ТЭО-Пф-2501";"02.05.2026";"СБ";"2 пара (09:55-11:10)";"УП.05 (УП утро 08:30-12:00) — 2 п/г, Шабуров Анатолий Анатольевич, Лесная"
"ТЭО-Пф-2501";"02.05.2026";"СБ";"3 пара (11:30-12:45)";"-"
"ТЭО-Пф-2501";"02.05.2026";"СБ";"4 пара (12:55-14:10)";"-"
"ТЭО-Пф-2501";"02.05.2026";"СБ";"5 пара (14:20-15:30)";"-"
"ТЭО-Пф-2501";"02.05.2026";"СБ";"6 пара (15:40-16:50)";"-"
"ТЭО-Пф-2501";"02.05.2026";"СБ";"7 пара (17:00-18:10)";"-"
"ТЭО-Пф-2501";"05.05.2026";"ВТ";"1 пара (08:30-09:55)";"УП.05 (УП утро 08:30-12:30) — 1 п/г, Шабуров Анатолий Анатольевич, Лесная"
"ТЭО-Пф-2501";"05.05.2026";"ВТ";"2 пара (10:05-11:30)";"УП.05 (УП утро 08:30-12:30) — 1 п/г, Шабуров Анатолий Анатольевич, Лесная"
"ТЭО-Пф-2501";"05.05.2026";"ВТ";"3 пара (12:25-13:50)";"-"
"ТЭО-Пф-2501";"05.05.2026";"ВТ";"4 пара (14:00-15:25)";"-"
"ТЭО-Пф-2501";"05.05.2026";"ВТ";"5 пара (15:35-16:55)";"-"
"ТЭО-Пф-2501";"05.05.2026";"ВТ";"6 пара (17:05-18:25)";"-"
"ТЭО-Пф-2501";"05.05.2026";"ВТ";"7 пара (18:35-19:55)";"-"
"ТЭО-Пф-2501";"06.05.2026";"СР";"1 пара (08:30-09:55)";"УП.05 (УП утро 08:30-12:30) — 2 п/г, Шабуров Анатолий Анатольевич, Лесная"
"ТЭО-Пф-2501";"06.05.2026";"СР";"2 пара (10:05-11:30)";"УП.05 (УП утро 08:30-12:30) — 2 п/г, Шабуров Анатолий Анатольевич, Лесная"
"ТЭО-Пф-2501";"06.05.2026";"СР";"3 пара (12:25-13:50)";"-"
"ТЭО-Пф-2501";"06.05.2026";"СР";"4 пара (14:00-15:25)";"-"
"ТЭО-Пф-2501";"06.05.2026";"СР";"5 пара (15:35-16:55)";"-"
"ТЭО-Пф-2501";"06.05.2026";"СР";"6 пара (17:05-18:25)";"-"
"ТЭО-Пф-2501";"06.05.2026";"СР";"7 пара (18:35-19:55)";"-"
"ТЭО-Пф-2501";"12.05.2026";"ВТ";"1 пара (08:30-09:55)";"УП.05 (УП утро 08:30-12:30) — 1 п/г, Шабуров Анатолий Анатольевич, Лесная"
"ТЭО-Пф-2501";"12.05.2026";"ВТ";"2 пара (10:05-11:30)";"УП.05 (УП утро 08:30-12:30) — 1 п/г, Шабуров Анатолий Анатольевич, Лесная"
"ТЭО-Пф-2501";"12.05.2026";"ВТ";"3 пара (12:25-13:50)";"-"
"ТЭО-Пф-2501";"12.05.2026";"ВТ";"4 пара (14:00-15:25)";"-"
"ТЭО-Пф-2501";"12.05.2026";"ВТ";"5 пара (15:35-16:55)";"-"
"ТЭО-Пф-2501";"12.05.2026";"ВТ";"6 пара (17:05-18:25)";"-"
"ТЭО-Пф-2501";"12.05.2026";"ВТ";"7 пара (18:35-19:55)";"-"
"ТЭО-Пф-2501";"13.05.2026";"СР";"1 пара (08:30-09:55)";"УП.05 (УП утро 08:30-12:30) — 2 п/г, Шабуров Анатолий Анатольевич, Лесная"
"ТЭО-Пф-2501";"13.05.2026";"СР";"2 пара (10:05-11:30)";"УП.05 (УП утро 08:30-12:30) — 2 п/г, Шабуров Анатолий Анатольевич, Лесная"
"ТЭО-Пф-2501";"13.05.2026";"СР";"3 пара (12:25-13:50)";"-"
"ТЭО-Пф-2501";"13.05.2026";"СР";"4 пара (14:00-15:25)";"-"
"ТЭО-Пф-2501";"13.05.2026";"СР";"5 пара (15:35-16:55)";"-"
"ТЭО-Пф-2501";"13.05.2026";"СР";"6 пара (17:05-18:25)";"-"
"ТЭО-Пф-2501";"13.05.2026";"СР";"7 пара (18:35-19:55)";"-"
"ТЭО-Пф-2501";"19.05.2026";"ВТ";"1 пара (08:30-09:55)";"УП.05 (УП утро 08:30-12:30) — 1 п/г, Шабуров Анатолий Анатольевич, Лесная"
"ТЭО-Пф-2501";"19.05.2026";"ВТ";"2 пара (10:05-11:30)";"УП.05 (УП утро 08:30-12:30) — 1 п/г, Шабуров Анатолий Анатольевич, Лесная"
"ТЭО-Пф-2501";"19.05.2026";"ВТ";"3 пара (12:25-13:50)";"-"
"ТЭО-Пф-2501";"19.05.2026";"ВТ";"4 пара (14:00-15:25)";"-"
"ТЭО-Пф-2501";"19.05.2026";"ВТ";"5 пара (15:35-16:55)";"-"
"ТЭО-Пф-2501";"19.05.2026";"ВТ";"6 пара (17:05-18:25)";"-"
"ТЭО-Пф-2501";"19.05.2026";"ВТ";"7 пара (18:35-19:55)";"-"
"ТЭО-Пф-2501";"20.05.2026";"СР";"1 пара (08:30-09:55)";"УП.05 (УП утро 08:30-12:30) — 2 п/г, Шабуров Анатолий Анатольевич, Лесная"
"ТЭО-Пф-2501";"20.05.2026";"СР";"2 пара (10:05-11:30)";"УП.05 (УП утро 08:30-12:30) — 2 п/г, Шабуров Анатолий Анатольевич, Лесная"
"ТЭО-Пф-2501";"20.05.2026";"СР";"3 пара (12:25-13:50)";"-"
"ТЭО-Пф-2501";"20.05.2026";"СР";"4 пара (14:00-15:25)";"-"
"ТЭО-Пф-2501";"20.05.2026";"СР";"5 пара (15:35-16:55)";"-"
"ТЭО-Пф-2501";"20.05.2026";"СР";"6 пара (17:05-18:25)";"-"
"ТЭО-Пф-2501";"20.05.2026";"СР";"7 пара (18:35-19:55)";"-"
"ТЭО-Пф-2501";"25.05.2026";"ПН";"1 пара (09:15-10:40)";"УП.05 (УП утро 09:00-13:00) — 1 п/г, Шабуров Анатолий Анатольевич, Лесная"
"ТЭО-Пф-2501";"25.05.2026";"ПН";"2 пара (10:50-12:15)";"УП.05 (УП утро 09:00-13:00) — 1 п/г, Шабуров Анатолий Анатольевич, Лесная"
"ТЭО-Пф-2501";"25.05.2026";"ПН";"3 пара (13:10-14:35)";"-"
"ТЭО-Пф-2501";"25.05.2026";"ПН";"4 пара (14:45-16:10)";"-"
"ТЭО-Пф-2501";"25.05.2026";"ПН";"5 пара (16:20-17:40)";"-"
"ТЭО-Пф-2501";"25.05.2026";"ПН";"6 пара (17:50-19:10)";"-"
"ТЭО-Пф-2501";"25.05.2026";"ПН";"7 пара (19:20-20:40)";"-"
"ТЭО-Пф-2501";"26.05.2026";"ВТ";"1 пара (08:30-09:55)";"УП.05 (УП утро 08:30-12:30) — 2 п/г, Шабуров Анатолий Анатольевич, Лесная"
"ТЭО-Пф-2501";"26.05.2026";"ВТ";"2 пара (10:05-11:30)";"УП.05 (УП утро 08:30-12:30) — 2 п/г, Шабуров Анатолий Анатольевич, Лесная"
"ТЭО-Пф-2501";"26.05.2026";"ВТ";"3 пара (12:25-13:50)";"-"
"ТЭО-Пф-2501";"26.05.2026";"ВТ";"4 пара (14:00-15:25)";"-"
"ТЭО-Пф-2501";"26.05.2026";"ВТ";"5 пара (15:35-16:55)";"-"
"ТЭО-Пф-2501";"26.05.2026";"ВТ";"6 пара (17:05-18:25)";"-"
"ТЭО-Пф-2501";"26.05.2026";"ВТ";"7 пара (18:35-19:55)";"-"
"СП-Пф-2601";"12.01.2026";"ПН";"1 пара (09:15-10:40)";"-"
"СП-Пф-2601";"12.01.2026";"ПН";"2 пара (10:50-12:15)";"-"
"СП-Пф-2601";"12.01.2026";"ПН";"3 пара (13:10-14:35)";"Химия — вся группа, Семенова Лилиана Ивановна, Лесная"
"СП-Пф-2601";"12.01.2026";"ПН";"4 пара (14:45-16:10)";"Химия — вся группа, Семенова Лилиана Ивановна, Лесная"
"СП-Пф-2601";"12.01.2026";"ПН";"5 пара (16:20-17:40)";"Химия — вся группа, Семенова Лилиана Ивановна, Лесная"
"СП-Пф-2601";"12.01.2026";"ПН";"6 пара (17:50-19:10)";"География — вся группа, Кропотова Анастасия Андреевна, Лесная"
"СП-Пф-2601";"12.01.2026";"ПН";"7 пара (19:20-20:40)";"География — вся группа, Кропотова Анастасия Андреевна, Лесная"
"СП-Пф-2601";"13.01.2026";"ВТ";"1 пара (08:30-09:55)";"Иностранный язык в профессиональной деятельности — 2 п/г, Ермолина Ирина Павловна, Лесная | УП.05 (УП утро 08:30-12:30) — 1 п/г, Подчиненнов Александр Юрьевич, Лесная"
"СП-Пф-2601";"13.01.2026";"ВТ";"2 пара (10:05-11:30)";"Иностранный язык в профессиональной деятельности — 2 п/г, Ермолина Ирина Павловна, Лесная | УП.05 (УП утро 08:30-12:30) — 1 п/г, Подчиненнов Александр Юрьевич, Лесная"
"СП-Пф-2601";"13.01.2026";"ВТ";"3 пара (12:25-13:50)";"Иностранный язык в профессиональной деятельности — 2 п/г, Ермолина Ирина Павловна, Лесная"
"СП-Пф-2601";"13.01.2026";"ВТ";"4 пара (14:00-15:25)";"Иностранный язык в профессиональной деятельности — 2 п/г, Ермолина Ирина Павловна, Лесная"
"СП-Пф-2601";"13.01.2026";"ВТ";"5 пара (15:35-16:55)";"Иностранный язык в профессиональной деятельности — 2 п/г, Ермолина Ирина Павловна, Лесная"
"СП-Пф-2601";"13.01.2026";"ВТ";"6 пара (17:05-18:25)";"-"
"СП-Пф-2601";"13.01.2026";"ВТ";"7 пара (18:35-19:55)";"-"
"СП-Пф-2601";"14.01.2026";"СР";"1 пара (08:30-09:55)";"Иностранный язык в профессиональной деятельности — 1 п/г, Ермолина Ирина Павловна, Лесная | УП.05 (УП утро 08:30-12:30) — 2 п/г, Подчиненнов Александр Юрьевич, Лесная"
"СП-Пф-2601";"14.01.2026";"СР";"2 пара (10:05-11:30)";"Иностранный язык в профессиональной деятельности — 1 п/г, Ермолина Ирина Павловна, Лесная | УП.05 (УП утро 08:30-12:30) — 2 п/г, Подчиненнов Александр Юрьевич, Лесная"
"СП-Пф-2601";"14.01.2026";"СР";"3 пара (12:25-13:50)";"Иностранный язык в профессиональной деятельности — 1 п/г, Ермолина Ирина Павловна, Лесная"
"СП-Пф-2601";"14.01.2026";"СР";"4 пара (14:00-15:25)";"Иностранный язык в профессиональной деятельности — 1 п/г, Ермолина Ирина Павловна, Лесная"
"СП-Пф-2601";"14.01.2026";"СР";"5 пара (15:35-16:55)";"Иностранный язык в профессиональной деятельности — 1 п/г, Ермолина Ирина Павловна, Лесная"
"СП-Пф-2601";"14.01.2026";"СР";"6 пара (17:05-18:25)";"-"
"СП-Пф-2601";"14.01.2026";"СР";"7 пара (18:35-19:55)";"-"
"СП-Пф-2601";"15.01.2026";"ЧТ";"1 пара (08:30-09:55)";"География — вся группа, Кропотова Анастасия Андреевна, Лесная"
"СП-Пф-2601";"15.01.2026";"ЧТ";"2 пара (10:05-11:30)";"География — вся группа, Кропотова Анастасия Андреевна, Лесная"
"СП-Пф-2601";"15.01.2026";"ЧТ";"3 пара (12:25-13:50)";"География — вся группа, Кропотова Анастасия Андреевна, Лесная"
"СП-Пф-2601";"15.01.2026";"ЧТ";"4 пара (14:00-15:25)";"География — вся группа, Кропотова Анастасия Андреевна, Лесная"
"СП-Пф-2601";"15.01.2026";"ЧТ";"5 пара (15:35-16:55)";"География — вся группа, Кропотова Анастасия Андреевна, Лесная"
"СП-Пф-2601";"15.01.2026";"ЧТ";"6 пара (17:05-18:25)";"-"
"СП-Пф-2601";"15.01.2026";"ЧТ";"7 пара (18:35-19:55)";"-"
"СП-Пф-2601";"16.01.2026";"ПТ";"1 пара (08:30-09:55)";"Иностранный язык в профессиональной деятельности — 2 п/г, Ермолина Ирина Павловна, Лесная | УП.01 (УП утро 08:30-12:30) — 1 п/г, Горин Максим Валерьевич, Лесная"
"СП-Пф-2601";"16.01.2026";"ПТ";"2 пара (10:05-11:30)";"Иностранный язык в профессиональной деятельности — 2 п/г, Ермолина Ирина Павловна, Лесная | УП.01 (УП утро 08:30-12:30) — 1 п/г, Горин Максим Валерьевич, Лесная"
"СП-Пф-2601";"16.01.2026";"ПТ";"3 пара (12:25-13:50)";"Иностранный язык в профессиональной деятельности — 2 п/г, Ермолина Ирина Павловна, Лесная"
"СП-Пф-2601";"16.01.2026";"ПТ";"4 пара (14:00-15:25)";"Иностранный язык в профессиональной деятельности — 2 п/г, Ермолина Ирина Павловна, Лесная"
"СП-Пф-2601";"16.01.2026";"ПТ";"5 пара (15:35-16:55)";"Иностранный язык в профессиональной деятельности — 2 п/г, Ермолина Ирина Павловна, Лесная"
"СП-Пф-2601";"16.01.2026";"ПТ";"6 пара (17:05-18:25)";"-"
"СП-Пф-2601";"16.01.2026";"ПТ";"7 пара (18:35-19:55)";"-"
"СП-Пф-2601";"17.01.2026";"СБ";"1 пара (08:30-09:45)";"Иностранный язык в профессиональной деятельности — 1 п/г, Ермолина Ирина Павловна, Лесная | УП.01 (УП утро 08:30-12:00) — 2 п/г, Горин Максим Валерьевич, Лесная"
"СП-Пф-2601";"17.01.2026";"СБ";"2 пара (09:55-11:10)";"Иностранный язык в профессиональной деятельности — 1 п/г, Ермолина Ирина Павловна, Лесная | УП.01 (УП утро 08:30-12:00) — 2 п/г, Горин Максим Валерьевич, Лесная"
"СП-Пф-2601";"17.01.2026";"СБ";"3 пара (11:30-12:45)";"Иностранный язык в профессиональной деятельности — 1 п/г, Ермолина Ирина Павловна, Лесная"
"СП-Пф-2601";"17.01.2026";"СБ";"4 пара (12:55-14:10)";"Иностранный язык в профессиональной деятельности — 1 п/г, Ермолина Ирина Павловна, Лесная"
"СП-Пф-2601";"17.01.2026";"СБ";"5 пара (14:20-15:30)";"Иностранный язык в профессиональной деятельности — 1 п/г, Ермолина Ирина Павловна, Лесная"
"СП-Пф-2601";"17.01.2026";"СБ";"6 пара (15:40-16:50)";"-"
"СП-Пф-2601";"17.01.2026";"СБ";"7 пара (17:00-18:10)";"-"
"СП-Пф-2601";"19.01.2026";"ПН";"1 пара (09:15-10:40)";"География — вся группа, Кропотова Анастасия Андреевна, Лесная"
"СП-Пф-2601";"19.01.2026";"ПН";"2 пара (10:50-12:15)";"География — вся группа, Кропотова Анастасия Андреевна, Лесная"
"СП-Пф-2601";"19.01.2026";"ПН";"3 пара (13:10-14:35)";"Химия — вся группа, Семенова Лилиана Ивановна, Лесная"
"СП-Пф-2601";"19.01.2026";"ПН";"4 пара (14:45-16:10)";"Химия — вся группа, Семенова Лилиана Ивановна, Лесная"
"СП-Пф-2601";"19.01.2026";"ПН";"5 пара (16:20-17:40)";"Химия — вся группа, Семенова Лилиана Ивановна, Лесная"
"СП-Пф-2601";"19.01.2026";"ПН";"6 пара (17:50-19:10)";"-"
"СП-Пф-2601";"19.01.2026";"ПН";"7 пара (19:20-20:40)";"-"
"СП-Пф-2601";"20.01.2026";"ВТ";"1 пара (08:30-09:55)";"Иностранный язык в профессиональной деятельности — 2 п/г, Ермолина Ирина Павловна, Лесная | УП.05 (УП утро 08:30-12:30) — 1 п/г, Подчиненнов Александр Юрьевич, Лесная"
"СП-Пф-2601";"20.01.2026";"ВТ";"2 пара (10:05-11:30)";"Иностранный язык в профессиональной деятельности — 2 п/г, Ермолина Ирина Павловна, Лесная | УП.05 (УП утро 08:30-12:30) — 1 п/г, Подчиненнов Александр Юрьевич, Лесная"
"СП-Пф-2601";"20.01.2026";"ВТ";"3 пара (12:25-13:50)";"Иностранный язык в профессиональной деятельности — 2 п/г, Ермолина Ирина Павловна, Лесная"
"СП-Пф-2601";"20.01.2026";"ВТ";"4 пара (14:00-15:25)";"Иностранный язык в профессиональной деятельности — 2 п/г, Ермолина Ирина Павловна, Лесная"
"СП-Пф-2601";"20.01.2026";"ВТ";"5 пара (15:35-16:55)";"Иностранный язык в профессиональной деятельности — 2 п/г, Ермолина Ирина Павловна, Лесная"
"СП-Пф-2601";"20.01.2026";"ВТ";"6 пара (17:05-18:25)";"-"
"СП-Пф-2601";"20.01.2026";"ВТ";"7 пара (18:35-19:55)";"-"
"СП-Пф-2601";"21.01.2026";"СР";"1 пара (08:30-09:55)";"Иностранный язык в профессиональной деятельности — 1 п/г, Ермолина Ирина Павловна, Лесная | УП.05 (УП утро 08:30-12:30) — 2 п/г, Подчиненнов Александр Юрьевич, Лесная"
"СП-Пф-2601";"21.01.2026";"СР";"2 пара (10:05-11:30)";"Иностранный язык в профессиональной деятельности — 1 п/г, Ермолина Ирина Павловна, Лесная | УП.05 (УП утро 08:30-12:30) — 2 п/г, Подчиненнов Александр Юрьевич, Лесная"
"СП-Пф-2601";"21.01.2026";"СР";"3 пара (12:25-13:50)";"Иностранный язык в профессиональной деятельности — 1 п/г, Ермолина Ирина Павловна, Лесная"
"СП-Пф-2601";"21.01.2026";"СР";"4 пара (14:00-15:25)";"Иностранный язык в профессиональной деятельности — 1 п/г, Ермолина Ирина Павловна, Лесная"
"СП-Пф-2601";"21.01.2026";"СР";"5 пара (15:35-16:55)";"Иностранный язык в профессиональной деятельности — 1 п/г, Ермолина Ирина Павловна, Лесная"
"СП-Пф-2601";"21.01.2026";"СР";"6 пара (17:05-18:25)";"-"
"СП-Пф-2601";"21.01.2026";"СР";"7 пара (18:35-19:55)";"-"
"СП-Пф-2601";"22.01.2026";"ЧТ";"1 пара (08:30-09:55)";"Химия — вся группа, Семенова Лилиана Ивановна, Лесная"
"СП-Пф-2601";"22.01.2026";"ЧТ";"2 пара (10:05-11:30)";"Химия — вся группа, Семенова Лилиана Ивановна, Лесная"
"СП-Пф-2601";"22.01.2026";"ЧТ";"3 пара (12:25-13:50)";"Химия — вся группа, Семенова Лилиана Ивановна, Лесная"
"СП-Пф-2601";"22.01.2026";"ЧТ";"4 пара (14:00-15:25)";"Иностранный язык в профессиональной деятельности — 1 п/г, Ермолина Ирина Павловна, Лесная | ЛПЗ Компас 3D — 2 п/г, Подчиненнов Александр Юрьевич, Лесная"
"СП-Пф-2601";"22.01.2026";"ЧТ";"5 пара (15:35-16:55)";"Иностранный язык в профессиональной деятельности — 1 п/г, Ермолина Ирина Павловна, Лесная | ЛПЗ Компас 3D — 2 п/г, Подчиненнов Александр Юрьевич, Лесная"
"СП-Пф-2601";"22.01.2026";"ЧТ";"6 пара (17:05-18:25)";"-"
"СП-Пф-2601";"22.01.2026";"ЧТ";"7 пара (18:35-19:55)";"-"
"СП-Пф-2601";"23.01.2026";"ПТ";"1 пара (08:30-09:55)";"Иностранный язык в профессиональной деятельности — 2 п/г, Ермолина Ирина Павловна, Лесная | УП.01 (УП утро 08:30-12:30) — 1 п/г, Горин Максим Валерьевич, Лесная"
"СП-Пф-2601";"23.01.2026";"ПТ";"2 пара (10:05-11:30)";"Иностранный язык в профессиональной деятельности — 2 п/г, Ермолина Ирина Павловна, Лесная | УП.01 (УП утро 08:30-12:30) — 1 п/г, Горин Максим Валерьевич, Лесная"
"СП-Пф-2601";"23.01.2026";"ПТ";"3 пара (12:25-13:50)";"Иностранный язык в профессиональной деятельности — 2 п/г, Ермолина Ирина Павловна, Лесная"
"СП-Пф-2601";"23.01.2026";"ПТ";"4 пара (14:00-15:25)";"Иностранный язык в профессиональной деятельности — 2 п/г, Ермолина Ирина Павловна, Лесная"
"СП-Пф-2601";"23.01.2026";"ПТ";"5 пара (15:35-16:55)";"Иностранный язык в профессиональной деятельности — 2 п/г, Ермолина Ирина Павловна, Лесная"
"СП-Пф-2601";"23.01.2026";"ПТ";"6 пара (17:05-18:25)";"-"
"СП-Пф-2601";"23.01.2026";"ПТ";"7 пара (18:35-19:55)";"-"
"СП-Пф-2601";"24.01.2026";"СБ";"1 пара (08:30-09:45)";"Иностранный язык в профессиональной деятельности — 1 п/г, Ермолина Ирина Павловна, Лесная | УП.01 (УП утро 08:30-12:00) — 2 п/г, Горин Максим Валерьевич, Лесная"
"СП-Пф-2601";"24.01.2026";"СБ";"2 пара (09:55-11:10)";"Иностранный язык в профессиональной деятельности — 1 п/г, Ермолина Ирина Павловна, Лесная | УП.01 (УП утро 08:30-12:00) — 2 п/г, Горин Максим Валерьевич, Лесная"
"СП-Пф-2601";"24.01.2026";"СБ";"3 пара (11:30-12:45)";"Иностранный язык в профессиональной деятельности — 1 п/г, Ермолина Ирина Павловна, Лесная"
"СП-Пф-2601";"24.01.2026";"СБ";"4 пара (12:55-14:10)";"ЛПЗ Компас 3D — 1 п/г, Подчиненнов Александр Юрьевич, Лесная"
"СП-Пф-2601";"24.01.2026";"СБ";"5 пара (14:20-15:30)";"ЛПЗ Компас 3D — 1 п/г, Подчиненнов Александр Юрьевич, Лесная"
"СП-Пф-2601";"24.01.2026";"СБ";"6 пара (15:40-16:50)";"-"
"СП-Пф-2601";"24.01.2026";"СБ";"7 пара (17:00-18:10)";"-"
"СП-Пф-2601";"26.01.2026";"ПН";"1 пара (09:15-10:40)";"-"
"СП-Пф-2601";"26.01.2026";"ПН";"2 пара (10:50-12:15)";"-"
"СП-Пф-2601";"26.01.2026";"ПН";"3 пара (13:10-14:35)";"Основы финансовой грамотности — вся группа, Елагина Ольга Александровна, Лесная"
"СП-Пф-2601";"26.01.2026";"ПН";"4 пара (14:45-16:10)";"Основы финансовой грамотности — вся группа, Елагина Ольга Александровна, Лесная"
"СП-Пф-2601";"26.01.2026";"ПН";"5 пара (16:20-17:40)";"Основы финансовой грамотности — вся группа, Елагина Ольга Александровна, Лесная"
"СП-Пф-2601";"26.01.2026";"ПН";"6 пара (17:50-19:10)";"История России — вся группа, Цимфер Татьяна Ивановна, Лесная"
"СП-Пф-2601";"26.01.2026";"ПН";"7 пара (19:20-20:40)";"История России — вся группа, Цимфер Татьяна Ивановна, Лесная"
"СП-Пф-2601";"27.01.2026";"ВТ";"1 пара (08:30-09:55)";"ЛПЗ Компас 3D — 2 п/г, Подчиненнов Александр Юрьевич, Лесная | УП.01 (УП утро 08:30-12:30) — 1 п/г, Горин Максим Валерьевич, Лесная"
"СП-Пф-2601";"27.01.2026";"ВТ";"2 пара (10:05-11:30)";"ЛПЗ Компас 3D — 2 п/г, Подчиненнов Александр Юрьевич, Лесная | УП.01 (УП утро 08:30-12:30) — 1 п/г, Горин Максим Валерьевич, Лесная"
"СП-Пф-2601";"27.01.2026";"ВТ";"3 пара (12:25-13:50)";"ЛПЗ Компас 3D — 2 п/г, Подчиненнов Александр Юрьевич, Лесная"
"СП-Пф-2601";"27.01.2026";"ВТ";"4 пара (14:00-15:25)";"ЛПЗ Компас 3D — 2 п/г, Подчиненнов Александр Юрьевич, Лесная"
"СП-Пф-2601";"27.01.2026";"ВТ";"5 пара (15:35-16:55)";"ЛПЗ Компас 3D — 2 п/г, Подчиненнов Александр Юрьевич, Лесная"
"СП-Пф-2601";"27.01.2026";"ВТ";"6 пара (17:05-18:25)";"-"
"СП-Пф-2601";"27.01.2026";"ВТ";"7 пара (18:35-19:55)";"-"
"СП-Пф-2601";"28.01.2026";"СР";"1 пара (08:30-09:55)";"ЛПЗ Компас 3D — 1 п/г, Подчиненнов Александр Юрьевич, Лесная | УП.01 (УП утро 08:30-12:30) — 2 п/г, Горин Максим Валерьевич, Лесная"
"СП-Пф-2601";"28.01.2026";"СР";"2 пара (10:05-11:30)";"ЛПЗ Компас 3D — 1 п/г, Подчиненнов Александр Юрьевич, Лесная | УП.01 (УП утро 08:30-12:30) — 2 п/г, Горин Максим Валерьевич, Лесная"
"СП-Пф-2601";"28.01.2026";"СР";"3 пара (12:25-13:50)";"ЛПЗ Компас 3D — 1 п/г, Подчиненнов Александр Юрьевич, Лесная"
"СП-Пф-2601";"28.01.2026";"СР";"4 пара (14:00-15:25)";"ЛПЗ Компас 3D — 1 п/г, Подчиненнов Александр Юрьевич, Лесная"
"СП-Пф-2601";"28.01.2026";"СР";"5 пара (15:35-16:55)";"ЛПЗ Компас 3D — 1 п/г, Подчиненнов Александр Юрьевич, Лесная"
"СП-Пф-2601";"28.01.2026";"СР";"6 пара (17:05-18:25)";"-"
"СП-Пф-2601";"28.01.2026";"СР";"7 пара (18:35-19:55)";"-"
"СП-Пф-2601";"29.01.2026";"ЧТ";"1 пара (08:30-09:55)";"История России — вся группа, Цимфер Татьяна Ивановна, Лесная"
"СП-Пф-2601";"29.01.2026";"ЧТ";"2 пара (10:05-11:30)";"История России — вся группа, Цимфер Татьяна Ивановна, Лесная"
"СП-Пф-2601";"29.01.2026";"ЧТ";"3 пара (12:25-13:50)";"История России — вся группа, Цимфер Татьяна Ивановна, Лесная"
"СП-Пф-2601";"29.01.2026";"ЧТ";"4 пара (14:00-15:25)";"История России — вся группа, Цимфер Татьяна Ивановна, Лесная"
"СП-Пф-2601";"29.01.2026";"ЧТ";"5 пара (15:35-16:55)";"История России — вся группа, Цимфер Татьяна Ивановна, Лесная"
"СП-Пф-2601";"29.01.2026";"ЧТ";"6 пара (17:05-18:25)";"-"
"СП-Пф-2601";"29.01.2026";"ЧТ";"7 пара (18:35-19:55)";"-"
"СП-Пф-2601";"30.01.2026";"ПТ";"1 пара (08:30-09:55)";"История России — вся группа, Цимфер Татьяна Ивановна, Лесная"
"СП-Пф-2601";"30.01.2026";"ПТ";"2 пара (10:05-11:30)";"История России — вся группа, Цимфер Татьяна Ивановна, Лесная"
"СП-Пф-2601";"30.01.2026";"ПТ";"3 пара (12:25-13:50)";"История России — вся группа, Цимфер Татьяна Ивановна, Лесная"
"СП-Пф-2601";"30.01.2026";"ПТ";"4 пара (14:00-15:25)";"История России — вся группа, Цимфер Татьяна Ивановна, Лесная"
"СП-Пф-2601";"30.01.2026";"ПТ";"5 пара (15:35-16:55)";"История России — вся группа, Цимфер Татьяна Ивановна, Лесная"
"СП-Пф-2601";"30.01.2026";"ПТ";"6 пара (17:05-18:25)";"-"
"СП-Пф-2601";"30.01.2026";"ПТ";"7 пара (18:35-19:55)";"-"
"СП-Пф-2601";"31.01.2026";"СБ";"1 пара (08:30-09:45)";"История России — вся группа, Цимфер Татьяна Ивановна, Лесная"
"СП-Пф-2601";"31.01.2026";"СБ";"2 пара (09:55-11:10)";"История России — вся группа, Цимфер Татьяна Ивановна, Лесная"
"СП-Пф-2601";"31.01.2026";"СБ";"3 пара (11:30-12:45)";"История России — вся группа, Цимфер Татьяна Ивановна, Лесная"
"СП-Пф-2601";"31.01.2026";"СБ";"4 пара (12:55-14:10)";"История России — вся группа, Цимфер Татьяна Ивановна, Лесная"
"СП-Пф-2601";"31.01.2026";"СБ";"5 пара (14:20-15:30)";"История России — вся группа, Цимфер Татьяна Ивановна, Лесная"
"СП-Пф-2601";"31.01.2026";"СБ";"6 пара (15:40-16:50)";"-"
"СП-Пф-2601";"31.01.2026";"СБ";"7 пара (17:00-18:10)";"-"
"СП-Пф-2601";"02.02.2026";"ПН";"1 пара (09:15-10:40)";"История России — вся группа, Цимфер Татьяна Ивановна, Лесная"
"СП-Пф-2601";"02.02.2026";"ПН";"2 пара (10:50-12:15)";"Основы финансовой грамотности — вся группа, Елагина Ольга Александровна, Лесная"
"СП-Пф-2601";"02.02.2026";"ПН";"3 пара (13:10-14:35)";"Основы финансовой грамотности — вся группа, Елагина Ольга Александровна, Лесная"
"СП-Пф-2601";"02.02.2026";"ПН";"4 пара (14:45-16:10)";"Основы финансовой грамотности — вся группа, Елагина Ольга Александровна, Лесная"
"СП-Пф-2601";"02.02.2026";"ПН";"5 пара (16:20-17:40)";"Основы финансовой грамотности — вся группа, Елагина Ольга Александровна, Лесная"
"СП-Пф-2601";"02.02.2026";"ПН";"6 пара (17:50-19:10)";"-"
"СП-Пф-2601";"02.02.2026";"ПН";"7 пара (19:20-20:40)";"-"
"СП-Пф-2601";"03.02.2026";"ВТ";"1 пара (08:30-09:55)";"-"
"СП-Пф-2601";"03.02.2026";"ВТ";"2 пара (10:05-11:30)";"-"
"СП-Пф-2601";"03.02.2026";"ВТ";"3 пара (12:25-13:50)";"Основы финансовой грамотности — вся группа, Елагина Ольга Александровна, Лесная"
"СП-Пф-2601";"03.02.2026";"ВТ";"4 пара (14:00-15:25)";"Основы финансовой грамотности — вся группа, Елагина Ольга Александровна, Лесная"
"СП-Пф-2601";"03.02.2026";"ВТ";"5 пара (15:35-16:55)";"Основы финансовой грамотности — вся группа, Елагина Ольга Александровна, Лесная"
"СП-Пф-2601";"03.02.2026";"ВТ";"6 пара (17:05-18:25)";"Физическая культура — вся группа, Нуров Мирзо Нуралиевич, Лесная"
"СП-Пф-2601";"03.02.2026";"ВТ";"7 пара (18:35-19:55)";"Физическая культура — вся группа, Нуров Мирзо Нуралиевич, Лесная"
"СП-Пф-2601";"04.02.2026";"СР";"1 пара (08:30-09:55)";"Физическая культура — вся группа, Нуров Мирзо Нуралиевич, Лесная"
"СП-Пф-2601";"04.02.2026";"СР";"2 пара (10:05-11:30)";"Физическая культура — вся группа, Нуров Мирзо Нуралиевич, Лесная"
"СП-Пф-2601";"04.02.2026";"СР";"3 пара (12:25-13:50)";"Физическая культура — вся группа, Нуров Мирзо Нуралиевич, Лесная"
"СП-Пф-2601";"04.02.2026";"СР";"4 пара (14:00-15:25)";"Физическая культура — вся группа, Нуров Мирзо Нуралиевич, Лесная"
"СП-Пф-2601";"04.02.2026";"СР";"5 пара (15:35-16:55)";"Физическая культура — вся группа, Нуров Мирзо Нуралиевич, Лесная"
"СП-Пф-2601";"04.02.2026";"СР";"6 пара (17:05-18:25)";"-"
"СП-Пф-2601";"04.02.2026";"СР";"7 пара (18:35-19:55)";"-"
"СП-Пф-2601";"05.02.2026";"ЧТ";"1 пара (08:30-09:55)";"Физическая культура — вся группа, Нуров Мирзо Нуралиевич, Лесная"
"СП-Пф-2601";"05.02.2026";"ЧТ";"2 пара (10:05-11:30)";"Физическая культура — вся группа, Нуров Мирзо Нуралиевич, Лесная"
"СП-Пф-2601";"05.02.2026";"ЧТ";"3 пара (12:25-13:50)";"Физическая культура — вся группа, Нуров Мирзо Нуралиевич, Лесная"
"СП-Пф-2601";"05.02.2026";"ЧТ";"4 пара (14:00-15:25)";"Физическая культура — вся группа, Нуров Мирзо Нуралиевич, Лесная"
"СП-Пф-2601";"05.02.2026";"ЧТ";"5 пара (15:35-16:55)";"Физическая культура — вся группа, Нуров Мирзо Нуралиевич, Лесная"
"СП-Пф-2601";"05.02.2026";"ЧТ";"6 пара (17:05-18:25)";"-"
"СП-Пф-2601";"05.02.2026";"ЧТ";"7 пара (18:35-19:55)";"-"
"СП-Пф-2601";"06.02.2026";"ПТ";"1 пара (08:30-09:55)";"-"
"СП-Пф-2601";"06.02.2026";"ПТ";"2 пара (10:05-11:30)";"-"
"СП-Пф-2601";"06.02.2026";"ПТ";"3 пара (12:25-13:50)";"Основы финансовой грамотности — вся группа, Елагина Ольга Александровна, Лесная"
"СП-Пф-2601";"06.02.2026";"ПТ";"4 пара (14:00-15:25)";"Основы финансовой грамотности — вся группа, Елагина Ольга Александровна, Лесная"
"СП-Пф-2601";"06.02.2026";"ПТ";"5 пара (15:35-16:55)";"Основы финансовой грамотности — вся группа, Елагина Ольга Александровна, Лесная"
"СП-Пф-2601";"06.02.2026";"ПТ";"6 пара (17:05-18:25)";"Физическая культура — вся группа, Нуров Мирзо Нуралиевич, Лесная"
"СП-Пф-2601";"06.02.2026";"ПТ";"7 пара (18:35-19:55)";"Физическая культура — вся группа, Нуров Мирзо Нуралиевич, Лесная"
"СП-Пф-2601";"07.02.2026";"СБ";"1 пара (08:30-09:45)";"-"
"СП-Пф-2601";"07.02.2026";"СБ";"2 пара (09:55-11:10)";"-"
"СП-Пф-2601";"07.02.2026";"СБ";"3 пара (11:30-12:45)";"Основы финансовой грамотности — вся группа, Елагина Ольга Александровна, Лесная"
"СП-Пф-2601";"07.02.2026";"СБ";"4 пара (12:55-14:10)";"Основы финансовой грамотности — вся группа, Елагина Ольга Александровна, Лесная"
"СП-Пф-2601";"07.02.2026";"СБ";"5 пара (14:20-15:30)";"Основы финансовой грамотности — вся группа, Елагина Ольга Александровна, Лесная"
"СП-Пф-2601";"07.02.2026";"СБ";"6 пара (15:40-16:50)";"Физическая культура — вся группа, Нуров Мирзо Нуралиевич, Лесная"
"СП-Пф-2601";"07.02.2026";"СБ";"7 пара (17:00-18:10)";"Физическая культура — вся группа, Нуров Мирзо Нуралиевич, Лесная"
"СП-Пф-2601";"09.02.2026";"ПН";"1 пара (09:15-10:40)";"-"
"СП-Пф-2601";"09.02.2026";"ПН";"2 пара (10:50-12:15)";"-"
"СП-Пф-2601";"09.02.2026";"ПН";"3 пара (13:10-14:35)";"Основы финансовой грамотности — вся группа, Елагина Ольга Александровна, Лесная"
"СП-Пф-2601";"09.02.2026";"ПН";"4 пара (14:45-16:10)";"Физическая культура — вся группа, Нуров Мирзо Нуралиевич, Лесная"
"СП-Пф-2601";"09.02.2026";"ПН";"5 пара (16:20-17:40)";"Физическая культура — вся группа, Нуров Мирзо Нуралиевич, Лесная"
"СП-Пф-2601";"09.02.2026";"ПН";"6 пара (17:50-19:10)";"Физическая культура — вся группа, Нуров Мирзо Нуралиевич, Лесная"
"СП-Пф-2601";"09.02.2026";"ПН";"7 пара (19:20-20:40)";"Физическая культура — вся группа, Нуров Мирзо Нуралиевич, Лесная"
"СП-Пф-2601";"10.02.2026";"ВТ";"1 пара (08:30-09:55)";"Физическая культура — вся группа, Нуров Мирзо Нуралиевич, Лесная"
"СП-Пф-2601";"10.02.2026";"ВТ";"2 пара (10:05-11:30)";"Физическая культура — вся группа, Нуров Мирзо Нуралиевич, Лесная"
"СП-Пф-2601";"10.02.2026";"ВТ";"3 пара (12:25-13:50)";"Физическая культура — вся группа, Нуров Мирзо Нуралиевич, Лесная"
"СП-Пф-2601";"10.02.2026";"ВТ";"4 пара (14:00-15:25)";"Основы финансовой грамотности — вся группа, Елагина Ольга Александровна, Лесная"
"СП-Пф-2601";"10.02.2026";"ВТ";"5 пара (15:35-16:55)";"Техническая механика — вся группа, Абрамчук Раида Филимазовна, Лесная"
"СП-Пф-2601";"10.02.2026";"ВТ";"6 пара (17:05-18:25)";"-"
"СП-Пф-2601";"10.02.2026";"ВТ";"7 пара (18:35-19:55)";"-"
"СП-Пф-2601";"11.02.2026";"СР";"1 пара (08:30-09:55)";"Техническая механика — вся группа, Абрамчук Раида Филимазовна, Лесная"
"СП-Пф-2601";"11.02.2026";"СР";"2 пара (10:05-11:30)";"Техническая механика — вся группа, Абрамчук Раида Филимазовна, Лесная"
"СП-Пф-2601";"11.02.2026";"СР";"3 пара (12:25-13:50)";"Техническая механика — вся группа, Абрамчук Раида Филимазовна, Лесная"
"СП-Пф-2601";"11.02.2026";"СР";"4 пара (14:00-15:25)";"Техническая механика — вся группа, Абрамчук Раида Филимазовна, Лесная"
"СП-Пф-2601";"11.02.2026";"СР";"5 пара (15:35-16:55)";"Техническая механика — вся группа, Абрамчук Раида Филимазовна, Лесная"
"СП-Пф-2601";"11.02.2026";"СР";"6 пара (17:05-18:25)";"-"
"СП-Пф-2601";"11.02.2026";"СР";"7 пара (18:35-19:55)";"-"
"СП-Пф-2601";"12.02.2026";"ЧТ";"1 пара (08:30-09:55)";"Техническая механика — вся группа, Абрамчук Раида Филимазовна, Лесная"
"СП-Пф-2601";"12.02.2026";"ЧТ";"2 пара (10:05-11:30)";"Техническая механика — вся группа, Абрамчук Раида Филимазовна, Лесная"
"СП-Пф-2601";"12.02.2026";"ЧТ";"3 пара (12:25-13:50)";"Техническая механика — вся группа, Абрамчук Раида Филимазовна, Лесная"
"СП-Пф-2601";"12.02.2026";"ЧТ";"4 пара (14:00-15:25)";"Техническая механика — вся группа, Абрамчук Раида Филимазовна, Лесная"
"СП-Пф-2601";"12.02.2026";"ЧТ";"5 пара (15:35-16:55)";"Техническая механика — вся группа, Абрамчук Раида Филимазовна, Лесная"
"СП-Пф-2601";"12.02.2026";"ЧТ";"6 пара (17:05-18:25)";"-"
"СП-Пф-2601";"12.02.2026";"ЧТ";"7 пара (18:35-19:55)";"-"
"СП-Пф-2601";"13.02.2026";"ПТ";"1 пара (08:30-09:55)";"Техническая механика — вся группа, Абрамчук Раида Филимазовна, Лесная"
"СП-Пф-2601";"13.02.2026";"ПТ";"2 пара (10:05-11:30)";"Техническая механика — вся группа, Абрамчук Раида Филимазовна, Лесная"
"СП-Пф-2601";"13.02.2026";"ПТ";"3 пара (12:25-13:50)";"Техническая механика — вся группа, Абрамчук Раида Филимазовна, Лесная"
"СП-Пф-2601";"13.02.2026";"ПТ";"4 пара (14:00-15:25)";"Техническая механика — вся группа, Абрамчук Раида Филимазовна, Лесная"
"СП-Пф-2601";"13.02.2026";"ПТ";"5 пара (15:35-16:55)";"Техническая механика — вся группа, Абрамчук Раида Филимазовна, Лесная"
"СП-Пф-2601";"13.02.2026";"ПТ";"6 пара (17:05-18:25)";"-"
"СП-Пф-2601";"13.02.2026";"ПТ";"7 пара (18:35-19:55)";"-"
"СП-Пф-2601";"14.02.2026";"СБ";"1 пара (08:30-09:45)";"Техническая механика — вся группа, Абрамчук Раида Филимазовна, Лесная"
"СП-Пф-2601";"14.02.2026";"СБ";"2 пара (09:55-11:10)";"Техническая механика — вся группа, Абрамчук Раида Филимазовна, Лесная"
"СП-Пф-2601";"14.02.2026";"СБ";"3 пара (11:30-12:45)";"Техническая механика — вся группа, Абрамчук Раида Филимазовна, Лесная"
"СП-Пф-2601";"14.02.2026";"СБ";"4 пара (12:55-14:10)";"Техническая механика — вся группа, Абрамчук Раида Филимазовна, Лесная"
"СП-Пф-2601";"14.02.2026";"СБ";"5 пара (14:20-15:30)";"Техническая механика — вся группа, Абрамчук Раида Филимазовна, Лесная"
"СП-Пф-2601";"14.02.2026";"СБ";"6 пара (15:40-16:50)";"-"
"СП-Пф-2601";"14.02.2026";"СБ";"7 пара (17:00-18:10)";"-"
"СП-Пф-2601";"16.02.2026";"ПН";"1 пара (09:15-10:40)";"Техническая механика — вся группа, Абрамчук Раида Филимазовна, Лесная"
"СП-Пф-2601";"16.02.2026";"ПН";"2 пара (10:50-12:15)";"Техническая механика — вся группа, Абрамчук Раида Филимазовна, Лесная"
"СП-Пф-2601";"16.02.2026";"ПН";"3 пара (13:10-14:35)";"Техническая механика — вся группа, Абрамчук Раида Филимазовна, Лесная"
"СП-Пф-2601";"16.02.2026";"ПН";"4 пара (14:45-16:10)";"Техническая механика — вся группа, Абрамчук Раида Филимазовна, Лесная"
"СП-Пф-2601";"16.02.2026";"ПН";"5 пара (16:20-17:40)";"Техническая механика — вся группа, Абрамчук Раида Филимазовна, Лесная"
"СП-Пф-2601";"16.02.2026";"ПН";"6 пара (17:50-19:10)";"-"
"СП-Пф-2601";"16.02.2026";"ПН";"7 пара (19:20-20:40)";"-"
"СП-Пф-2601";"17.02.2026";"ВТ";"1 пара (08:30-09:55)";"Техническая механика — вся группа, Абрамчук Раида Филимазовна, Лесная"
"СП-Пф-2601";"17.02.2026";"ВТ";"2 пара (10:05-11:30)";"Техническая механика — вся группа, Абрамчук Раида Филимазовна, Лесная"
"СП-Пф-2601";"17.02.2026";"ВТ";"3 пара (12:25-13:50)";"Технологические процессы в машиностроении — вся группа, Сивилькаев Вадим Михайлович, Лесная"
"СП-Пф-2601";"17.02.2026";"ВТ";"4 пара (14:00-15:25)";"Технологические процессы в машиностроении — вся группа, Сивилькаев Вадим Михайлович, Лесная"
"СП-Пф-2601";"17.02.2026";"ВТ";"5 пара (15:35-16:55)";"Технологические процессы в машиностроении — вся группа, Сивилькаев Вадим Михайлович, Лесная"
"СП-Пф-2601";"17.02.2026";"ВТ";"6 пара (17:05-18:25)";"-"
"СП-Пф-2601";"17.02.2026";"ВТ";"7 пара (18:35-19:55)";"-"
"СП-Пф-2601";"18.02.2026";"СР";"1 пара (08:30-09:55)";"Технологические процессы в машиностроении — вся группа, Сивилькаев Вадим Михайлович, Лесная"
"СП-Пф-2601";"18.02.2026";"СР";"2 пара (10:05-11:30)";"Технологические процессы в машиностроении — вся группа, Сивилькаев Вадим Михайлович, Лесная"
"СП-Пф-2601";"18.02.2026";"СР";"3 пара (12:25-13:50)";"Технологические процессы в машиностроении — вся группа, Сивилькаев Вадим Михайлович, Лесная"
"СП-Пф-2601";"18.02.2026";"СР";"4 пара (14:00-15:25)";"Технологические процессы в машиностроении — вся группа, Сивилькаев Вадим Михайлович, Лесная"
"СП-Пф-2601";"18.02.2026";"СР";"5 пара (15:35-16:55)";"Технологические процессы в машиностроении — вся группа, Сивилькаев Вадим Михайлович, Лесная"
"СП-Пф-2601";"18.02.2026";"СР";"6 пара (17:05-18:25)";"-"
"СП-Пф-2601";"18.02.2026";"СР";"7 пара (18:35-19:55)";"-"
"СП-Пф-2601";"19.02.2026";"ЧТ";"1 пара (08:30-09:55)";"Технологические процессы в машиностроении — вся группа, Сивилькаев Вадим Михайлович, Лесная"
"СП-Пф-2601";"19.02.2026";"ЧТ";"2 пара (10:05-11:30)";"Технологические процессы в машиностроении — вся группа, Сивилькаев Вадим Михайлович, Лесная"
"СП-Пф-2601";"19.02.2026";"ЧТ";"3 пара (12:25-13:50)";"Технологические процессы в машиностроении — вся группа, Сивилькаев Вадим Михайлович, Лесная"
"СП-Пф-2601";"19.02.2026";"ЧТ";"4 пара (14:00-15:25)";"Технологические процессы в машиностроении — вся группа, Сивилькаев Вадим Михайлович, Лесная"
"СП-Пф-2601";"19.02.2026";"ЧТ";"5 пара (15:35-16:55)";"Технологические процессы в машиностроении — вся группа, Сивилькаев Вадим Михайлович, Лесная"
"СП-Пф-2601";"19.02.2026";"ЧТ";"6 пара (17:05-18:25)";"-"
"СП-Пф-2601";"19.02.2026";"ЧТ";"7 пара (18:35-19:55)";"-"
"СП-Пф-2601";"20.02.2026";"ПТ";"1 пара (08:30-09:55)";"Технологические процессы в машиностроении — вся группа, Сивилькаев Вадим Михайлович, Лесная"
"СП-Пф-2601";"20.02.2026";"ПТ";"2 пара (10:05-11:30)";"Технологические процессы в машиностроении — вся группа, Сивилькаев Вадим Михайлович, Лесная"
"СП-Пф-2601";"20.02.2026";"ПТ";"3 пара (12:25-13:50)";"Технологические процессы в машиностроении — вся группа, Сивилькаев Вадим Михайлович, Лесная"
"СП-Пф-2601";"20.02.2026";"ПТ";"4 пара (14:00-15:25)";"Технологические процессы в машиностроении — вся группа, Сивилькаев Вадим Михайлович, Лесная"
"СП-Пф-2601";"20.02.2026";"ПТ";"5 пара (15:35-16:55)";"Технологические процессы в машиностроении — вся группа, Сивилькаев Вадим Михайлович, Лесная"
"СП-Пф-2601";"20.02.2026";"ПТ";"6 пара (17:05-18:25)";"-"
"СП-Пф-2601";"20.02.2026";"ПТ";"7 пара (18:35-19:55)";"-"
"СП-Пф-2601";"21.02.2026";"СБ";"1 пара (08:30-09:45)";"Технологические процессы в машиностроении — вся группа, Сивилькаев Вадим Михайлович, Лесная"
"СП-Пф-2601";"21.02.2026";"СБ";"2 пара (09:55-11:10)";"Технологические процессы в машиностроении — вся группа, Сивилькаев Вадим Михайлович, Лесная"
"СП-Пф-2601";"21.02.2026";"СБ";"3 пара (11:30-12:45)";"Технологические процессы в машиностроении — вся группа, Сивилькаев Вадим Михайлович, Лесная"
"СП-Пф-2601";"21.02.2026";"СБ";"4 пара (12:55-14:10)";"Технологические процессы в машиностроении — вся группа, Сивилькаев Вадим Михайлович, Лесная"
"СП-Пф-2601";"21.02.2026";"СБ";"5 пара (14:20-15:30)";"Технологические процессы в машиностроении — вся группа, Сивилькаев Вадим Михайлович, Лесная"
"СП-Пф-2601";"21.02.2026";"СБ";"6 пара (15:40-16:50)";"-"
"СП-Пф-2601";"21.02.2026";"СБ";"7 пара (17:00-18:10)";"-"
"СП-Пф-2601";"23.02.2026";"ПН";"1 пара (09:15-10:40)";"Технологические процессы в машиностроении — вся группа, Сивилькаев Вадим Михайлович, Лесная"
"СП-Пф-2601";"23.02.2026";"ПН";"2 пара (10:50-12:15)";"Технологические процессы в машиностроении — вся группа, Сивилькаев Вадим Михайлович, Лесная"
"СП-Пф-2601";"23.02.2026";"ПН";"3 пара (13:10-14:35)";"Технологические процессы в машиностроении — вся группа, Сивилькаев Вадим Михайлович, Лесная"
"СП-Пф-2601";"23.02.2026";"ПН";"4 пара (14:45-16:10)";"Технологические процессы в машиностроении — вся группа, Сивилькаев Вадим Михайлович, Лесная"
"СП-Пф-2601";"23.02.2026";"ПН";"5 пара (16:20-17:40)";"Технологические процессы в машиностроении — вся группа, Сивилькаев Вадим Михайлович, Лесная"
"СП-Пф-2601";"23.02.2026";"ПН";"6 пара (17:50-19:10)";"-"
"СП-Пф-2601";"23.02.2026";"ПН";"7 пара (19:20-20:40)";"-"
"СП-Пф-2601";"24.02.2026";"ВТ";"1 пара (08:30-09:55)";"Технологические процессы в машиностроении — вся группа, Сивилькаев Вадим Михайлович, Лесная"
"СП-Пф-2601";"24.02.2026";"ВТ";"2 пара (10:05-11:30)";"Технологические процессы в машиностроении — вся группа, Сивилькаев Вадим Михайлович, Лесная"
"СП-Пф-2601";"24.02.2026";"ВТ";"3 пара (12:25-13:50)";"Технология конструкционных материалов — вся группа, Ахметов Артур Фанависович, Лесная"
"СП-Пф-2601";"24.02.2026";"ВТ";"4 пара (14:00-15:25)";"Технология конструкционных материалов — вся группа, Ахметов Артур Фанависович, Лесная"
"СП-Пф-2601";"24.02.2026";"ВТ";"5 пара (15:35-16:55)";"Технология конструкционных материалов — вся группа, Ахметов Артур Фанависович, Лесная"
"СП-Пф-2601";"24.02.2026";"ВТ";"6 пара (17:05-18:25)";"-"
"СП-Пф-2601";"24.02.2026";"ВТ";"7 пара (18:35-19:55)";"-"
"СП-Пф-2601";"25.02.2026";"СР";"1 пара (08:30-09:55)";"Технология конструкционных материалов — вся группа, Ахметов Артур Фанависович, Лесная"
"СП-Пф-2601";"25.02.2026";"СР";"2 пара (10:05-11:30)";"Технология конструкционных материалов — вся группа, Ахметов Артур Фанависович, Лесная"
"СП-Пф-2601";"25.02.2026";"СР";"3 пара (12:25-13:50)";"Технология конструкционных материалов — вся группа, Ахметов Артур Фанависович, Лесная"
"СП-Пф-2601";"25.02.2026";"СР";"4 пара (14:00-15:25)";"Технология конструкционных материалов — вся группа, Ахметов Артур Фанависович, Лесная"
"СП-Пф-2601";"25.02.2026";"СР";"5 пара (15:35-16:55)";"Технология конструкционных материалов — вся группа, Ахметов Артур Фанависович, Лесная"
"СП-Пф-2601";"25.02.2026";"СР";"6 пара (17:05-18:25)";"-"
"СП-Пф-2601";"25.02.2026";"СР";"7 пара (18:35-19:55)";"-"
"СП-Пф-2601";"26.02.2026";"ЧТ";"1 пара (08:30-09:55)";"Технология конструкционных материалов — вся группа, Ахметов Артур Фанависович, Лесная"
"СП-Пф-2601";"26.02.2026";"ЧТ";"2 пара (10:05-11:30)";"Компас 3D — вся группа, Подчиненнов Александр Юрьевич, Лесная"
"СП-Пф-2601";"26.02.2026";"ЧТ";"3 пара (12:25-13:50)";"Компас 3D — вся группа, Подчиненнов Александр Юрьевич, Лесная"
"СП-Пф-2601";"26.02.2026";"ЧТ";"4 пара (14:00-15:25)";"Компас 3D — вся группа, Подчиненнов Александр Юрьевич, Лесная"
"СП-Пф-2601";"26.02.2026";"ЧТ";"5 пара (15:35-16:55)";"ЛПЗ Компас 3D — 1 п/г, Подчиненнов Александр Юрьевич, Лесная | ЛПЗ МДК.01.01 Технология сварочных работ — 2 п/г, Горин Максим Валерьевич, Лесная"
"СП-Пф-2601";"26.02.2026";"ЧТ";"6 пара (17:05-18:25)";"-"
"СП-Пф-2601";"26.02.2026";"ЧТ";"7 пара (18:35-19:55)";"-"
"СП-Пф-2601";"27.02.2026";"ПТ";"1 пара (08:30-09:55)";"ЛПЗ Компас 3D — 1 п/г, Подчиненнов Александр Юрьевич, Лесная"
"СП-Пф-2601";"27.02.2026";"ПТ";"2 пара (10:05-11:30)";"ЛПЗ Компас 3D — 1 п/г, Подчиненнов Александр Юрьевич, Лесная"
"СП-Пф-2601";"27.02.2026";"ПТ";"3 пара (12:25-13:50)";"ЛПЗ Компас 3D — 1 п/г, Подчиненнов Александр Юрьевич, Лесная | ЛПЗ МДК.01.01 Технология сварочных работ — 2 п/г, Горин Максим Валерьевич, Лесная"
"СП-Пф-2601";"27.02.2026";"ПТ";"4 пара (14:00-15:25)";"ЛПЗ Компас 3D — 1 п/г, Подчиненнов Александр Юрьевич, Лесная | ЛПЗ МДК.01.01 Технология сварочных работ — 2 п/г, Горин Максим Валерьевич, Лесная"
"СП-Пф-2601";"27.02.2026";"ПТ";"5 пара (15:35-16:55)";"ЛПЗ Компас 3D — 1 п/г, Подчиненнов Александр Юрьевич, Лесная | ЛПЗ МДК.01.01 Технология сварочных работ — 2 п/г, Горин Максим Валерьевич, Лесная"
"СП-Пф-2601";"27.02.2026";"ПТ";"6 пара (17:05-18:25)";"ЛПЗ Компас 3D — 2 п/г, Подчиненнов Александр Юрьевич, Лесная"
"СП-Пф-2601";"27.02.2026";"ПТ";"7 пара (18:35-19:55)";"ЛПЗ Компас 3D — 2 п/г, Подчиненнов Александр Юрьевич, Лесная"
"СП-Пф-2601";"28.02.2026";"СБ";"1 пара (08:30-09:45)";"ЛПЗ Компас 3D — 1 п/г, Подчиненнов Александр Юрьевич, Лесная"
"СП-Пф-2601";"28.02.2026";"СБ";"2 пара (09:55-11:10)";"ЛПЗ Компас 3D — 1 п/г, Подчиненнов Александр Юрьевич, Лесная"
"СП-Пф-2601";"28.02.2026";"СБ";"3 пара (11:30-12:45)";"ЛПЗ Компас 3D — 2 п/г, Подчиненнов Александр Юрьевич, Лесная | ЛПЗ МДК.01.01 Технология сварочных работ — 1 п/г, Горин Максим Валерьевич, Лесная"
"СП-Пф-2601";"28.02.2026";"СБ";"4 пара (12:55-14:10)";"ЛПЗ Компас 3D — 2 п/г, Подчиненнов Александр Юрьевич, Лесная | ЛПЗ МДК.01.01 Технология сварочных работ — 1 п/г, Горин Максим Валерьевич, Лесная"
"СП-Пф-2601";"28.02.2026";"СБ";"5 пара (14:20-15:30)";"ЛПЗ Компас 3D — 2 п/г, Подчиненнов Александр Юрьевич, Лесная | ЛПЗ МДК.01.01 Технология сварочных работ — 1 п/г, Горин Максим Валерьевич, Лесная"
"СП-Пф-2601";"28.02.2026";"СБ";"6 пара (15:40-16:50)";"ЛПЗ Компас 3D — 2 п/г, Подчиненнов Александр Юрьевич, Лесная"
"СП-Пф-2601";"28.02.2026";"СБ";"7 пара (17:00-18:10)";"ЛПЗ Компас 3D — 2 п/г, Подчиненнов Александр Юрьевич, Лесная"
"СП-Пф-2601";"02.03.2026";"ПН";"1 пара (09:15-10:40)";"ЛПЗ Компас 3D — 2 п/г, Подчиненнов Александр Юрьевич, Лесная | ЛПЗ МДК.01.01 Технология сварочных работ — 1 п/г, Горин Максим Валерьевич, Лесная"
"СП-Пф-2601";"02.03.2026";"ПН";"2 пара (10:50-12:15)";"МДК.01.01 Технология сварочных работ — вся группа, Ахметов Артур Фанависович, Лесная"
"СП-Пф-2601";"02.03.2026";"ПН";"3 пара (13:10-14:35)";"МДК.01.01 Технология сварочных работ — вся группа, Ахметов Артур Фанависович, Лесная"
"СП-Пф-2601";"02.03.2026";"ПН";"4 пара (14:45-16:10)";"МДК.01.01 Технология сварочных работ — вся группа, Ахметов Артур Фанависович, Лесная"
"СП-Пф-2601";"02.03.2026";"ПН";"5 пара (16:20-17:40)";"МДК.01.01 Технология сварочных работ — вся группа, Ахметов Артур Фанависович, Лесная"
"СП-Пф-2601";"02.03.2026";"ПН";"6 пара (17:50-19:10)";"-"
"СП-Пф-2601";"02.03.2026";"ПН";"7 пара (19:20-20:40)";"-"
"СП-Пф-2601";"03.03.2026";"ВТ";"1 пара (08:30-09:55)";"МДК.01.01 Технология сварочных работ — вся группа, Ахметов Артур Фанависович, Лесная"
"СП-Пф-2601";"03.03.2026";"ВТ";"2 пара (10:05-11:30)";"МДК.01.01 Технология сварочных работ — вся группа, Ахметов Артур Фанависович, Лесная"
"СП-Пф-2601";"03.03.2026";"ВТ";"3 пара (12:25-13:50)";"МДК.01.01 Технология сварочных работ — вся группа, Ахметов Артур Фанависович, Лесная"
"СП-Пф-2601";"03.03.2026";"ВТ";"4 пара (14:00-15:25)";"МДК.01.01 Технология сварочных работ — вся группа, Ахметов Артур Фанависович, Лесная"
"СП-Пф-2601";"03.03.2026";"ВТ";"5 пара (15:35-16:55)";"ЛПЗ МДК.01.01 Технология сварочных работ — 1 п/г, Горин Максим Валерьевич, Лесная | ЛПЗ МДК.01.02 Основное оборудование для производства сварных конструкций — 2 п/г, Ахметов Артур Фанависович, Лесная"
"СП-Пф-2601";"03.03.2026";"ВТ";"6 пара (17:05-18:25)";"-"
"СП-Пф-2601";"03.03.2026";"ВТ";"7 пара (18:35-19:55)";"-"
"СП-Пф-2601";"04.03.2026";"СР";"1 пара (08:30-09:55)";"ЛПЗ МДК.01.01 Технология сварочных работ — 1 п/г, Горин Максим Валерьевич, Лесная"
"СП-Пф-2601";"04.03.2026";"СР";"2 пара (10:05-11:30)";"ЛПЗ МДК.01.01 Технология сварочных работ — 1 п/г, Горин Максим Валерьевич, Лесная"
"СП-Пф-2601";"04.03.2026";"СР";"3 пара (12:25-13:50)";"ЛПЗ МДК.01.01 Технология сварочных работ — 1 п/г, Горин Максим Валерьевич, Лесная | ЛПЗ МДК.01.02 Основное оборудование для производства сварных конструкций — 2 п/г, Ахметов Артур Фанависович, Лесная"
"СП-Пф-2601";"04.03.2026";"СР";"4 пара (14:00-15:25)";"ЛПЗ МДК.01.01 Технология сварочных работ — 1 п/г, Горин Максим Валерьевич, Лесная | ЛПЗ МДК.01.02 Основное оборудование для производства сварных конструкций — 2 п/г, Ахметов Артур Фанависович, Лесная"
"СП-Пф-2601";"04.03.2026";"СР";"5 пара (15:35-16:55)";"ЛПЗ МДК.01.01 Технология сварочных работ — 1 п/г, Горин Максим Валерьевич, Лесная | ЛПЗ МДК.01.02 Основное оборудование для производства сварных конструкций — 2 п/г, Ахметов Артур Фанависович, Лесная"
"СП-Пф-2601";"04.03.2026";"СР";"6 пара (17:05-18:25)";"ЛПЗ МДК.01.01 Технология сварочных работ — 2 п/г, Горин Максим Валерьевич, Лесная"
"СП-Пф-2601";"04.03.2026";"СР";"7 пара (18:35-19:55)";"ЛПЗ МДК.01.01 Технология сварочных работ — 2 п/г, Горин Максим Валерьевич, Лесная"
"СП-Пф-2601";"05.03.2026";"ЧТ";"1 пара (08:30-09:55)";"ЛПЗ МДК.01.01 Технология сварочных работ — 1 п/г, Горин Максим Валерьевич, Лесная"
"СП-Пф-2601";"05.03.2026";"ЧТ";"2 пара (10:05-11:30)";"ЛПЗ МДК.01.01 Технология сварочных работ — 1 п/г, Горин Максим Валерьевич, Лесная"
"СП-Пф-2601";"05.03.2026";"ЧТ";"3 пара (12:25-13:50)";"ЛПЗ МДК.01.01 Технология сварочных работ — 1 п/г, Горин Максим Валерьевич, Лесная | ЛПЗ МДК.01.02 Основное оборудование для производства сварных конструкций — 2 п/г, Ахметов Артур Фанависович, Лесная"
"СП-Пф-2601";"05.03.2026";"ЧТ";"4 пара (14:00-15:25)";"ЛПЗ МДК.01.01 Технология сварочных работ — 1 п/г, Горин Максим Валерьевич, Лесная | ЛПЗ МДК.01.02 Основное оборудование для производства сварных конструкций — 2 п/г, Ахметов Артур Фанависович, Лесная"
"СП-Пф-2601";"05.03.2026";"ЧТ";"5 пара (15:35-16:55)";"ЛПЗ МДК.01.01 Технология сварочных работ — 1 п/г, Горин Максим Валерьевич, Лесная | ЛПЗ МДК.01.02 Основное оборудование для производства сварных конструкций — 2 п/г, Ахметов Артур Фанависович, Лесная"
"СП-Пф-2601";"05.03.2026";"ЧТ";"6 пара (17:05-18:25)";"ЛПЗ МДК.01.01 Технология сварочных работ — 2 п/г, Горин Максим Валерьевич, Лесная"
"СП-Пф-2601";"05.03.2026";"ЧТ";"7 пара (18:35-19:55)";"ЛПЗ МДК.01.01 Технология сварочных работ — 2 п/г, Горин Максим Валерьевич, Лесная"
"СП-Пф-2601";"06.03.2026";"ПТ";"1 пара (08:30-09:55)";"ЛПЗ МДК.01.01 Технология сварочных работ — 2 п/г, Горин Максим Валерьевич, Лесная"
"СП-Пф-2601";"06.03.2026";"ПТ";"2 пара (10:05-11:30)";"ЛПЗ МДК.01.01 Технология сварочных работ — 2 п/г, Горин Максим Валерьевич, Лесная"
"СП-Пф-2601";"06.03.2026";"ПТ";"3 пара (12:25-13:50)";"ЛПЗ МДК.01.01 Технология сварочных работ — 2 п/г, Горин Максим Валерьевич, Лесная | ЛПЗ МДК.05.01 Электросварочные работы на автоматических и полуавтоматических машинах — 1 п/г, Лимонова Евгения Николаевна, Лесная"
"СП-Пф-2601";"06.03.2026";"ПТ";"4 пара (14:00-15:25)";"ЛПЗ МДК.01.01 Технология сварочных работ — 2 п/г, Горин Максим Валерьевич, Лесная | ЛПЗ МДК.01.02 Основное оборудование для производства сварных конструкций — 1 п/г, Ахметов Артур Фанависович, Лесная"
"СП-Пф-2601";"06.03.2026";"ПТ";"5 пара (15:35-16:55)";"ЛПЗ МДК.01.01 Технология сварочных работ — 2 п/г, Горин Максим Валерьевич, Лесная | ЛПЗ МДК.01.02 Основное оборудование для производства сварных конструкций — 1 п/г, Ахметов Артур Фанависович, Лесная"
"СП-Пф-2601";"06.03.2026";"ПТ";"6 пара (17:05-18:25)";"ЛПЗ МДК.01.02 Основное оборудование для производства сварных конструкций — 1 п/г, Ахметов Артур Фанависович, Лесная"
"СП-Пф-2601";"06.03.2026";"ПТ";"7 пара (18:35-19:55)";"ЛПЗ МДК.01.02 Основное оборудование для производства сварных конструкций — 1 п/г, Ахметов Артур Фанависович, Лесная"
"СП-Пф-2601";"07.03.2026";"СБ";"1 пара (08:30-09:45)";"ЛПЗ МДК.01.01 Технология сварочных работ — 2 п/г, Горин Максим Валерьевич, Лесная | УП.06 (УП утро 08:30-12:00) — 1 п/г, Подчиненнов Александр Юрьевич, Лесная"
"СП-Пф-2601";"07.03.2026";"СБ";"2 пара (09:55-11:10)";"ЛПЗ МДК.01.01 Технология сварочных работ — 2 п/г, Горин Максим Валерьевич, Лесная | УП.06 (УП утро 08:30-12:00) — 1 п/г, Подчиненнов Александр Юрьевич, Лесная"
"СП-Пф-2601";"07.03.2026";"СБ";"3 пара (11:30-12:45)";"ЛПЗ МДК.01.02 Основное оборудование для производства сварных конструкций — 2 п/г, Ахметов Артур Фанависович, Лесная"
"СП-Пф-2601";"07.03.2026";"СБ";"4 пара (12:55-14:10)";"ЛПЗ МДК.01.02 Основное оборудование для производства сварных конструкций — 2 п/г, Ахметов Артур Фанависович, Лесная"
"СП-Пф-2601";"07.03.2026";"СБ";"5 пара (14:20-15:30)";"ЛПЗ МДК.01.02 Основное оборудование для производства сварных конструкций — 2 п/г, Ахметов Артур Фанависович, Лесная"
"СП-Пф-2601";"07.03.2026";"СБ";"6 пара (15:40-16:50)";"-"
"СП-Пф-2601";"07.03.2026";"СБ";"7 пара (17:00-18:10)";"-"
"СП-Пф-2601";"09.03.2026";"ПН";"1 пара (09:15-10:40)";"МДК.01.02 Основное оборудование для производства сварных конструкций — вся группа, Ахметов Артур Фанависович, Лесная"
"СП-Пф-2601";"09.03.2026";"ПН";"2 пара (10:50-12:15)";"МДК.01.02 Основное оборудование для производства сварных конструкций — вся группа, Ахметов Артур Фанависович, Лесная"
"СП-Пф-2601";"09.03.2026";"ПН";"3 пара (13:10-14:35)";"МДК.01.02 Основное оборудование для производства сварных конструкций — вся группа, Ахметов Артур Фанависович, Лесная"
"СП-Пф-2601";"09.03.2026";"ПН";"4 пара (14:45-16:10)";"МДК.01.02 Основное оборудование для производства сварных конструкций — вся группа, Ахметов Артур Фанависович, Лесная"
"СП-Пф-2601";"09.03.2026";"ПН";"5 пара (16:20-17:40)";"МДК.01.02 Основное оборудование для производства сварных конструкций — вся группа, Ахметов Артур Фанависович, Лесная"
"СП-Пф-2601";"09.03.2026";"ПН";"6 пара (17:50-19:10)";"-"
"СП-Пф-2601";"09.03.2026";"ПН";"7 пара (19:20-20:40)";"-"
"СП-Пф-2601";"10.03.2026";"ВТ";"1 пара (08:30-09:55)";"МДК.01.02 Основное оборудование для производства сварных конструкций — вся группа, Ахметов Артур Фанависович, Лесная"
"СП-Пф-2601";"10.03.2026";"ВТ";"2 пара (10:05-11:30)";"МДК.01.02 Основное оборудование для производства сварных конструкций — вся группа, Ахметов Артур Фанависович, Лесная"
"СП-Пф-2601";"10.03.2026";"ВТ";"3 пара (12:25-13:50)";"МДК.01.02 Основное оборудование для производства сварных конструкций — вся группа, Ахметов Артур Фанависович, Лесная"
"СП-Пф-2601";"10.03.2026";"ВТ";"4 пара (14:00-15:25)";"МДК.01.02 Основное оборудование для производства сварных конструкций — вся группа, Ахметов Артур Фанависович, Лесная"
"СП-Пф-2601";"10.03.2026";"ВТ";"5 пара (15:35-16:55)";"МДК.01.02 Основное оборудование для производства сварных конструкций — вся группа, Ахметов Артур Фанависович, Лесная"
"СП-Пф-2601";"10.03.2026";"ВТ";"6 пара (17:05-18:25)";"-"
"СП-Пф-2601";"10.03.2026";"ВТ";"7 пара (18:35-19:55)";"-"
"СП-Пф-2601";"11.03.2026";"СР";"1 пара (08:30-09:55)";"ЛПЗ МДК.05.01 Электросварочные работы на автоматических и полуавтоматических машинах — 2 п/г, Лимонова Евгения Николаевна, Лесная"
"СП-Пф-2601";"11.03.2026";"СР";"2 пара (10:05-11:30)";"ЛПЗ МДК.05.01 Электросварочные работы на автоматических и полуавтоматических машинах — 2 п/г, Лимонова Евгения Николаевна, Лесная"
"СП-Пф-2601";"11.03.2026";"СР";"3 пара (12:25-13:50)";"МДК.05.01 Электросварочные работы на автоматических и полуавтоматических машинах — вся группа, Лимонова Евгения Николаевна, Лесная"
"СП-Пф-2601";"11.03.2026";"СР";"4 пара (14:00-15:25)";"ЛПЗ МДК.01.02 Основное оборудование для производства сварных конструкций — 1 п/г, Ахметов Артур Фанависович, Лесная | ЛПЗ МДК.05.01 Электросварочные работы на автоматических и полуавтоматических машинах — 2 п/г, Лимонова Евгения Николаевна, Лесная"
"СП-Пф-2601";"11.03.2026";"СР";"5 пара (15:35-16:55)";"ЛПЗ МДК.01.02 Основное оборудование для производства сварных конструкций — 1 п/г, Ахметов Артур Фанависович, Лесная | ЛПЗ МДК.05.01 Электросварочные работы на автоматических и полуавтоматических машинах — 2 п/г, Лимонова Евгения Николаевна, Лесная"
"СП-Пф-2601";"11.03.2026";"СР";"6 пара (17:05-18:25)";"ЛПЗ МДК.01.02 Основное оборудование для производства сварных конструкций — 1 п/г, Ахметов Артур Фанависович, Лесная"
"СП-Пф-2601";"11.03.2026";"СР";"7 пара (18:35-19:55)";"ЛПЗ МДК.01.02 Основное оборудование для производства сварных конструкций — 1 п/г, Ахметов Артур Фанависович, Лесная"
"СП-Пф-2601";"12.03.2026";"ЧТ";"1 пара (08:30-09:55)";"ЛПЗ МДК.01.02 Основное оборудование для производства сварных конструкций — 2 п/г, Ахметов Артур Фанависович, Лесная | УП.06 (УП утро 08:30-12:30) — 1 п/г, Подчиненнов Александр Юрьевич, Лесная"
"СП-Пф-2601";"12.03.2026";"ЧТ";"2 пара (10:05-11:30)";"ЛПЗ МДК.01.02 Основное оборудование для производства сварных конструкций — 2 п/г, Ахметов Артур Фанависович, Лесная | УП.06 (УП утро 08:30-12:30) — 1 п/г, Подчиненнов Александр Юрьевич, Лесная"
"СП-Пф-2601";"12.03.2026";"ЧТ";"3 пара (12:25-13:50)";"ЛПЗ МДК.01.02 Основное оборудование для производства сварных конструкций — 2 п/г, Ахметов Артур Фанависович, Лесная"
"СП-Пф-2601";"12.03.2026";"ЧТ";"4 пара (14:00-15:25)";"ЛПЗ МДК.03.01 Формы и методы контроля качества металлов и сварных конструкций — 2 п/г, Ахметов Артур Фанависович, Лесная"
"СП-Пф-2601";"12.03.2026";"ЧТ";"5 пара (15:35-16:55)";"ЛПЗ МДК.03.01 Формы и методы контроля качества металлов и сварных конструкций — 2 п/г, Ахметов Артур Фанависович, Лесная"
"СП-Пф-2601";"12.03.2026";"ЧТ";"6 пара (17:05-18:25)";"-"
"СП-Пф-2601";"12.03.2026";"ЧТ";"7 пара (18:35-19:55)";"-"
"СП-Пф-2601";"13.03.2026";"ПТ";"1 пара (08:30-09:55)";"ЛПЗ МДК.01.02 Основное оборудование для производства сварных конструкций — 1 п/г, Ахметов Артур Фанависович, Лесная | УП.06 (УП утро 08:30-12:30) — 2 п/г, Подчиненнов Александр Юрьевич, Лесная"
"СП-Пф-2601";"13.03.2026";"ПТ";"2 пара (10:05-11:30)";"ЛПЗ МДК.01.02 Основное оборудование для производства сварных конструкций — 1 п/г, Ахметов Артур Фанависович, Лесная | УП.06 (УП утро 08:30-12:30) — 2 п/г, Подчиненнов Александр Юрьевич, Лесная"
"СП-Пф-2601";"13.03.2026";"ПТ";"3 пара (12:25-13:50)";"ЛПЗ МДК.01.02 Основное оборудование для производства сварных конструкций — 1 п/г, Ахметов Артур Фанависович, Лесная"
"СП-Пф-2601";"13.03.2026";"ПТ";"4 пара (14:00-15:25)";"ЛПЗ МДК.01.02 Основное оборудование для производства сварных конструкций — 1 п/г, Ахметов Артур Фанависович, Лесная"
"СП-Пф-2601";"13.03.2026";"ПТ";"5 пара (15:35-16:55)";"ЛПЗ МДК.01.02 Основное оборудование для производства сварных конструкций — 1 п/г, Ахметов Артур Фанависович, Лесная"
"СП-Пф-2601";"13.03.2026";"ПТ";"6 пара (17:05-18:25)";"-"
"СП-Пф-2601";"13.03.2026";"ПТ";"7 пара (18:35-19:55)";"-"
"СП-Пф-2601";"14.03.2026";"СБ";"1 пара (08:30-09:45)";"МДК.03.01 Формы и методы контроля качества металлов и сварных конструкций — вся группа, Ахметов Артур Фанависович, Лесная"
"СП-Пф-2601";"14.03.2026";"СБ";"2 пара (09:55-11:10)";"МДК.03.01 Формы и методы контроля качества металлов и сварных конструкций — вся группа, Ахметов Артур Фанависович, Лесная"
"СП-Пф-2601";"14.03.2026";"СБ";"3 пара (11:30-12:45)";"МДК.03.01 Формы и методы контроля качества металлов и сварных конструкций — вся группа, Ахметов Артур Фанависович, Лесная"
"СП-Пф-2601";"14.03.2026";"СБ";"4 пара (12:55-14:10)";"МДК.03.01 Формы и методы контроля качества металлов и сварных конструкций — вся группа, Ахметов Артур Фанависович, Лесная"
"СП-Пф-2601";"14.03.2026";"СБ";"5 пара (14:20-15:30)";"МДК.03.01 Формы и методы контроля качества металлов и сварных конструкций — вся группа, Ахметов Артур Фанависович, Лесная"
"СП-Пф-2601";"14.03.2026";"СБ";"6 пара (15:40-16:50)";"-"
"СП-Пф-2601";"14.03.2026";"СБ";"7 пара (17:00-18:10)";"-"
"СП-Пф-2601";"16.03.2026";"ПН";"1 пара (09:15-10:40)";"МДК.03.01 Формы и методы контроля качества металлов и сварных конструкций — вся группа, Ахметов Артур Фанависович, Лесная"
"СП-Пф-2601";"16.03.2026";"ПН";"2 пара (10:50-12:15)";"МДК.03.01 Формы и методы контроля качества металлов и сварных конструкций — вся группа, Ахметов Артур Фанависович, Лесная"
"СП-Пф-2601";"16.03.2026";"ПН";"3 пара (13:10-14:35)";"МДК.03.01 Формы и методы контроля качества металлов и сварных конструкций — вся группа, Ахметов Артур Фанависович, Лесная"
"СП-Пф-2601";"16.03.2026";"ПН";"4 пара (14:45-16:10)";"МДК.03.01 Формы и методы контроля качества металлов и сварных конструкций — вся группа, Ахметов Артур Фанависович, Лесная"
"СП-Пф-2601";"16.03.2026";"ПН";"5 пара (16:20-17:40)";"МДК.03.01 Формы и методы контроля качества металлов и сварных конструкций — вся группа, Ахметов Артур Фанависович, Лесная"
"СП-Пф-2601";"16.03.2026";"ПН";"6 пара (17:50-19:10)";"-"
"СП-Пф-2601";"16.03.2026";"ПН";"7 пара (19:20-20:40)";"-"
"СП-Пф-2601";"17.03.2026";"ВТ";"1 пара (08:30-09:55)";"ЛПЗ МДК.03.01 Формы и методы контроля качества металлов и сварных конструкций — 1 п/г, Ахметов Артур Фанависович, Лесная"
"СП-Пф-2601";"17.03.2026";"ВТ";"2 пара (10:05-11:30)";"ЛПЗ МДК.03.01 Формы и методы контроля качества металлов и сварных конструкций — 1 п/г, Ахметов Артур Фанависович, Лесная"
"СП-Пф-2601";"17.03.2026";"ВТ";"3 пара (12:25-13:50)";"ЛПЗ МДК.03.01 Формы и методы контроля качества металлов и сварных конструкций — 1 п/г, Ахметов Артур Фанависович, Лесная | ЛПЗ МДК.05.01 Электросварочные работы на автоматических и полуавтоматических машинах — 2 п/г, Лимонова Евгения Николаевна, Лесная"
"СП-Пф-2601";"17.03.2026";"ВТ";"4 пара (14:00-15:25)";"ЛПЗ МДК.03.01 Формы и методы контроля качества металлов и сварных конструкций — 1 п/г, Ахметов Артур Фанависович, Лесная | ЛПЗ МДК.05.01 Электросварочные работы на автоматических и полуавтоматических машинах — 2 п/г, Лимонова Евгения Николаевна, Лесная"
"СП-Пф-2601";"17.03.2026";"ВТ";"5 пара (15:35-16:55)";"ЛПЗ МДК.03.01 Формы и методы контроля качества металлов и сварных конструкций — 1 п/г, Ахметов Артур Фанависович, Лесная | ЛПЗ МДК.05.01 Электросварочные работы на автоматических и полуавтоматических машинах — 2 п/г, Лимонова Евгения Николаевна, Лесная"
"СП-Пф-2601";"17.03.2026";"ВТ";"6 пара (17:05-18:25)";"ЛПЗ МДК.03.01 Формы и методы контроля качества металлов и сварных конструкций — 2 п/г, Ахметов Артур Фанависович, Лесная"
"СП-Пф-2601";"17.03.2026";"ВТ";"7 пара (18:35-19:55)";"ЛПЗ МДК.03.01 Формы и методы контроля качества металлов и сварных конструкций — 2 п/г, Ахметов Артур Фанависович, Лесная"
"СП-Пф-2601";"18.03.2026";"СР";"1 пара (08:30-09:55)";"ЛПЗ МДК.05.01 Электросварочные работы на автоматических и полуавтоматических машинах — 2 п/г, Лимонова Евгения Николаевна, Лесная"
"СП-Пф-2601";"18.03.2026";"СР";"2 пара (10:05-11:30)";"ЛПЗ МДК.05.01 Электросварочные работы на автоматических и полуавтоматических машинах — 2 п/г, Лимонова Евгения Николаевна, Лесная"
"СП-Пф-2601";"18.03.2026";"СР";"3 пара (12:25-13:50)";"МДК.05.01 Электросварочные работы на автоматических и полуавтоматических машинах — вся группа, Лимонова Евгения Николаевна, Лесная"
"СП-Пф-2601";"18.03.2026";"СР";"4 пара (14:00-15:25)";"ЛПЗ МДК.03.01 Формы и методы контроля качества металлов и сварных конструкций — 1 п/г, Ахметов Артур Фанависович, Лесная | ЛПЗ МДК.05.01 Электросварочные работы на автоматических и полуавтоматических машинах — 2 п/г, Лимонова Евгения Николаевна, Лесная"
"СП-Пф-2601";"18.03.2026";"СР";"5 пара (15:35-16:55)";"ЛПЗ МДК.03.01 Формы и методы контроля качества металлов и сварных конструкций — 1 п/г, Ахметов Артур Фанависович, Лесная | ЛПЗ МДК.06.01 Технология выполнения газовой сварки и резки — 2 п/г, Подчиненнов Александр Юрьевич, Лесная"
"СП-Пф-2601";"18.03.2026";"СР";"6 пара (17:05-18:25)";"ЛПЗ МДК.03.01 Формы и методы контроля качества металлов и сварных конструкций — 1 п/г, Ахметов Артур Фанависович, Лесная"
"СП-Пф-2601";"18.03.2026";"СР";"7 пара (18:35-19:55)";"ЛПЗ МДК.03.01 Формы и методы контроля качества металлов и сварных конструкций — 1 п/г, Ахметов Артур Фанависович, Лесная"
"СП-Пф-2601";"19.03.2026";"ЧТ";"1 пара (08:30-09:55)";"ЛПЗ МДК.03.01 Формы и методы контроля качества металлов и сварных конструкций — 2 п/г, Ахметов Артур Фанависович, Лесная | УП.06 (УП утро 08:30-12:30) — 1 п/г, Подчиненнов Александр Юрьевич, Лесная"
"СП-Пф-2601";"19.03.2026";"ЧТ";"2 пара (10:05-11:30)";"ЛПЗ МДК.03.01 Формы и методы контроля качества металлов и сварных конструкций — 2 п/г, Ахметов Артур Фанависович, Лесная | УП.06 (УП утро 08:30-12:30) — 1 п/г, Подчиненнов Александр Юрьевич, Лесная"
"СП-Пф-2601";"19.03.2026";"ЧТ";"3 пара (12:25-13:50)";"ЛПЗ МДК.03.01 Формы и методы контроля качества металлов и сварных конструкций — 2 п/г, Ахметов Артур Фанависович, Лесная"
"СП-Пф-2601";"19.03.2026";"ЧТ";"4 пара (14:00-15:25)";"ЛПЗ МДК.03.01 Формы и методы контроля качества металлов и сварных конструкций — 2 п/г, Ахметов Артур Фанависович, Лесная"
"СП-Пф-2601";"19.03.2026";"ЧТ";"5 пара (15:35-16:55)";"ЛПЗ МДК.03.01 Формы и методы контроля качества металлов и сварных конструкций — 2 п/г, Ахметов Артур Фанависович, Лесная"
"СП-Пф-2601";"19.03.2026";"ЧТ";"6 пара (17:05-18:25)";"-"
"СП-Пф-2601";"19.03.2026";"ЧТ";"7 пара (18:35-19:55)";"-"
"СП-Пф-2601";"20.03.2026";"ПТ";"1 пара (08:30-09:55)";"ЛПЗ МДК.03.01 Формы и методы контроля качества металлов и сварных конструкций — 1 п/г, Ахметов Артур Фанависович, Лесная | УП.06 (УП утро 08:30-12:30) — 2 п/г, Подчиненнов Александр Юрьевич, Лесная"
"СП-Пф-2601";"20.03.2026";"ПТ";"2 пара (10:05-11:30)";"ЛПЗ МДК.03.01 Формы и методы контроля качества металлов и сварных конструкций — 1 п/г, Ахметов Артур Фанависович, Лесная | УП.06 (УП утро 08:30-12:30) — 2 п/г, Подчиненнов Александр Юрьевич, Лесная"
"СП-Пф-2601";"20.03.2026";"ПТ";"3 пара (12:25-13:50)";"ЛПЗ МДК.03.01 Формы и методы контроля качества металлов и сварных конструкций — 1 п/г, Ахметов Артур Фанависович, Лесная"
"СП-Пф-2601";"20.03.2026";"ПТ";"4 пара (14:00-15:25)";"ЛПЗ МДК.03.01 Формы и методы контроля качества металлов и сварных конструкций — 1 п/г, Ахметов Артур Фанависович, Лесная"
"СП-Пф-2601";"20.03.2026";"ПТ";"5 пара (15:35-16:55)";"ЛПЗ МДК.05.01 Электросварочные работы на автоматических и полуавтоматических машинах — 1 п/г, Лимонова Евгения Николаевна, Лесная"
"СП-Пф-2601";"20.03.2026";"ПТ";"6 пара (17:05-18:25)";"-"
"СП-Пф-2601";"20.03.2026";"ПТ";"7 пара (18:35-19:55)";"-"
"СП-Пф-2601";"21.03.2026";"СБ";"1 пара (08:30-09:45)";"ЛПЗ МДК.03.01 Формы и методы контроля качества металлов и сварных конструкций — 2 п/г, Ахметов Артур Фанависович, Лесная | ЛПЗ МДК.05.01 Электросварочные работы на автоматических и полуавтоматических машинах — 1 п/г, Лимонова Евгения Николаевна, Лесная"
"СП-Пф-2601";"21.03.2026";"СБ";"2 пара (09:55-11:10)";"ЛПЗ МДК.03.01 Формы и методы контроля качества металлов и сварных конструкций — 2 п/г, Ахметов Артур Фанависович, Лесная | ЛПЗ МДК.05.01 Электросварочные работы на автоматических и полуавтоматических машинах — 1 п/г, Лимонова Евгения Николаевна, Лесная"
"СП-Пф-2601";"21.03.2026";"СБ";"3 пара (11:30-12:45)";"ЛПЗ МДК.03.01 Формы и методы контроля качества металлов и сварных конструкций — 2 п/г, Ахметов Артур Фанависович, Лесная | ЛПЗ МДК.05.01 Электросварочные работы на автоматических и полуавтоматических машинах — 1 п/г, Лимонова Евгения Николаевна, Лесная"
"СП-Пф-2601";"21.03.2026";"СБ";"4 пара (12:55-14:10)";"ЛПЗ МДК.03.01 Формы и методы контроля качества металлов и сварных конструкций — 2 п/г, Ахметов Артур Фанависович, Лесная | ЛПЗ МДК.05.01 Электросварочные работы на автоматических и полуавтоматических машинах — 1 п/г, Лимонова Евгения Николаевна, Лесная"
"СП-Пф-2601";"21.03.2026";"СБ";"5 пара (14:20-15:30)";"МДК.05.01 Электросварочные работы на автоматических и полуавтоматических машинах — вся группа, Лимонова Евгения Николаевна, Лесная"
"СП-Пф-2601";"21.03.2026";"СБ";"6 пара (15:40-16:50)";"-"
"СП-Пф-2601";"21.03.2026";"СБ";"7 пара (17:00-18:10)";"-"
"СП-Пф-2601";"23.03.2026";"ПН";"1 пара (09:15-10:40)";"МДК.05.01 Электросварочные работы на автоматических и полуавтоматических машинах — вся группа, Лимонова Евгения Николаевна, Лесная"
"СП-Пф-2601";"23.03.2026";"ПН";"2 пара (10:50-12:15)";"МДК.05.01 Электросварочные работы на автоматических и полуавтоматических машинах — вся группа, Лимонова Евгения Николаевна, Лесная"
"СП-Пф-2601";"23.03.2026";"ПН";"3 пара (13:10-14:35)";"МДК.05.01 Электросварочные работы на автоматических и полуавтоматических машинах — вся группа, Лимонова Евгения Николаевна, Лесная"
"СП-Пф-2601";"23.03.2026";"ПН";"4 пара (14:45-16:10)";"МДК.05.01 Электросварочные работы на автоматических и полуавтоматических машинах — вся группа, Лимонова Евгения Николаевна, Лесная"
"СП-Пф-2601";"23.03.2026";"ПН";"5 пара (16:20-17:40)";"МДК.05.01 Электросварочные работы на автоматических и полуавтоматических машинах — вся группа, Лимонова Евгения Николаевна, Лесная"
"СП-Пф-2601";"23.03.2026";"ПН";"6 пара (17:50-19:10)";"-"
"СП-Пф-2601";"23.03.2026";"ПН";"7 пара (19:20-20:40)";"-"
"СП-Пф-2601";"24.03.2026";"ВТ";"1 пара (08:30-09:55)";"УП.06 (УП утро 08:30-12:30) — 1 п/г, Подчиненнов Александр Юрьевич, Лесная"
"СП-Пф-2601";"24.03.2026";"ВТ";"2 пара (10:05-11:30)";"УП.06 (УП утро 08:30-12:30) — 1 п/г, Подчиненнов Александр Юрьевич, Лесная"
"СП-Пф-2601";"24.03.2026";"ВТ";"3 пара (12:25-13:50)";"-"
"СП-Пф-2601";"24.03.2026";"ВТ";"4 пара (14:00-15:25)";"ЛПЗ МДК.06.01 Технология выполнения газовой сварки и резки — 2 п/г, Подчиненнов Александр Юрьевич, Лесная"
"СП-Пф-2601";"24.03.2026";"ВТ";"5 пара (15:35-16:55)";"ЛПЗ МДК.06.01 Технология выполнения газовой сварки и резки — 2 п/г, Подчиненнов Александр Юрьевич, Лесная"
"СП-Пф-2601";"24.03.2026";"ВТ";"6 пара (17:05-18:25)";"ЛПЗ МДК.06.01 Технология выполнения газовой сварки и резки — 2 п/г, Подчиненнов Александр Юрьевич, Лесная"
"СП-Пф-2601";"24.03.2026";"ВТ";"7 пара (18:35-19:55)";"ЛПЗ МДК.06.01 Технология выполнения газовой сварки и резки — 2 п/г, Подчиненнов Александр Юрьевич, Лесная"
"СП-Пф-2601";"25.03.2026";"СР";"1 пара (08:30-09:55)";"ЛПЗ МДК.05.01 Электросварочные работы на автоматических и полуавтоматических машинах — 1 п/г, Лимонова Евгения Николаевна, Лесная | УП.06 (УП утро 08:30-12:30) — 2 п/г, Подчиненнов Александр Юрьевич, Лесная"
"СП-Пф-2601";"25.03.2026";"СР";"2 пара (10:05-11:30)";"ЛПЗ МДК.05.01 Электросварочные работы на автоматических и полуавтоматических машинах — 1 п/г, Лимонова Евгения Николаевна, Лесная | УП.06 (УП утро 08:30-12:30) — 2 п/г, Подчиненнов Александр Юрьевич, Лесная"
"СП-Пф-2601";"25.03.2026";"СР";"3 пара (12:25-13:50)";"ЛПЗ МДК.05.01 Электросварочные работы на автоматических и полуавтоматических машинах — 1 п/г, Лимонова Евгения Николаевна, Лесная"
"СП-Пф-2601";"25.03.2026";"СР";"4 пара (14:00-15:25)";"ЛПЗ МДК.05.01 Электросварочные работы на автоматических и полуавтоматических машинах — 1 п/г, Лимонова Евгения Николаевна, Лесная"
"СП-Пф-2601";"25.03.2026";"СР";"5 пара (15:35-16:55)";"ЛПЗ МДК.06.01 Технология выполнения газовой сварки и резки — 1 п/г, Подчиненнов Александр Юрьевич, Лесная"
"СП-Пф-2601";"25.03.2026";"СР";"6 пара (17:05-18:25)";"-"
"СП-Пф-2601";"25.03.2026";"СР";"7 пара (18:35-19:55)";"-"
"СП-Пф-2601";"26.03.2026";"ЧТ";"1 пара (08:30-09:55)";"МДК.05.01 Электросварочные работы на автоматических и полуавтоматических машинах — вся группа, Лимонова Евгения Николаевна, Лесная"
"СП-Пф-2601";"26.03.2026";"ЧТ";"2 пара (10:05-11:30)";"МДК.05.01 Электросварочные работы на автоматических и полуавтоматических машинах — вся группа, Лимонова Евгения Николаевна, Лесная"
"СП-Пф-2601";"26.03.2026";"ЧТ";"3 пара (12:25-13:50)";"МДК.05.01 Электросварочные работы на автоматических и полуавтоматических машинах — вся группа, Лимонова Евгения Николаевна, Лесная"
"СП-Пф-2601";"26.03.2026";"ЧТ";"4 пара (14:00-15:25)";"МДК.05.01 Электросварочные работы на автоматических и полуавтоматических машинах — вся группа, Лимонова Евгения Николаевна, Лесная"
"СП-Пф-2601";"26.03.2026";"ЧТ";"5 пара (15:35-16:55)";"МДК.05.01 Электросварочные работы на автоматических и полуавтоматических машинах — вся группа, Лимонова Евгения Николаевна, Лесная"
"СП-Пф-2601";"26.03.2026";"ЧТ";"6 пара (17:05-18:25)";"-"
"СП-Пф-2601";"26.03.2026";"ЧТ";"7 пара (18:35-19:55)";"-"
"СП-Пф-2601";"27.03.2026";"ПТ";"1 пара (08:30-09:55)";"МДК.06.01 Технология выполнения газовой сварки и резки — вся группа, Ахметов Артур Фанависович, Лесная"
"СП-Пф-2601";"27.03.2026";"ПТ";"2 пара (10:05-11:30)";"МДК.06.01 Технология выполнения газовой сварки и резки — вся группа, Ахметов Артур Фанависович, Лесная"
"СП-Пф-2601";"27.03.2026";"ПТ";"3 пара (12:25-13:50)";"МДК.06.01 Технология выполнения газовой сварки и резки — вся группа, Ахметов Артур Фанависович, Лесная"
"СП-Пф-2601";"27.03.2026";"ПТ";"4 пара (14:00-15:25)";"МДК.06.01 Технология выполнения газовой сварки и резки — вся группа, Ахметов Артур Фанависович, Лесная"
"СП-Пф-2601";"27.03.2026";"ПТ";"5 пара (15:35-16:55)";"МДК.06.01 Технология выполнения газовой сварки и резки — вся группа, Ахметов Артур Фанависович, Лесная"
"СП-Пф-2601";"27.03.2026";"ПТ";"6 пара (17:05-18:25)";"-"
"СП-Пф-2601";"27.03.2026";"ПТ";"7 пара (18:35-19:55)";"-"
"СП-Пф-2601";"28.03.2026";"СБ";"1 пара (08:30-09:45)";"МДК.06.01 Технология выполнения газовой сварки и резки — вся группа, Ахметов Артур Фанависович, Лесная"
"СП-Пф-2601";"28.03.2026";"СБ";"2 пара (09:55-11:10)";"МДК.06.01 Технология выполнения газовой сварки и резки — вся группа, Ахметов Артур Фанависович, Лесная"
"СП-Пф-2601";"28.03.2026";"СБ";"3 пара (11:30-12:45)";"МДК.06.01 Технология выполнения газовой сварки и резки — вся группа, Ахметов Артур Фанависович, Лесная"
"СП-Пф-2601";"28.03.2026";"СБ";"4 пара (12:55-14:10)";"МДК.06.01 Технология выполнения газовой сварки и резки — вся группа, Ахметов Артур Фанависович, Лесная"
"СП-Пф-2601";"28.03.2026";"СБ";"5 пара (14:20-15:30)";"МДК.06.01 Технология выполнения газовой сварки и резки — вся группа, Ахметов Артур Фанависович, Лесная"
"СП-Пф-2601";"28.03.2026";"СБ";"6 пара (15:40-16:50)";"-"
"СП-Пф-2601";"28.03.2026";"СБ";"7 пара (17:00-18:10)";"-"
"СП-Пф-2601";"30.03.2026";"ПН";"1 пара (09:15-10:40)";"УП.06 (УП утро 09:00-13:00) — 1 п/г, Подчиненнов Александр Юрьевич, Лесная"
"СП-Пф-2601";"30.03.2026";"ПН";"2 пара (10:50-12:15)";"УП.06 (УП утро 09:00-13:00) — 1 п/г, Подчиненнов Александр Юрьевич, Лесная"
"СП-Пф-2601";"30.03.2026";"ПН";"3 пара (13:10-14:35)";"ЛПЗ МДК.06.01 Технология выполнения газовой сварки и резки — 2 п/г, Подчиненнов Александр Юрьевич, Лесная"
"СП-Пф-2601";"30.03.2026";"ПН";"4 пара (14:45-16:10)";"ЛПЗ МДК.06.01 Технология выполнения газовой сварки и резки — 2 п/г, Подчиненнов Александр Юрьевич, Лесная"
"СП-Пф-2601";"30.03.2026";"ПН";"5 пара (16:20-17:40)";"ЛПЗ МДК.06.01 Технология выполнения газовой сварки и резки — 2 п/г, Подчиненнов Александр Юрьевич, Лесная"
"СП-Пф-2601";"30.03.2026";"ПН";"6 пара (17:50-19:10)";"ЛПЗ МДК.06.01 Технология выполнения газовой сварки и резки — 2 п/г, Подчиненнов Александр Юрьевич, Лесная"
"СП-Пф-2601";"30.03.2026";"ПН";"7 пара (19:20-20:40)";"ЛПЗ МДК.06.01 Технология выполнения газовой сварки и резки — 2 п/г, Подчиненнов Александр Юрьевич, Лесная"
"СП-Пф-2601";"31.03.2026";"ВТ";"1 пара (08:30-09:55)";"УП.06 (УП утро 08:30-12:30) — 2 п/г, Подчиненнов Александр Юрьевич, Лесная"
"СП-Пф-2601";"31.03.2026";"ВТ";"2 пара (10:05-11:30)";"УП.06 (УП утро 08:30-12:30) — 2 п/г, Подчиненнов Александр Юрьевич, Лесная"
"СП-Пф-2601";"31.03.2026";"ВТ";"3 пара (12:25-13:50)";"-"
"СП-Пф-2601";"31.03.2026";"ВТ";"4 пара (14:00-15:25)";"ЛПЗ МДК.06.01 Технология выполнения газовой сварки и резки — 1 п/г, Подчиненнов Александр Юрьевич, Лесная"
"СП-Пф-2601";"31.03.2026";"ВТ";"5 пара (15:35-16:55)";"ЛПЗ МДК.06.01 Технология выполнения газовой сварки и резки — 1 п/г, Подчиненнов Александр Юрьевич, Лесная"
"СП-Пф-2601";"31.03.2026";"ВТ";"6 пара (17:05-18:25)";"ЛПЗ МДК.06.01 Технология выполнения газовой сварки и резки — 1 п/г, Подчиненнов Александр Юрьевич, Лесная"
"СП-Пф-2601";"31.03.2026";"ВТ";"7 пара (18:35-19:55)";"ЛПЗ МДК.06.01 Технология выполнения газовой сварки и резки — 1 п/г, Подчиненнов Александр Юрьевич, Лесная"
"СП-Пф-2601";"01.04.2026";"СР";"1 пара (08:30-09:55)";"МДК.06.01 Технология выполнения газовой сварки и резки — вся группа, Ахметов Артур Фанависович, Лесная"
"СП-Пф-2601";"01.04.2026";"СР";"2 пара (10:05-11:30)";"МДК.06.01 Технология выполнения газовой сварки и резки — вся группа, Ахметов Артур Фанависович, Лесная"
"СП-Пф-2601";"01.04.2026";"СР";"3 пара (12:25-13:50)";"МДК.06.01 Технология выполнения газовой сварки и резки — вся группа, Ахметов Артур Фанависович, Лесная"
"СП-Пф-2601";"01.04.2026";"СР";"4 пара (14:00-15:25)";"МДК.06.01 Технология выполнения газовой сварки и резки — вся группа, Ахметов Артур Фанависович, Лесная"
"СП-Пф-2601";"01.04.2026";"СР";"5 пара (15:35-16:55)";"МДК.06.01 Технология выполнения газовой сварки и резки — вся группа, Ахметов Артур Фанависович, Лесная"
"СП-Пф-2601";"01.04.2026";"СР";"6 пара (17:05-18:25)";"-"
"СП-Пф-2601";"01.04.2026";"СР";"7 пара (18:35-19:55)";"-"
"СП-Пф-2601";"02.04.2026";"ЧТ";"1 пара (08:30-09:55)";"МДК.06.01 Технология выполнения газовой сварки и резки — вся группа, Ахметов Артур Фанависович, Лесная"
"СП-Пф-2601";"02.04.2026";"ЧТ";"2 пара (10:05-11:30)";"МДК.06.01 Технология выполнения газовой сварки и резки — вся группа, Ахметов Артур Фанависович, Лесная"
"СП-Пф-2601";"02.04.2026";"ЧТ";"3 пара (12:25-13:50)";"МДК.06.01 Технология выполнения газовой сварки и резки — вся группа, Ахметов Артур Фанависович, Лесная"
"СП-Пф-2601";"02.04.2026";"ЧТ";"4 пара (14:00-15:25)";"МДК.06.01 Технология выполнения газовой сварки и резки — вся группа, Ахметов Артур Фанависович, Лесная"
"СП-Пф-2601";"02.04.2026";"ЧТ";"5 пара (15:35-16:55)";"МДК.06.01 Технология выполнения газовой сварки и резки — вся группа, Ахметов Артур Фанависович, Лесная"
"СП-Пф-2601";"02.04.2026";"ЧТ";"6 пара (17:05-18:25)";"-"
"СП-Пф-2601";"02.04.2026";"ЧТ";"7 пара (18:35-19:55)";"-"
"СП-Пф-2601";"03.04.2026";"ПТ";"1 пара (08:30-09:55)";"-"
"СП-Пф-2601";"03.04.2026";"ПТ";"2 пара (10:05-11:30)";"-"
"СП-Пф-2601";"03.04.2026";"ПТ";"3 пара (12:25-13:50)";"-"
"СП-Пф-2601";"03.04.2026";"ПТ";"4 пара (14:00-15:25)";"ЛПЗ МДК.06.01 Технология выполнения газовой сварки и резки — 1 п/г, Подчиненнов Александр Юрьевич, Лесная"
"СП-Пф-2601";"03.04.2026";"ПТ";"5 пара (15:35-16:55)";"ЛПЗ МДК.06.01 Технология выполнения газовой сварки и резки — 1 п/г, Подчиненнов Александр Юрьевич, Лесная"
"СП-Пф-2601";"03.04.2026";"ПТ";"6 пара (17:05-18:25)";"ЛПЗ МДК.06.01 Технология выполнения газовой сварки и резки — 1 п/г, Подчиненнов Александр Юрьевич, Лесная"
"СП-Пф-2601";"03.04.2026";"ПТ";"7 пара (18:35-19:55)";"ЛПЗ МДК.06.01 Технология выполнения газовой сварки и резки — 1 п/г, Подчиненнов Александр Юрьевич, Лесная"
"СП-Пф-2601";"04.04.2026";"СБ";"1 пара (08:30-09:45)";"УП.03 (УП утро 08:30-12:00) — 1 п/г, Верхнев Николай Александрович, Лесная | ЛПЗ МДК.06.01 Технология выполнения газовой сварки и резки — 2 п/г, Подчиненнов Александр Юрьевич, Лесная"
"СП-Пф-2601";"04.04.2026";"СБ";"2 пара (09:55-11:10)";"УП.03 (УП утро 08:30-12:00) — 1 п/г, Верхнев Николай Александрович, Лесная | ЛПЗ МДК.06.01 Технология выполнения газовой сварки и резки — 2 п/г, Подчиненнов Александр Юрьевич, Лесная"
"СП-Пф-2601";"04.04.2026";"СБ";"3 пара (11:30-12:45)";"ЛПЗ МДК.06.01 Технология выполнения газовой сварки и резки — 2 п/г, Подчиненнов Александр Юрьевич, Лесная"
"СП-Пф-2601";"04.04.2026";"СБ";"4 пара (12:55-14:10)";"ЛПЗ МДК.06.01 Технология выполнения газовой сварки и резки — 2 п/г, Подчиненнов Александр Юрьевич, Лесная"
"СП-Пф-2601";"04.04.2026";"СБ";"5 пара (14:20-15:30)";"ЛПЗ МДК.06.01 Технология выполнения газовой сварки и резки — 2 п/г, Подчиненнов Александр Юрьевич, Лесная"
"СП-Пф-2601";"04.04.2026";"СБ";"6 пара (15:40-16:50)";"-"
"СП-Пф-2601";"04.04.2026";"СБ";"7 пара (17:00-18:10)";"-"
"СП-Пф-2601";"06.04.2026";"ПН";"1 пара (09:15-10:40)";"УП.06 (УП утро 09:00-13:00) — 1 п/г, Подчиненнов Александр Юрьевич, Лесная"
"СП-Пф-2601";"06.04.2026";"ПН";"2 пара (10:50-12:15)";"УП.06 (УП утро 09:00-13:00) — 1 п/г, Подчиненнов Александр Юрьевич, Лесная"
"СП-Пф-2601";"06.04.2026";"ПН";"3 пара (13:10-14:35)";"ЛПЗ МДК.06.01 Технология выполнения газовой сварки и резки — 2 п/г, Подчиненнов Александр Юрьевич, Лесная"
"СП-Пф-2601";"06.04.2026";"ПН";"4 пара (14:45-16:10)";"ЛПЗ МДК.06.01 Технология выполнения газовой сварки и резки — 2 п/г, Подчиненнов Александр Юрьевич, Лесная"
"СП-Пф-2601";"06.04.2026";"ПН";"5 пара (16:20-17:40)";"ЛПЗ МДК.06.01 Технология выполнения газовой сварки и резки — 2 п/г, Подчиненнов Александр Юрьевич, Лесная"
"СП-Пф-2601";"06.04.2026";"ПН";"6 пара (17:50-19:10)";"ЛПЗ МДК.06.01 Технология выполнения газовой сварки и резки — 2 п/г, Подчиненнов Александр Юрьевич, Лесная"
"СП-Пф-2601";"06.04.2026";"ПН";"7 пара (19:20-20:40)";"ЛПЗ МДК.06.01 Технология выполнения газовой сварки и резки — 2 п/г, Подчиненнов Александр Юрьевич, Лесная"
"СП-Пф-2601";"07.04.2026";"ВТ";"1 пара (08:30-09:55)";"УП.06 (УП утро 08:30-12:30) — 2 п/г, Подчиненнов Александр Юрьевич, Лесная"
"СП-Пф-2601";"07.04.2026";"ВТ";"2 пара (10:05-11:30)";"УП.06 (УП утро 08:30-12:30) — 2 п/г, Подчиненнов Александр Юрьевич, Лесная"
"СП-Пф-2601";"07.04.2026";"ВТ";"3 пара (12:25-13:50)";"-"
"СП-Пф-2601";"07.04.2026";"ВТ";"4 пара (14:00-15:25)";"ЛПЗ МДК.06.01 Технология выполнения газовой сварки и резки — 1 п/г, Подчиненнов Александр Юрьевич, Лесная"
"СП-Пф-2601";"07.04.2026";"ВТ";"5 пара (15:35-16:55)";"ЛПЗ МДК.06.01 Технология выполнения газовой сварки и резки — 1 п/г, Подчиненнов Александр Юрьевич, Лесная"
"СП-Пф-2601";"07.04.2026";"ВТ";"6 пара (17:05-18:25)";"ЛПЗ МДК.06.01 Технология выполнения газовой сварки и резки — 1 п/г, Подчиненнов Александр Юрьевич, Лесная"
"СП-Пф-2601";"07.04.2026";"ВТ";"7 пара (18:35-19:55)";"ЛПЗ МДК.06.01 Технология выполнения газовой сварки и резки — 1 п/г, Подчиненнов Александр Юрьевич, Лесная"
"СП-Пф-2601";"08.04.2026";"СР";"1 пара (08:30-09:55)";"-"
"СП-Пф-2601";"08.04.2026";"СР";"2 пара (10:05-11:30)";"-"
"СП-Пф-2601";"08.04.2026";"СР";"3 пара (12:25-13:50)";"-"
"СП-Пф-2601";"08.04.2026";"СР";"4 пара (14:00-15:25)";"ЛПЗ МДК.06.01 Технология выполнения газовой сварки и резки — 1 п/г, Подчиненнов Александр Юрьевич, Лесная"
"СП-Пф-2601";"08.04.2026";"СР";"5 пара (15:35-16:55)";"ЛПЗ МДК.06.01 Технология выполнения газовой сварки и резки — 1 п/г, Подчиненнов Александр Юрьевич, Лесная"
"СП-Пф-2601";"08.04.2026";"СР";"6 пара (17:05-18:25)";"ЛПЗ МДК.06.01 Технология выполнения газовой сварки и резки — 1 п/г, Подчиненнов Александр Юрьевич, Лесная"
"СП-Пф-2601";"08.04.2026";"СР";"7 пара (18:35-19:55)";"ЛПЗ МДК.06.01 Технология выполнения газовой сварки и резки — 1 п/г, Подчиненнов Александр Юрьевич, Лесная"
"СП-Пф-2601";"09.04.2026";"ЧТ";"1 пара (08:30-09:55)";"-"
"СП-Пф-2601";"09.04.2026";"ЧТ";"2 пара (10:05-11:30)";"-"
"СП-Пф-2601";"09.04.2026";"ЧТ";"3 пара (12:25-13:50)";"-"
"СП-Пф-2601";"09.04.2026";"ЧТ";"4 пара (14:00-15:25)";"ЛПЗ МДК.06.01 Технология выполнения газовой сварки и резки — 1 п/г, Подчиненнов Александр Юрьевич, Лесная"
"СП-Пф-2601";"09.04.2026";"ЧТ";"5 пара (15:35-16:55)";"ЛПЗ МДК.06.01 Технология выполнения газовой сварки и резки — 1 п/г, Подчиненнов Александр Юрьевич, Лесная"
"СП-Пф-2601";"09.04.2026";"ЧТ";"6 пара (17:05-18:25)";"ЛПЗ МДК.06.01 Технология выполнения газовой сварки и резки — 1 п/г, Подчиненнов Александр Юрьевич, Лесная"
"СП-Пф-2601";"09.04.2026";"ЧТ";"7 пара (18:35-19:55)";"ЛПЗ МДК.06.01 Технология выполнения газовой сварки и резки — 1 п/г, Подчиненнов Александр Юрьевич, Лесная"
"СП-Пф-2601";"10.04.2026";"ПТ";"1 пара (08:30-09:55)";"-"
"СП-Пф-2601";"10.04.2026";"ПТ";"2 пара (10:05-11:30)";"-"
"СП-Пф-2601";"10.04.2026";"ПТ";"3 пара (12:25-13:50)";"-"
"СП-Пф-2601";"10.04.2026";"ПТ";"4 пара (14:00-15:25)";"ЛПЗ МДК.06.01 Технология выполнения газовой сварки и резки — 1 п/г, Подчиненнов Александр Юрьевич, Лесная"
"СП-Пф-2601";"10.04.2026";"ПТ";"5 пара (15:35-16:55)";"ЛПЗ МДК.06.01 Технология выполнения газовой сварки и резки — 1 п/г, Подчиненнов Александр Юрьевич, Лесная"
"СП-Пф-2601";"10.04.2026";"ПТ";"6 пара (17:05-18:25)";"ЛПЗ МДК.06.01 Технология выполнения газовой сварки и резки — 1 п/г, Подчиненнов Александр Юрьевич, Лесная"
"СП-Пф-2601";"10.04.2026";"ПТ";"7 пара (18:35-19:55)";"ЛПЗ МДК.06.01 Технология выполнения газовой сварки и резки — 1 п/г, Подчиненнов Александр Юрьевич, Лесная"
"СП-Пф-2601";"11.04.2026";"СБ";"1 пара (08:30-09:45)";"УП.03 (УП утро 08:30-12:00) — 1 п/г, Верхнев Николай Александрович, Лесная | ЛПЗ МДК.06.01 Технология выполнения газовой сварки и резки — 2 п/г, Подчиненнов Александр Юрьевич, Лесная"
"СП-Пф-2601";"11.04.2026";"СБ";"2 пара (09:55-11:10)";"УП.03 (УП утро 08:30-12:00) — 1 п/г, Верхнев Николай Александрович, Лесная | ЛПЗ МДК.06.01 Технология выполнения газовой сварки и резки — 2 п/г, Подчиненнов Александр Юрьевич, Лесная"
"СП-Пф-2601";"11.04.2026";"СБ";"3 пара (11:30-12:45)";"ЛПЗ МДК.06.01 Технология выполнения газовой сварки и резки — 2 п/г, Подчиненнов Александр Юрьевич, Лесная"
"СП-Пф-2601";"11.04.2026";"СБ";"4 пара (12:55-14:10)";"ЛПЗ МДК.06.01 Технология выполнения газовой сварки и резки — 2 п/г, Подчиненнов Александр Юрьевич, Лесная"
"СП-Пф-2601";"11.04.2026";"СБ";"5 пара (14:20-15:30)";"ЛПЗ МДК.06.01 Технология выполнения газовой сварки и резки — 2 п/г, Подчиненнов Александр Юрьевич, Лесная"
"СП-Пф-2601";"11.04.2026";"СБ";"6 пара (15:40-16:50)";"-"
"СП-Пф-2601";"11.04.2026";"СБ";"7 пара (17:00-18:10)";"-"
"СП-Пф-2601";"13.04.2026";"ПН";"1 пара (09:15-10:40)";"УП.06 (УП утро 09:00-13:00) — 2 п/г, Подчиненнов Александр Юрьевич, Лесная"
"СП-Пф-2601";"13.04.2026";"ПН";"2 пара (10:50-12:15)";"УП.06 (УП утро 09:00-13:00) — 2 п/г, Подчиненнов Александр Юрьевич, Лесная"
"СП-Пф-2601";"13.04.2026";"ПН";"3 пара (13:10-14:35)";"ЛПЗ МДК.06.01 Технология выполнения газовой сварки и резки — 1 п/г, Подчиненнов Александр Юрьевич, Лесная"
"СП-Пф-2601";"13.04.2026";"ПН";"4 пара (14:45-16:10)";"ЛПЗ МДК.06.02 Технология ручной дуговой сварки — 1 п/г, Подчиненнов Александр Юрьевич, Лесная"
"СП-Пф-2601";"13.04.2026";"ПН";"5 пара (16:20-17:40)";"ЛПЗ МДК.06.02 Технология ручной дуговой сварки — 1 п/г, Подчиненнов Александр Юрьевич, Лесная"
"СП-Пф-2601";"13.04.2026";"ПН";"6 пара (17:50-19:10)";"ЛПЗ МДК.06.02 Технология ручной дуговой сварки — 1 п/г, Подчиненнов Александр Юрьевич, Лесная"
"СП-Пф-2601";"13.04.2026";"ПН";"7 пара (19:20-20:40)";"ЛПЗ МДК.06.02 Технология ручной дуговой сварки — 1 п/г, Подчиненнов Александр Юрьевич, Лесная"
"СП-Пф-2601";"14.04.2026";"ВТ";"1 пара (08:30-09:55)";"МДК.06.02 Технология ручной дуговой сварки — вся группа, Ахметов Артур Фанависович, Лесная"
"СП-Пф-2601";"14.04.2026";"ВТ";"2 пара (10:05-11:30)";"МДК.06.02 Технология ручной дуговой сварки — вся группа, Ахметов Артур Фанависович, Лесная"
"СП-Пф-2601";"14.04.2026";"ВТ";"3 пара (12:25-13:50)";"МДК.06.02 Технология ручной дуговой сварки — вся группа, Ахметов Артур Фанависович, Лесная"
"СП-Пф-2601";"14.04.2026";"ВТ";"4 пара (14:00-15:25)";"ЛПЗ МДК.06.01 Технология выполнения газовой сварки и резки — 2 п/г, Подчиненнов Александр Юрьевич, Лесная"
"СП-Пф-2601";"14.04.2026";"ВТ";"5 пара (15:35-16:55)";"ЛПЗ МДК.06.02 Технология ручной дуговой сварки — 2 п/г, Подчиненнов Александр Юрьевич, Лесная"
"СП-Пф-2601";"14.04.2026";"ВТ";"6 пара (17:05-18:25)";"-"
"СП-Пф-2601";"14.04.2026";"ВТ";"7 пара (18:35-19:55)";"-"
"СП-Пф-2601";"15.04.2026";"СР";"1 пара (08:30-09:55)";"МДК.06.02 Технология ручной дуговой сварки — вся группа, Ахметов Артур Фанависович, Лесная"
"СП-Пф-2601";"15.04.2026";"СР";"2 пара (10:05-11:30)";"МДК.06.02 Технология ручной дуговой сварки — вся группа, Ахметов Артур Фанависович, Лесная"
"СП-Пф-2601";"15.04.2026";"СР";"3 пара (12:25-13:50)";"МДК.06.02 Технология ручной дуговой сварки — вся группа, Ахметов Артур Фанависович, Лесная"
"СП-Пф-2601";"15.04.2026";"СР";"4 пара (14:00-15:25)";"МДК.06.02 Технология ручной дуговой сварки — вся группа, Ахметов Артур Фанависович, Лесная"
"СП-Пф-2601";"15.04.2026";"СР";"5 пара (15:35-16:55)";"МДК.06.02 Технология ручной дуговой сварки — вся группа, Ахметов Артур Фанависович, Лесная"
"СП-Пф-2601";"15.04.2026";"СР";"6 пара (17:05-18:25)";"-"
"СП-Пф-2601";"15.04.2026";"СР";"7 пара (18:35-19:55)";"-"
"СП-Пф-2601";"16.04.2026";"ЧТ";"1 пара (08:30-09:55)";"МДК.06.02 Технология ручной дуговой сварки — вся группа, Ахметов Артур Фанависович, Лесная"
"СП-Пф-2601";"16.04.2026";"ЧТ";"2 пара (10:05-11:30)";"МДК.06.02 Технология ручной дуговой сварки — вся группа, Ахметов Артур Фанависович, Лесная"
"СП-Пф-2601";"16.04.2026";"ЧТ";"3 пара (12:25-13:50)";"-"
"СП-Пф-2601";"16.04.2026";"ЧТ";"4 пара (14:00-15:25)";"-"
"СП-Пф-2601";"16.04.2026";"ЧТ";"5 пара (15:35-16:55)";"-"
"СП-Пф-2601";"16.04.2026";"ЧТ";"6 пара (17:05-18:25)";"-"
"СП-Пф-2601";"16.04.2026";"ЧТ";"7 пара (18:35-19:55)";"-"
"СП-Пф-2601";"17.04.2026";"ПТ";"1 пара (08:30-09:55)";"УП.03 (УП утро 08:30-12:30) — 1 п/г, Верхнев Николай Александрович, Лесная | ЛПЗ МДК.06.02 Технология ручной дуговой сварки — 2 п/г, Подчиненнов Александр Юрьевич, Лесная"
"СП-Пф-2601";"17.04.2026";"ПТ";"2 пара (10:05-11:30)";"УП.03 (УП утро 08:30-12:30) — 1 п/г, Верхнев Николай Александрович, Лесная | ЛПЗ МДК.06.02 Технология ручной дуговой сварки — 2 п/г, Подчиненнов Александр Юрьевич, Лесная"
"СП-Пф-2601";"17.04.2026";"ПТ";"3 пара (12:25-13:50)";"ЛПЗ МДК.06.02 Технология ручной дуговой сварки — 2 п/г, Подчиненнов Александр Юрьевич, Лесная"
"СП-Пф-2601";"17.04.2026";"ПТ";"4 пара (14:00-15:25)";"ЛПЗ МДК.06.02 Технология ручной дуговой сварки — 2 п/г, Подчиненнов Александр Юрьевич, Лесная"
"СП-Пф-2601";"17.04.2026";"ПТ";"5 пара (15:35-16:55)";"ЛПЗ МДК.06.02 Технология ручной дуговой сварки — 2 п/г, Подчиненнов Александр Юрьевич, Лесная"
"СП-Пф-2601";"17.04.2026";"ПТ";"6 пара (17:05-18:25)";"-"
"СП-Пф-2601";"17.04.2026";"ПТ";"7 пара (18:35-19:55)";"-"
"СП-Пф-2601";"18.04.2026";"СБ";"1 пара (08:30-09:45)";"УП.03 (УП утро 08:30-12:00) — 2 п/г, Верхнев Николай Александрович, Лесная | ЛПЗ МДК.06.02 Технология ручной дуговой сварки — 1 п/г, Подчиненнов Александр Юрьевич, Лесная"
"СП-Пф-2601";"18.04.2026";"СБ";"2 пара (09:55-11:10)";"УП.03 (УП утро 08:30-12:00) — 2 п/г, Верхнев Николай Александрович, Лесная | ЛПЗ МДК.06.02 Технология ручной дуговой сварки — 1 п/г, Подчиненнов Александр Юрьевич, Лесная"
"СП-Пф-2601";"18.04.2026";"СБ";"3 пара (11:30-12:45)";"ЛПЗ МДК.06.02 Технология ручной дуговой сварки — 1 п/г, Подчиненнов Александр Юрьевич, Лесная"
"СП-Пф-2601";"18.04.2026";"СБ";"4 пара (12:55-14:10)";"ЛПЗ МДК.06.02 Технология ручной дуговой сварки — 1 п/г, Подчиненнов Александр Юрьевич, Лесная"
"СП-Пф-2601";"18.04.2026";"СБ";"5 пара (14:20-15:30)";"ЛПЗ МДК.06.02 Технология ручной дуговой сварки — 1 п/г, Подчиненнов Александр Юрьевич, Лесная"
"СП-Пф-2601";"18.04.2026";"СБ";"6 пара (15:40-16:50)";"-"
"СП-Пф-2601";"18.04.2026";"СБ";"7 пара (17:00-18:10)";"-"
"СП-Пф-2601";"20.04.2026";"ПН";"1 пара (09:15-10:40)";"-"
"СП-Пф-2601";"20.04.2026";"ПН";"2 пара (10:50-12:15)";"-"
"СП-Пф-2601";"20.04.2026";"ПН";"3 пара (13:10-14:35)";"ЛПЗ МДК.06.02 Технология ручной дуговой сварки — 1 п/г, Подчиненнов Александр Юрьевич, Лесная"
"СП-Пф-2601";"20.04.2026";"ПН";"4 пара (14:45-16:10)";"ЛПЗ МДК.06.02 Технология ручной дуговой сварки — 1 п/г, Подчиненнов Александр Юрьевич, Лесная"
"СП-Пф-2601";"20.04.2026";"ПН";"5 пара (16:20-17:40)";"ЛПЗ МДК.06.02 Технология ручной дуговой сварки — 1 п/г, Подчиненнов Александр Юрьевич, Лесная"
"СП-Пф-2601";"20.04.2026";"ПН";"6 пара (17:50-19:10)";"ЛПЗ МДК.06.02 Технология ручной дуговой сварки — 1 п/г, Подчиненнов Александр Юрьевич, Лесная"
"СП-Пф-2601";"20.04.2026";"ПН";"7 пара (19:20-20:40)";"ЛПЗ МДК.06.02 Технология ручной дуговой сварки — 1 п/г, Подчиненнов Александр Юрьевич, Лесная"
"СП-Пф-2601";"21.04.2026";"ВТ";"1 пара (08:30-09:55)";"-"
"СП-Пф-2601";"21.04.2026";"ВТ";"2 пара (10:05-11:30)";"-"
"СП-Пф-2601";"21.04.2026";"ВТ";"3 пара (12:25-13:50)";"-"
"СП-Пф-2601";"21.04.2026";"ВТ";"4 пара (14:00-15:25)";"ЛПЗ МДК.06.02 Технология ручной дуговой сварки — 1 п/г, Подчиненнов Александр Юрьевич, Лесная"
"СП-Пф-2601";"21.04.2026";"ВТ";"5 пара (15:35-16:55)";"ЛПЗ МДК.06.02 Технология ручной дуговой сварки — 1 п/г, Подчиненнов Александр Юрьевич, Лесная"
"СП-Пф-2601";"21.04.2026";"ВТ";"6 пара (17:05-18:25)";"ЛПЗ МДК.06.02 Технология ручной дуговой сварки — 1 п/г, Подчиненнов Александр Юрьевич, Лесная"
"СП-Пф-2601";"21.04.2026";"ВТ";"7 пара (18:35-19:55)";"ЛПЗ МДК.06.02 Технология ручной дуговой сварки — 1 п/г, Подчиненнов Александр Юрьевич, Лесная"
"СП-Пф-2601";"22.04.2026";"СР";"1 пара (08:30-09:55)";"УП.03 (УП утро 08:30-12:30) — 1 п/г, Верхнев Николай Александрович, Лесная | ЛПЗ МДК.06.02 Технология ручной дуговой сварки — 2 п/г, Подчиненнов Александр Юрьевич, Лесная"
"СП-Пф-2601";"22.04.2026";"СР";"2 пара (10:05-11:30)";"УП.03 (УП утро 08:30-12:30) — 1 п/г, Верхнев Николай Александрович, Лесная | ЛПЗ МДК.06.02 Технология ручной дуговой сварки — 2 п/г, Подчиненнов Александр Юрьевич, Лесная"
"СП-Пф-2601";"22.04.2026";"СР";"3 пара (12:25-13:50)";"ЛПЗ МДК.06.02 Технология ручной дуговой сварки — 2 п/г, Подчиненнов Александр Юрьевич, Лесная"
"СП-Пф-2601";"22.04.2026";"СР";"4 пара (14:00-15:25)";"ЛПЗ МДК.06.02 Технология ручной дуговой сварки — 2 п/г, Подчиненнов Александр Юрьевич, Лесная"
"СП-Пф-2601";"22.04.2026";"СР";"5 пара (15:35-16:55)";"ЛПЗ МДК.06.02 Технология ручной дуговой сварки — 2 п/г, Подчиненнов Александр Юрьевич, Лесная"
"СП-Пф-2601";"22.04.2026";"СР";"6 пара (17:05-18:25)";"-"
"СП-Пф-2601";"22.04.2026";"СР";"7 пара (18:35-19:55)";"-"
"СП-Пф-2601";"23.04.2026";"ЧТ";"1 пара (08:30-09:55)";"УП.03 (УП утро 08:30-12:30) — 2 п/г, Верхнев Николай Александрович, Лесная | ЛПЗ МДК.06.02 Технология ручной дуговой сварки — 1 п/г, Подчиненнов Александр Юрьевич, Лесная"
"СП-Пф-2601";"23.04.2026";"ЧТ";"2 пара (10:05-11:30)";"УП.03 (УП утро 08:30-12:30) — 2 п/г, Верхнев Николай Александрович, Лесная | ЛПЗ МДК.06.02 Технология ручной дуговой сварки — 1 п/г, Подчиненнов Александр Юрьевич, Лесная"
"СП-Пф-2601";"23.04.2026";"ЧТ";"3 пара (12:25-13:50)";"ЛПЗ МДК.06.02 Технология ручной дуговой сварки — 1 п/г, Подчиненнов Александр Юрьевич, Лесная"
"СП-Пф-2601";"23.04.2026";"ЧТ";"4 пара (14:00-15:25)";"ЛПЗ МДК.06.02 Технология ручной дуговой сварки — 1 п/г, Подчиненнов Александр Юрьевич, Лесная"
"СП-Пф-2601";"23.04.2026";"ЧТ";"5 пара (15:35-16:55)";"ЛПЗ МДК.06.02 Технология ручной дуговой сварки — 1 п/г, Подчиненнов Александр Юрьевич, Лесная"
"СП-Пф-2601";"23.04.2026";"ЧТ";"6 пара (17:05-18:25)";"-"
"СП-Пф-2601";"23.04.2026";"ЧТ";"7 пара (18:35-19:55)";"-"
"СП-Пф-2601";"24.04.2026";"ПТ";"1 пара (08:30-09:55)";"ЛПЗ МДК.06.02 Технология ручной дуговой сварки — 1 п/г, Подчиненнов Александр Юрьевич, Лесная"
"СП-Пф-2601";"24.04.2026";"ПТ";"2 пара (10:05-11:30)";"ЛПЗ МДК.06.02 Технология ручной дуговой сварки — 1 п/г, Подчиненнов Александр Юрьевич, Лесная"
"СП-Пф-2601";"24.04.2026";"ПТ";"3 пара (12:25-13:50)";"ЛПЗ МДК.06.02 Технология ручной дуговой сварки — 1 п/г, Подчиненнов Александр Юрьевич, Лесная"
"СП-Пф-2601";"24.04.2026";"ПТ";"4 пара (14:00-15:25)";"ЛПЗ МДК.06.02 Технология ручной дуговой сварки — 1 п/г, Подчиненнов Александр Юрьевич, Лесная"
"СП-Пф-2601";"24.04.2026";"ПТ";"5 пара (15:35-16:55)";"ЛПЗ МДК.06.02 Технология ручной дуговой сварки — 1 п/г, Подчиненнов Александр Юрьевич, Лесная"
"СП-Пф-2601";"24.04.2026";"ПТ";"6 пара (17:05-18:25)";"ЛПЗ МДК.06.02 Технология ручной дуговой сварки — 2 п/г, Подчиненнов Александр Юрьевич, Лесная"
"СП-Пф-2601";"24.04.2026";"ПТ";"7 пара (18:35-19:55)";"ЛПЗ МДК.06.02 Технология ручной дуговой сварки — 2 п/г, Подчиненнов Александр Юрьевич, Лесная"
"СП-Пф-2601";"25.04.2026";"СБ";"1 пара (08:30-09:45)";"ЛПЗ МДК.06.02 Технология ручной дуговой сварки — 1 п/г, Подчиненнов Александр Юрьевич, Лесная"
"СП-Пф-2601";"25.04.2026";"СБ";"2 пара (09:55-11:10)";"ЛПЗ МДК.06.02 Технология ручной дуговой сварки — 1 п/г, Подчиненнов Александр Юрьевич, Лесная"
"СП-Пф-2601";"25.04.2026";"СБ";"3 пара (11:30-12:45)";"ЛПЗ МДК.06.02 Технология ручной дуговой сварки — 2 п/г, Подчиненнов Александр Юрьевич, Лесная"
"СП-Пф-2601";"25.04.2026";"СБ";"4 пара (12:55-14:10)";"ЛПЗ МДК.06.02 Технология ручной дуговой сварки — 2 п/г, Подчиненнов Александр Юрьевич, Лесная"
"СП-Пф-2601";"25.04.2026";"СБ";"5 пара (14:20-15:30)";"ЛПЗ МДК.06.02 Технология ручной дуговой сварки — 2 п/г, Подчиненнов Александр Юрьевич, Лесная"
"СП-Пф-2601";"25.04.2026";"СБ";"6 пара (15:40-16:50)";"ЛПЗ МДК.06.02 Технология ручной дуговой сварки — 2 п/г, Подчиненнов Александр Юрьевич, Лесная"
"СП-Пф-2601";"25.04.2026";"СБ";"7 пара (17:00-18:10)";"ЛПЗ МДК.06.02 Технология ручной дуговой сварки — 2 п/г, Подчиненнов Александр Юрьевич, Лесная"
"СП-Пф-2601";"27.04.2026";"ПН";"1 пара (09:15-10:40)";"-"
"СП-Пф-2601";"27.04.2026";"ПН";"2 пара (10:50-12:15)";"-"
"СП-Пф-2601";"27.04.2026";"ПН";"3 пара (13:10-14:35)";"ЛПЗ МДК.06.02 Технология ручной дуговой сварки — 2 п/г, Подчиненнов Александр Юрьевич, Лесная"
"СП-Пф-2601";"27.04.2026";"ПН";"4 пара (14:45-16:10)";"ЛПЗ МДК.06.02 Технология ручной дуговой сварки — 2 п/г, Подчиненнов Александр Юрьевич, Лесная"
"СП-Пф-2601";"27.04.2026";"ПН";"5 пара (16:20-17:40)";"ЛПЗ МДК.06.02 Технология ручной дуговой сварки — 2 п/г, Подчиненнов Александр Юрьевич, Лесная"
"СП-Пф-2601";"27.04.2026";"ПН";"6 пара (17:50-19:10)";"ЛПЗ МДК.06.02 Технология ручной дуговой сварки — 2 п/г, Подчиненнов Александр Юрьевич, Лесная"
"СП-Пф-2601";"27.04.2026";"ПН";"7 пара (19:20-20:40)";"ЛПЗ МДК.06.02 Технология ручной дуговой сварки — 2 п/г, Подчиненнов Александр Юрьевич, Лесная"
"СП-Пф-2601";"28.04.2026";"ВТ";"1 пара (08:30-09:55)";"-"
"СП-Пф-2601";"28.04.2026";"ВТ";"2 пара (10:05-11:30)";"-"
"СП-Пф-2601";"28.04.2026";"ВТ";"3 пара (12:25-13:50)";"-"
"СП-Пф-2601";"28.04.2026";"ВТ";"4 пара (14:00-15:25)";"ЛПЗ МДК.06.02 Технология ручной дуговой сварки — 2 п/г, Подчиненнов Александр Юрьевич, Лесная"
"СП-Пф-2601";"28.04.2026";"ВТ";"5 пара (15:35-16:55)";"ЛПЗ МДК.06.02 Технология ручной дуговой сварки — 2 п/г, Подчиненнов Александр Юрьевич, Лесная"
"СП-Пф-2601";"28.04.2026";"ВТ";"6 пара (17:05-18:25)";"ЛПЗ МДК.06.02 Технология ручной дуговой сварки — 2 п/г, Подчиненнов Александр Юрьевич, Лесная"
"СП-Пф-2601";"28.04.2026";"ВТ";"7 пара (18:35-19:55)";"ЛПЗ МДК.06.02 Технология ручной дуговой сварки — 2 п/г, Подчиненнов Александр Юрьевич, Лесная"
"СП-Пф-2601";"29.04.2026";"СР";"1 пара (08:30-09:55)";"УП.03 (УП утро 08:30-12:30) — 1 п/г, Верхнев Николай Александрович, Лесная | ЛПЗ МДК.06.02 Технология ручной дуговой сварки — 2 п/г, Подчиненнов Александр Юрьевич, Лесная"
"СП-Пф-2601";"29.04.2026";"СР";"2 пара (10:05-11:30)";"УП.03 (УП утро 08:30-12:30) — 1 п/г, Верхнев Николай Александрович, Лесная | ЛПЗ МДК.06.02 Технология ручной дуговой сварки — 2 п/г, Подчиненнов Александр Юрьевич, Лесная"
"СП-Пф-2601";"29.04.2026";"СР";"3 пара (12:25-13:50)";"ЛПЗ МДК.06.02 Технология ручной дуговой сварки — 2 п/г, Подчиненнов Александр Юрьевич, Лесная"
"СП-Пф-2601";"29.04.2026";"СР";"4 пара (14:00-15:25)";"-"
"СП-Пф-2601";"29.04.2026";"СР";"5 пара (15:35-16:55)";"-"
"СП-Пф-2601";"29.04.2026";"СР";"6 пара (17:05-18:25)";"-"
"СП-Пф-2601";"29.04.2026";"СР";"7 пара (18:35-19:55)";"-"
"СП-Пф-2601";"30.04.2026";"ЧТ";"1 пара (08:30-09:55)";"УП.03 (УП утро 08:30-12:30) — 2 п/г, Верхнев Николай Александрович, Лесная"
"СП-Пф-2601";"30.04.2026";"ЧТ";"2 пара (10:05-11:30)";"УП.03 (УП утро 08:30-12:30) — 2 п/г, Верхнев Николай Александрович, Лесная"
"СП-Пф-2601";"30.04.2026";"ЧТ";"3 пара (12:25-13:50)";"-"
"СП-Пф-2601";"30.04.2026";"ЧТ";"4 пара (14:00-15:25)";"-"
"СП-Пф-2601";"30.04.2026";"ЧТ";"5 пара (15:35-16:55)";"-"
"СП-Пф-2601";"30.04.2026";"ЧТ";"6 пара (17:05-18:25)";"-"
"СП-Пф-2601";"30.04.2026";"ЧТ";"7 пара (18:35-19:55)";"-"
"СП-Пф-2601";"04.05.2026";"ПН";"1 пара (09:15-10:40)";"УП.03 (УП утро 09:00-13:00) — 1 п/г, Верхнев Николай Александрович, Лесная"
"СП-Пф-2601";"04.05.2026";"ПН";"2 пара (10:50-12:15)";"УП.03 (УП утро 09:00-13:00) — 1 п/г, Верхнев Николай Александрович, Лесная"
"СП-Пф-2601";"04.05.2026";"ПН";"3 пара (13:10-14:35)";"-"
"СП-Пф-2601";"04.05.2026";"ПН";"4 пара (14:45-16:10)";"-"
"СП-Пф-2601";"04.05.2026";"ПН";"5 пара (16:20-17:40)";"-"
"СП-Пф-2601";"04.05.2026";"ПН";"6 пара (17:50-19:10)";"-"
"СП-Пф-2601";"04.05.2026";"ПН";"7 пара (19:20-20:40)";"-"
"СП-Пф-2601";"05.05.2026";"ВТ";"1 пара (08:30-09:55)";"УП.03 (УП утро 08:30-12:30) — 2 п/г, Верхнев Николай Александрович, Лесная"
"СП-Пф-2601";"05.05.2026";"ВТ";"2 пара (10:05-11:30)";"УП.03 (УП утро 08:30-12:30) — 2 п/г, Верхнев Николай Александрович, Лесная"
"СП-Пф-2601";"05.05.2026";"ВТ";"3 пара (12:25-13:50)";"-"
"СП-Пф-2601";"05.05.2026";"ВТ";"4 пара (14:00-15:25)";"-"
"СП-Пф-2601";"05.05.2026";"ВТ";"5 пара (15:35-16:55)";"-"
"СП-Пф-2601";"05.05.2026";"ВТ";"6 пара (17:05-18:25)";"-"
"СП-Пф-2601";"05.05.2026";"ВТ";"7 пара (18:35-19:55)";"-"
"СП-Пф-2601";"11.05.2026";"ПН";"1 пара (09:15-10:40)";"УП.03 (УП утро 09:00-13:00) — 2 п/г, Верхнев Николай Александрович, Лесная"
"СП-Пф-2601";"11.05.2026";"ПН";"2 пара (10:50-12:15)";"УП.03 (УП утро 09:00-13:00) — 2 п/г, Верхнев Николай Александрович, Лесная"
"СП-Пф-2601";"11.05.2026";"ПН";"3 пара (13:10-14:35)";"-"
"СП-Пф-2601";"11.05.2026";"ПН";"4 пара (14:45-16:10)";"-"
"СП-Пф-2601";"11.05.2026";"ПН";"5 пара (16:20-17:40)";"-"
"СП-Пф-2601";"11.05.2026";"ПН";"6 пара (17:50-19:10)";"-"
"СП-Пф-2601";"11.05.2026";"ПН";"7 пара (19:20-20:40)";"-"
"СП-Пф-2601";"18.05.2026";"ПН";"1 пара (09:15-10:40)";"УП.03 (УП утро 09:00-13:00) — 2 п/г, Верхнев Николай Александрович, Лесная"
"СП-Пф-2601";"18.05.2026";"ПН";"2 пара (10:50-12:15)";"УП.03 (УП утро 09:00-13:00) — 2 п/г, Верхнев Николай Александрович, Лесная"
"СП-Пф-2601";"18.05.2026";"ПН";"3 пара (13:10-14:35)";"-"
"СП-Пф-2601";"18.05.2026";"ПН";"4 пара (14:45-16:10)";"-"
"СП-Пф-2601";"18.05.2026";"ПН";"5 пара (16:20-17:40)";"-"
"СП-Пф-2601";"18.05.2026";"ПН";"6 пара (17:50-19:10)";"-"
"СП-Пф-2601";"18.05.2026";"ПН";"7 пара (19:20-20:40)";"-"
"СП-Пф-2601";"29.05.2026";"ПТ";"1 пара (08:30-09:55)";"УП.05 (УП утро 08:30-12:30) — 1 п/г, Подчиненнов Александр Юрьевич, Лесная"
"СП-Пф-2601";"29.05.2026";"ПТ";"2 пара (10:05-11:30)";"УП.05 (УП утро 08:30-12:30) — 1 п/г, Подчиненнов Александр Юрьевич, Лесная"
"СП-Пф-2601";"29.05.2026";"ПТ";"3 пара (12:25-13:50)";"-"
"СП-Пф-2601";"29.05.2026";"ПТ";"4 пара (14:00-15:25)";"-"
"СП-Пф-2601";"29.05.2026";"ПТ";"5 пара (15:35-16:55)";"-"
"СП-Пф-2601";"29.05.2026";"ПТ";"6 пара (17:05-18:25)";"-"
"СП-Пф-2601";"29.05.2026";"ПТ";"7 пара (18:35-19:55)";"-"
"СП-Пф-2601";"30.05.2026";"СБ";"1 пара (08:30-09:45)";"УП.05 (УП утро 08:30-12:00) — 2 п/г, Подчиненнов Александр Юрьевич, Лесная"
"СП-Пф-2601";"30.05.2026";"СБ";"2 пара (09:55-11:10)";"УП.05 (УП утро 08:30-12:00) — 2 п/г, Подчиненнов Александр Юрьевич, Лесная"
"СП-Пф-2601";"30.05.2026";"СБ";"3 пара (11:30-12:45)";"-"
"СП-Пф-2601";"30.05.2026";"СБ";"4 пара (12:55-14:10)";"-"
"СП-Пф-2601";"30.05.2026";"СБ";"5 пара (14:20-15:30)";"-"
"СП-Пф-2601";"30.05.2026";"СБ";"6 пара (15:40-16:50)";"-"
"СП-Пф-2601";"30.05.2026";"СБ";"7 пара (17:00-18:10)";"-"
"СП-Пф-2602п";"12.01.2026";"ПН";"1 пара (09:15-10:40)";"Химия — вся группа, Семенова Лилиана Ивановна, Лесная"
"СП-Пф-2602п";"12.01.2026";"ПН";"2 пара (10:50-12:15)";"Химия — вся группа, Семенова Лилиана Ивановна, Лесная"
"СП-Пф-2602п";"12.01.2026";"ПН";"3 пара (13:10-14:35)";"Иностранный язык в профессиональной деятельности — вся группа, Ермолина Ирина Павловна, Лесная"
"СП-Пф-2602п";"12.01.2026";"ПН";"4 пара (14:45-16:10)";"Иностранный язык в профессиональной деятельности — вся группа, Ермолина Ирина Павловна, Лесная"
"СП-Пф-2602п";"12.01.2026";"ПН";"5 пара (16:20-17:40)";"Иностранный язык в профессиональной деятельности — вся группа, Ермолина Ирина Павловна, Лесная"
"СП-Пф-2602п";"12.01.2026";"ПН";"6 пара (17:50-19:10)";"-"
"СП-Пф-2602п";"12.01.2026";"ПН";"7 пара (19:20-20:40)";"-"
"СП-Пф-2602п";"13.01.2026";"ВТ";"1 пара (08:30-09:55)";"-"
"СП-Пф-2602п";"13.01.2026";"ВТ";"2 пара (10:05-11:30)";"-"
"СП-Пф-2602п";"13.01.2026";"ВТ";"3 пара (12:25-13:50)";"Химия — вся группа, Семенова Лилиана Ивановна, Лесная"
"СП-Пф-2602п";"13.01.2026";"ВТ";"4 пара (14:00-15:25)";"Химия — вся группа, Семенова Лилиана Ивановна, Лесная"
"СП-Пф-2602п";"13.01.2026";"ВТ";"5 пара (15:35-16:55)";"География — вся группа, Кропотова Анастасия Андреевна, Лесная"
"СП-Пф-2602п";"13.01.2026";"ВТ";"6 пара (17:05-18:25)";"География — вся группа, Кропотова Анастасия Андреевна, Лесная"
"СП-Пф-2602п";"13.01.2026";"ВТ";"7 пара (18:35-19:55)";"География — вся группа, Кропотова Анастасия Андреевна, Лесная"
"СП-Пф-2602п";"14.01.2026";"СР";"1 пара (08:30-09:55)";"География — вся группа, Кропотова Анастасия Андреевна, Лесная"
"СП-Пф-2602п";"14.01.2026";"СР";"2 пара (10:05-11:30)";"География — вся группа, Кропотова Анастасия Андреевна, Лесная"
"СП-Пф-2602п";"14.01.2026";"СР";"3 пара (12:25-13:50)";"География — вся группа, Кропотова Анастасия Андреевна, Лесная"
"СП-Пф-2602п";"14.01.2026";"СР";"4 пара (14:00-15:25)";"География — вся группа, Кропотова Анастасия Андреевна, Лесная"
"СП-Пф-2602п";"14.01.2026";"СР";"5 пара (15:35-16:55)";"География — вся группа, Кропотова Анастасия Андреевна, Лесная"
"СП-Пф-2602п";"14.01.2026";"СР";"6 пара (17:05-18:25)";"-"
"СП-Пф-2602п";"14.01.2026";"СР";"7 пара (18:35-19:55)";"-"
"СП-Пф-2602п";"15.01.2026";"ЧТ";"1 пара (08:30-09:55)";"УП.05 (УП утро 08:30-12:30) — вся группа, Подчиненнов Александр Юрьевич, Лесная"
"СП-Пф-2602п";"15.01.2026";"ЧТ";"2 пара (10:05-11:30)";"УП.05 (УП утро 08:30-12:30) — вся группа, Подчиненнов Александр Юрьевич, Лесная"
"СП-Пф-2602п";"15.01.2026";"ЧТ";"3 пара (12:25-13:50)";"-"
"СП-Пф-2602п";"15.01.2026";"ЧТ";"4 пара (14:00-15:25)";"-"
"СП-Пф-2602п";"15.01.2026";"ЧТ";"5 пара (15:35-16:55)";"-"
"СП-Пф-2602п";"15.01.2026";"ЧТ";"6 пара (17:05-18:25)";"-"
"СП-Пф-2602п";"15.01.2026";"ЧТ";"7 пара (18:35-19:55)";"-"
"СП-Пф-2602п";"16.01.2026";"ПТ";"1 пара (08:30-09:55)";"География — вся группа, Кропотова Анастасия Андреевна, Лесная"
"СП-Пф-2602п";"16.01.2026";"ПТ";"2 пара (10:05-11:30)";"Химия — вся группа, Семенова Лилиана Ивановна, Лесная"
"СП-Пф-2602п";"16.01.2026";"ПТ";"3 пара (12:25-13:50)";"Химия — вся группа, Семенова Лилиана Ивановна, Лесная"
"СП-Пф-2602п";"16.01.2026";"ПТ";"4 пара (14:00-15:25)";"Химия — вся группа, Семенова Лилиана Ивановна, Лесная"
"СП-Пф-2602п";"16.01.2026";"ПТ";"5 пара (15:35-16:55)";"Химия — вся группа, Семенова Лилиана Ивановна, Лесная"
"СП-Пф-2602п";"16.01.2026";"ПТ";"6 пара (17:05-18:25)";"-"
"СП-Пф-2602п";"16.01.2026";"ПТ";"7 пара (18:35-19:55)";"-"
"СП-Пф-2602п";"17.01.2026";"СБ";"1 пара (08:30-09:45)";"Химия — вся группа, Семенова Лилиана Ивановна, Лесная"
"СП-Пф-2602п";"17.01.2026";"СБ";"2 пара (09:55-11:10)";"Основы финансовой грамотности — вся группа, Елагина Ольга Александровна, Лесная"
"СП-Пф-2602п";"17.01.2026";"СБ";"3 пара (11:30-12:45)";"Основы финансовой грамотности — вся группа, Елагина Ольга Александровна, Лесная"
"СП-Пф-2602п";"17.01.2026";"СБ";"4 пара (12:55-14:10)";"Основы финансовой грамотности — вся группа, Елагина Ольга Александровна, Лесная"
"СП-Пф-2602п";"17.01.2026";"СБ";"5 пара (14:20-15:30)";"Основы финансовой грамотности — вся группа, Елагина Ольга Александровна, Лесная"
"СП-Пф-2602п";"17.01.2026";"СБ";"6 пара (15:40-16:50)";"-"
"СП-Пф-2602п";"17.01.2026";"СБ";"7 пара (17:00-18:10)";"-"
"СП-Пф-2602п";"19.01.2026";"ПН";"1 пара (09:15-10:40)";"-"
"СП-Пф-2602п";"19.01.2026";"ПН";"2 пара (10:50-12:15)";"-"
"СП-Пф-2602п";"19.01.2026";"ПН";"3 пара (13:10-14:35)";"Иностранный язык в профессиональной деятельности — вся группа, Ермолина Ирина Павловна, Лесная"
"СП-Пф-2602п";"19.01.2026";"ПН";"4 пара (14:45-16:10)";"Иностранный язык в профессиональной деятельности — вся группа, Ермолина Ирина Павловна, Лесная"
"СП-Пф-2602п";"19.01.2026";"ПН";"5 пара (16:20-17:40)";"Иностранный язык в профессиональной деятельности — вся группа, Ермолина Ирина Павловна, Лесная"
"СП-Пф-2602п";"19.01.2026";"ПН";"6 пара (17:50-19:10)";"История России — вся группа, Цимфер Татьяна Ивановна, Лесная"
"СП-Пф-2602п";"19.01.2026";"ПН";"7 пара (19:20-20:40)";"История России — вся группа, Цимфер Татьяна Ивановна, Лесная"
"СП-Пф-2602п";"20.01.2026";"ВТ";"1 пара (08:30-09:55)";"-"
"СП-Пф-2602п";"20.01.2026";"ВТ";"2 пара (10:05-11:30)";"-"
"СП-Пф-2602п";"20.01.2026";"ВТ";"3 пара (12:25-13:50)";"Основы финансовой грамотности — вся группа, Елагина Ольга Александровна, Лесная"
"СП-Пф-2602п";"20.01.2026";"ВТ";"4 пара (14:00-15:25)";"Основы финансовой грамотности — вся группа, Елагина Ольга Александровна, Лесная"
"СП-Пф-2602п";"20.01.2026";"ВТ";"5 пара (15:35-16:55)";"Основы финансовой грамотности — вся группа, Елагина Ольга Александровна, Лесная"
"СП-Пф-2602п";"20.01.2026";"ВТ";"6 пара (17:05-18:25)";"История России — вся группа, Цимфер Татьяна Ивановна, Лесная"
"СП-Пф-2602п";"20.01.2026";"ВТ";"7 пара (18:35-19:55)";"История России — вся группа, Цимфер Татьяна Ивановна, Лесная"
"СП-Пф-2602п";"21.01.2026";"СР";"1 пара (08:30-09:55)";"-"
"СП-Пф-2602п";"21.01.2026";"СР";"2 пара (10:05-11:30)";"-"
"СП-Пф-2602п";"21.01.2026";"СР";"3 пара (12:25-13:50)";"Основы финансовой грамотности — вся группа, Елагина Ольга Александровна, Лесная"
"СП-Пф-2602п";"21.01.2026";"СР";"4 пара (14:00-15:25)";"Основы финансовой грамотности — вся группа, Елагина Ольга Александровна, Лесная"
"СП-Пф-2602п";"21.01.2026";"СР";"5 пара (15:35-16:55)";"Основы финансовой грамотности — вся группа, Елагина Ольга Александровна, Лесная"
"СП-Пф-2602п";"21.01.2026";"СР";"6 пара (17:05-18:25)";"История России — вся группа, Цимфер Татьяна Ивановна, Лесная"
"СП-Пф-2602п";"21.01.2026";"СР";"7 пара (18:35-19:55)";"История России — вся группа, Цимфер Татьяна Ивановна, Лесная"
"СП-Пф-2602п";"22.01.2026";"ЧТ";"1 пара (08:30-09:55)";"УП.05 (УП утро 08:30-12:30) — вся группа, Подчиненнов Александр Юрьевич, Лесная"
"СП-Пф-2602п";"22.01.2026";"ЧТ";"2 пара (10:05-11:30)";"УП.05 (УП утро 08:30-12:30) — вся группа, Подчиненнов Александр Юрьевич, Лесная"
"СП-Пф-2602п";"22.01.2026";"ЧТ";"3 пара (12:25-13:50)";"-"
"СП-Пф-2602п";"22.01.2026";"ЧТ";"4 пара (14:00-15:25)";"-"
"СП-Пф-2602п";"22.01.2026";"ЧТ";"5 пара (15:35-16:55)";"-"
"СП-Пф-2602п";"22.01.2026";"ЧТ";"6 пара (17:05-18:25)";"-"
"СП-Пф-2602п";"22.01.2026";"ЧТ";"7 пара (18:35-19:55)";"-"
"СП-Пф-2602п";"23.01.2026";"ПТ";"1 пара (08:30-09:55)";"История России — вся группа, Цимфер Татьяна Ивановна, Лесная"
"СП-Пф-2602п";"23.01.2026";"ПТ";"2 пара (10:05-11:30)";"История России — вся группа, Цимфер Татьяна Ивановна, Лесная"
"СП-Пф-2602п";"23.01.2026";"ПТ";"3 пара (12:25-13:50)";"История России — вся группа, Цимфер Татьяна Ивановна, Лесная"
"СП-Пф-2602п";"23.01.2026";"ПТ";"4 пара (14:00-15:25)";"История России — вся группа, Цимфер Татьяна Ивановна, Лесная"
"СП-Пф-2602п";"23.01.2026";"ПТ";"5 пара (15:35-16:55)";"История России — вся группа, Цимфер Татьяна Ивановна, Лесная"
"СП-Пф-2602п";"23.01.2026";"ПТ";"6 пара (17:05-18:25)";"-"
"СП-Пф-2602п";"23.01.2026";"ПТ";"7 пара (18:35-19:55)";"-"
"СП-Пф-2602п";"24.01.2026";"СБ";"1 пара (08:30-09:45)";"История России — вся группа, Цимфер Татьяна Ивановна, Лесная"
"СП-Пф-2602п";"24.01.2026";"СБ";"2 пара (09:55-11:10)";"История России — вся группа, Цимфер Татьяна Ивановна, Лесная"
"СП-Пф-2602п";"24.01.2026";"СБ";"3 пара (11:30-12:45)";"История России — вся группа, Цимфер Татьяна Ивановна, Лесная"
"СП-Пф-2602п";"24.01.2026";"СБ";"4 пара (12:55-14:10)";"История России — вся группа, Цимфер Татьяна Ивановна, Лесная"
"СП-Пф-2602п";"24.01.2026";"СБ";"5 пара (14:20-15:30)";"История России — вся группа, Цимфер Татьяна Ивановна, Лесная"
"СП-Пф-2602п";"24.01.2026";"СБ";"6 пара (15:40-16:50)";"-"
"СП-Пф-2602п";"24.01.2026";"СБ";"7 пара (17:00-18:10)";"-"
"СП-Пф-2602п";"26.01.2026";"ПН";"1 пара (09:15-10:40)";"УП.05 (УП утро 09:00-13:00) — вся группа, Подчиненнов Александр Юрьевич, Лесная"
"СП-Пф-2602п";"26.01.2026";"ПН";"2 пара (10:50-12:15)";"УП.05 (УП утро 09:00-13:00) — вся группа, Подчиненнов Александр Юрьевич, Лесная"
"СП-Пф-2602п";"26.01.2026";"ПН";"3 пара (13:10-14:35)";"-"
"СП-Пф-2602п";"26.01.2026";"ПН";"4 пара (14:45-16:10)";"-"
"СП-Пф-2602п";"26.01.2026";"ПН";"5 пара (16:20-17:40)";"-"
"СП-Пф-2602п";"26.01.2026";"ПН";"6 пара (17:50-19:10)";"-"
"СП-Пф-2602п";"26.01.2026";"ПН";"7 пара (19:20-20:40)";"-"
"СП-Пф-2602п";"27.01.2026";"ВТ";"1 пара (08:30-09:55)";"Иностранный язык в профессиональной деятельности — вся группа, Ермолина Ирина Павловна, Лесная"
"СП-Пф-2602п";"27.01.2026";"ВТ";"2 пара (10:05-11:30)";"Иностранный язык в профессиональной деятельности — вся группа, Ермолина Ирина Павловна, Лесная"
"СП-Пф-2602п";"27.01.2026";"ВТ";"3 пара (12:25-13:50)";"Иностранный язык в профессиональной деятельности — вся группа, Ермолина Ирина Павловна, Лесная"
"СП-Пф-2602п";"27.01.2026";"ВТ";"4 пара (14:00-15:25)";"История России — вся группа, Цимфер Татьяна Ивановна, Лесная"
"СП-Пф-2602п";"27.01.2026";"ВТ";"5 пара (15:35-16:55)";"История России — вся группа, Цимфер Татьяна Ивановна, Лесная"
"СП-Пф-2602п";"27.01.2026";"ВТ";"6 пара (17:05-18:25)";"-"
"СП-Пф-2602п";"27.01.2026";"ВТ";"7 пара (18:35-19:55)";"-"
"СП-Пф-2602п";"28.01.2026";"СР";"1 пара (08:30-09:55)";"Иностранный язык в профессиональной деятельности — вся группа, Ермолина Ирина Павловна, Лесная"
"СП-Пф-2602п";"28.01.2026";"СР";"2 пара (10:05-11:30)";"Иностранный язык в профессиональной деятельности — вся группа, Ермолина Ирина Павловна, Лесная"
"СП-Пф-2602п";"28.01.2026";"СР";"3 пара (12:25-13:50)";"Иностранный язык в профессиональной деятельности — вся группа, Ермолина Ирина Павловна, Лесная"
"СП-Пф-2602п";"28.01.2026";"СР";"4 пара (14:00-15:25)";"Иностранный язык в профессиональной деятельности — вся группа, Ермолина Ирина Павловна, Лесная"
"СП-Пф-2602п";"28.01.2026";"СР";"5 пара (15:35-16:55)";"Иностранный язык в профессиональной деятельности — вся группа, Ермолина Ирина Павловна, Лесная"
"СП-Пф-2602п";"28.01.2026";"СР";"6 пара (17:05-18:25)";"-"
"СП-Пф-2602п";"28.01.2026";"СР";"7 пара (18:35-19:55)";"-"
"СП-Пф-2602п";"29.01.2026";"ЧТ";"1 пара (08:30-09:55)";"УП.01 (УП утро 08:30-12:30) — вся группа, Горин Максим Валерьевич, Лесная"
"СП-Пф-2602п";"29.01.2026";"ЧТ";"2 пара (10:05-11:30)";"УП.01 (УП утро 08:30-12:30) — вся группа, Горин Максим Валерьевич, Лесная"
"СП-Пф-2602п";"29.01.2026";"ЧТ";"3 пара (12:25-13:50)";"-"
"СП-Пф-2602п";"29.01.2026";"ЧТ";"4 пара (14:00-15:25)";"-"
"СП-Пф-2602п";"29.01.2026";"ЧТ";"5 пара (15:35-16:55)";"-"
"СП-Пф-2602п";"29.01.2026";"ЧТ";"6 пара (17:05-18:25)";"-"
"СП-Пф-2602п";"29.01.2026";"ЧТ";"7 пара (18:35-19:55)";"-"
"СП-Пф-2602п";"30.01.2026";"ПТ";"1 пара (08:30-09:55)";"Иностранный язык в профессиональной деятельности — вся группа, Ермолина Ирина Павловна, Лесная"
"СП-Пф-2602п";"30.01.2026";"ПТ";"2 пара (10:05-11:30)";"Иностранный язык в профессиональной деятельности — вся группа, Ермолина Ирина Павловна, Лесная"
"СП-Пф-2602п";"30.01.2026";"ПТ";"3 пара (12:25-13:50)";"Иностранный язык в профессиональной деятельности — вся группа, Ермолина Ирина Павловна, Лесная"
"СП-Пф-2602п";"30.01.2026";"ПТ";"4 пара (14:00-15:25)";"Иностранный язык в профессиональной деятельности — вся группа, Ермолина Ирина Павловна, Лесная"
"СП-Пф-2602п";"30.01.2026";"ПТ";"5 пара (15:35-16:55)";"Иностранный язык в профессиональной деятельности — вся группа, Ермолина Ирина Павловна, Лесная"
"СП-Пф-2602п";"30.01.2026";"ПТ";"6 пара (17:05-18:25)";"-"
"СП-Пф-2602п";"30.01.2026";"ПТ";"7 пара (18:35-19:55)";"-"
"СП-Пф-2602п";"31.01.2026";"СБ";"1 пара (08:30-09:45)";"Иностранный язык в профессиональной деятельности — вся группа, Ермолина Ирина Павловна, Лесная"
"СП-Пф-2602п";"31.01.2026";"СБ";"2 пара (09:55-11:10)";"Основы финансовой грамотности — вся группа, Елагина Ольга Александровна, Лесная"
"СП-Пф-2602п";"31.01.2026";"СБ";"3 пара (11:30-12:45)";"Основы финансовой грамотности — вся группа, Елагина Ольга Александровна, Лесная"
"СП-Пф-2602п";"31.01.2026";"СБ";"4 пара (12:55-14:10)";"Основы финансовой грамотности — вся группа, Елагина Ольга Александровна, Лесная"
"СП-Пф-2602п";"31.01.2026";"СБ";"5 пара (14:20-15:30)";"Основы финансовой грамотности — вся группа, Елагина Ольга Александровна, Лесная"
"СП-Пф-2602п";"31.01.2026";"СБ";"6 пара (15:40-16:50)";"-"
"СП-Пф-2602п";"31.01.2026";"СБ";"7 пара (17:00-18:10)";"-"
"СП-Пф-2602п";"02.02.2026";"ПН";"1 пара (09:15-10:40)";"УП.01 (УП утро 09:00-13:00) — вся группа, Горин Максим Валерьевич, Лесная"
"СП-Пф-2602п";"02.02.2026";"ПН";"2 пара (10:50-12:15)";"УП.01 (УП утро 09:00-13:00) — вся группа, Горин Максим Валерьевич, Лесная"
"СП-Пф-2602п";"02.02.2026";"ПН";"3 пара (13:10-14:35)";"-"
"СП-Пф-2602п";"02.02.2026";"ПН";"4 пара (14:45-16:10)";"-"
"СП-Пф-2602п";"02.02.2026";"ПН";"5 пара (16:20-17:40)";"-"
"СП-Пф-2602п";"02.02.2026";"ПН";"6 пара (17:50-19:10)";"-"
"СП-Пф-2602п";"02.02.2026";"ПН";"7 пара (19:20-20:40)";"-"
"СП-Пф-2602п";"03.02.2026";"ВТ";"1 пара (08:30-09:55)";"Основы финансовой грамотности — вся группа, Елагина Ольга Александровна, Лесная"
"СП-Пф-2602п";"03.02.2026";"ВТ";"2 пара (10:05-11:30)";"Основы финансовой грамотности — вся группа, Елагина Ольга Александровна, Лесная"
"СП-Пф-2602п";"03.02.2026";"ВТ";"3 пара (12:25-13:50)";"Техническая механика — вся группа, Абрамчук Раида Филимазовна, Лесная"
"СП-Пф-2602п";"03.02.2026";"ВТ";"4 пара (14:00-15:25)";"Техническая механика — вся группа, Абрамчук Раида Филимазовна, Лесная"
"СП-Пф-2602п";"03.02.2026";"ВТ";"5 пара (15:35-16:55)";"Техническая механика — вся группа, Абрамчук Раида Филимазовна, Лесная"
"СП-Пф-2602п";"03.02.2026";"ВТ";"6 пара (17:05-18:25)";"-"
"СП-Пф-2602п";"03.02.2026";"ВТ";"7 пара (18:35-19:55)";"-"
"СП-Пф-2602п";"04.02.2026";"СР";"1 пара (08:30-09:55)";"-"
"СП-Пф-2602п";"04.02.2026";"СР";"2 пара (10:05-11:30)";"-"
"СП-Пф-2602п";"04.02.2026";"СР";"3 пара (12:25-13:50)";"Основы финансовой грамотности — вся группа, Елагина Ольга Александровна, Лесная"
"СП-Пф-2602п";"04.02.2026";"СР";"4 пара (14:00-15:25)";"Основы финансовой грамотности — вся группа, Елагина Ольга Александровна, Лесная"
"СП-Пф-2602п";"04.02.2026";"СР";"5 пара (15:35-16:55)";"Техническая механика — вся группа, Абрамчук Раида Филимазовна, Лесная"
"СП-Пф-2602п";"04.02.2026";"СР";"6 пара (17:05-18:25)";"Физическая культура — вся группа, Нуров Мирзо Нуралиевич, Лесная"
"СП-Пф-2602п";"04.02.2026";"СР";"7 пара (18:35-19:55)";"Физическая культура — вся группа, Нуров Мирзо Нуралиевич, Лесная"
"СП-Пф-2602п";"05.02.2026";"ЧТ";"1 пара (08:30-09:55)";"-"
"СП-Пф-2602п";"05.02.2026";"ЧТ";"2 пара (10:05-11:30)";"-"
"СП-Пф-2602п";"05.02.2026";"ЧТ";"3 пара (12:25-13:50)";"Техническая механика — вся группа, Абрамчук Раида Филимазовна, Лесная"
"СП-Пф-2602п";"05.02.2026";"ЧТ";"4 пара (14:00-15:25)";"Техническая механика — вся группа, Абрамчук Раида Филимазовна, Лесная"
"СП-Пф-2602п";"05.02.2026";"ЧТ";"5 пара (15:35-16:55)";"Техническая механика — вся группа, Абрамчук Раида Филимазовна, Лесная"
"СП-Пф-2602п";"05.02.2026";"ЧТ";"6 пара (17:05-18:25)";"Физическая культура — вся группа, Нуров Мирзо Нуралиевич, Лесная"
"СП-Пф-2602п";"05.02.2026";"ЧТ";"7 пара (18:35-19:55)";"Физическая культура — вся группа, Нуров Мирзо Нуралиевич, Лесная"
"СП-Пф-2602п";"06.02.2026";"ПТ";"1 пара (08:30-09:55)";"Техническая механика — вся группа, Абрамчук Раида Филимазовна, Лесная"
"СП-Пф-2602п";"06.02.2026";"ПТ";"2 пара (10:05-11:30)";"Техническая механика — вся группа, Абрамчук Раида Филимазовна, Лесная"
"СП-Пф-2602п";"06.02.2026";"ПТ";"3 пара (12:25-13:50)";"Техническая механика — вся группа, Абрамчук Раида Филимазовна, Лесная"
"СП-Пф-2602п";"06.02.2026";"ПТ";"4 пара (14:00-15:25)";"Техническая механика — вся группа, Абрамчук Раида Филимазовна, Лесная"
"СП-Пф-2602п";"06.02.2026";"ПТ";"5 пара (15:35-16:55)";"Техническая механика — вся группа, Абрамчук Раида Филимазовна, Лесная"
"СП-Пф-2602п";"06.02.2026";"ПТ";"6 пара (17:05-18:25)";"-"
"СП-Пф-2602п";"06.02.2026";"ПТ";"7 пара (18:35-19:55)";"-"
"СП-Пф-2602п";"07.02.2026";"СБ";"1 пара (08:30-09:45)";"Техническая механика — вся группа, Абрамчук Раида Филимазовна, Лесная"
"СП-Пф-2602п";"07.02.2026";"СБ";"2 пара (09:55-11:10)";"Техническая механика — вся группа, Абрамчук Раида Филимазовна, Лесная"
"СП-Пф-2602п";"07.02.2026";"СБ";"3 пара (11:30-12:45)";"Техническая механика — вся группа, Абрамчук Раида Филимазовна, Лесная"
"СП-Пф-2602п";"07.02.2026";"СБ";"4 пара (12:55-14:10)";"Техническая механика — вся группа, Абрамчук Раида Филимазовна, Лесная"
"СП-Пф-2602п";"07.02.2026";"СБ";"5 пара (14:20-15:30)";"Техническая механика — вся группа, Абрамчук Раида Филимазовна, Лесная"
"СП-Пф-2602п";"07.02.2026";"СБ";"6 пара (15:40-16:50)";"-"
"СП-Пф-2602п";"07.02.2026";"СБ";"7 пара (17:00-18:10)";"-"
"СП-Пф-2602п";"09.02.2026";"ПН";"1 пара (09:15-10:40)";"УП.01 (УП утро 09:00-13:00) — вся группа, Горин Максим Валерьевич, Лесная"
"СП-Пф-2602п";"09.02.2026";"ПН";"2 пара (10:50-12:15)";"УП.01 (УП утро 09:00-13:00) — вся группа, Горин Максим Валерьевич, Лесная"
"СП-Пф-2602п";"09.02.2026";"ПН";"3 пара (13:10-14:35)";"-"
"СП-Пф-2602п";"09.02.2026";"ПН";"4 пара (14:45-16:10)";"-"
"СП-Пф-2602п";"09.02.2026";"ПН";"5 пара (16:20-17:40)";"-"
"СП-Пф-2602п";"09.02.2026";"ПН";"6 пара (17:50-19:10)";"-"
"СП-Пф-2602п";"09.02.2026";"ПН";"7 пара (19:20-20:40)";"-"
"СП-Пф-2602п";"10.02.2026";"ВТ";"1 пара (08:30-09:55)";"-"
"СП-Пф-2602п";"10.02.2026";"ВТ";"2 пара (10:05-11:30)";"-"
"СП-Пф-2602п";"10.02.2026";"ВТ";"3 пара (12:25-13:50)";"Техническая механика — вся группа, Абрамчук Раида Филимазовна, Лесная"
"СП-Пф-2602п";"10.02.2026";"ВТ";"4 пара (14:00-15:25)";"Физическая культура — вся группа, Нуров Мирзо Нуралиевич, Лесная"
"СП-Пф-2602п";"10.02.2026";"ВТ";"5 пара (15:35-16:55)";"Физическая культура — вся группа, Нуров Мирзо Нуралиевич, Лесная"
"СП-Пф-2602п";"10.02.2026";"ВТ";"6 пара (17:05-18:25)";"Физическая культура — вся группа, Нуров Мирзо Нуралиевич, Лесная"
"СП-Пф-2602п";"10.02.2026";"ВТ";"7 пара (18:35-19:55)";"Физическая культура — вся группа, Нуров Мирзо Нуралиевич, Лесная"
"СП-Пф-2602п";"11.02.2026";"СР";"1 пара (08:30-09:55)";"Физическая культура — вся группа, Нуров Мирзо Нуралиевич, Лесная"
"СП-Пф-2602п";"11.02.2026";"СР";"2 пара (10:05-11:30)";"Физическая культура — вся группа, Нуров Мирзо Нуралиевич, Лесная"
"СП-Пф-2602п";"11.02.2026";"СР";"3 пара (12:25-13:50)";"Физическая культура — вся группа, Нуров Мирзо Нуралиевич, Лесная"
"СП-Пф-2602п";"11.02.2026";"СР";"4 пара (14:00-15:25)";"Физическая культура — вся группа, Нуров Мирзо Нуралиевич, Лесная"
"СП-Пф-2602п";"11.02.2026";"СР";"5 пара (15:35-16:55)";"Физическая культура — вся группа, Нуров Мирзо Нуралиевич, Лесная"
"СП-Пф-2602п";"11.02.2026";"СР";"6 пара (17:05-18:25)";"-"
"СП-Пф-2602п";"11.02.2026";"СР";"7 пара (18:35-19:55)";"-"
"СП-Пф-2602п";"12.02.2026";"ЧТ";"1 пара (08:30-09:55)";"Физическая культура — вся группа, Нуров Мирзо Нуралиевич, Лесная"
"СП-Пф-2602п";"12.02.2026";"ЧТ";"2 пара (10:05-11:30)";"Физическая культура — вся группа, Нуров Мирзо Нуралиевич, Лесная"
"СП-Пф-2602п";"12.02.2026";"ЧТ";"3 пара (12:25-13:50)";"Физическая культура — вся группа, Нуров Мирзо Нуралиевич, Лесная"
"СП-Пф-2602п";"12.02.2026";"ЧТ";"4 пара (14:00-15:25)";"Физическая культура — вся группа, Нуров Мирзо Нуралиевич, Лесная"
"СП-Пф-2602п";"12.02.2026";"ЧТ";"5 пара (15:35-16:55)";"Физическая культура — вся группа, Нуров Мирзо Нуралиевич, Лесная"
"СП-Пф-2602п";"12.02.2026";"ЧТ";"6 пара (17:05-18:25)";"-"
"СП-Пф-2602п";"12.02.2026";"ЧТ";"7 пара (18:35-19:55)";"-"
"СП-Пф-2602п";"13.02.2026";"ПТ";"1 пара (08:30-09:55)";"Физическая культура — вся группа, Нуров Мирзо Нуралиевич, Лесная"
"СП-Пф-2602п";"13.02.2026";"ПТ";"2 пара (10:05-11:30)";"Физическая культура — вся группа, Нуров Мирзо Нуралиевич, Лесная"
"СП-Пф-2602п";"13.02.2026";"ПТ";"3 пара (12:25-13:50)";"Физическая культура — вся группа, Нуров Мирзо Нуралиевич, Лесная"
"СП-Пф-2602п";"13.02.2026";"ПТ";"4 пара (14:00-15:25)";"Физическая культура — вся группа, Нуров Мирзо Нуралиевич, Лесная"
"СП-Пф-2602п";"13.02.2026";"ПТ";"5 пара (15:35-16:55)";"Физическая культура — вся группа, Нуров Мирзо Нуралиевич, Лесная"
"СП-Пф-2602п";"13.02.2026";"ПТ";"6 пара (17:05-18:25)";"-"
"СП-Пф-2602п";"13.02.2026";"ПТ";"7 пара (18:35-19:55)";"-"
"СП-Пф-2602п";"14.02.2026";"СБ";"1 пара (08:30-09:45)";"-"
"СП-Пф-2602п";"14.02.2026";"СБ";"2 пара (09:55-11:10)";"-"
"СП-Пф-2602п";"14.02.2026";"СБ";"3 пара (11:30-12:45)";"Технологические процессы в машиностроении — вся группа, Сивилькаев Вадим Михайлович, Лесная"
"СП-Пф-2602п";"14.02.2026";"СБ";"4 пара (12:55-14:10)";"Технологические процессы в машиностроении — вся группа, Сивилькаев Вадим Михайлович, Лесная"
"СП-Пф-2602п";"14.02.2026";"СБ";"5 пара (14:20-15:30)";"Технологические процессы в машиностроении — вся группа, Сивилькаев Вадим Михайлович, Лесная"
"СП-Пф-2602п";"14.02.2026";"СБ";"6 пара (15:40-16:50)";"Техническая механика — вся группа, Абрамчук Раида Филимазовна, Лесная"
"СП-Пф-2602п";"14.02.2026";"СБ";"7 пара (17:00-18:10)";"Техническая механика — вся группа, Абрамчук Раида Филимазовна, Лесная"
"СП-Пф-2602п";"16.02.2026";"ПН";"1 пара (09:15-10:40)";"-"
"СП-Пф-2602п";"16.02.2026";"ПН";"2 пара (10:50-12:15)";"-"
"СП-Пф-2602п";"16.02.2026";"ПН";"3 пара (13:10-14:35)";"Технологические процессы в машиностроении — вся группа, Сивилькаев Вадим Михайлович, Лесная"
"СП-Пф-2602п";"16.02.2026";"ПН";"4 пара (14:45-16:10)";"Технологические процессы в машиностроении — вся группа, Сивилькаев Вадим Михайлович, Лесная"
"СП-Пф-2602п";"16.02.2026";"ПН";"5 пара (16:20-17:40)";"Технологические процессы в машиностроении — вся группа, Сивилькаев Вадим Михайлович, Лесная"
"СП-Пф-2602п";"16.02.2026";"ПН";"6 пара (17:50-19:10)";"Техническая механика — вся группа, Абрамчук Раида Филимазовна, Лесная"
"СП-Пф-2602п";"16.02.2026";"ПН";"7 пара (19:20-20:40)";"Техническая механика — вся группа, Абрамчук Раида Филимазовна, Лесная"
"СП-Пф-2602п";"17.02.2026";"ВТ";"1 пара (08:30-09:55)";"УП.03 (УП утро 08:30-12:30) — вся группа, Ахметов Артур Фанависович, Лесная"
"СП-Пф-2602п";"17.02.2026";"ВТ";"2 пара (10:05-11:30)";"УП.03 (УП утро 08:30-12:30) — вся группа, Ахметов Артур Фанависович, Лесная"
"СП-Пф-2602п";"17.02.2026";"ВТ";"3 пара (12:25-13:50)";"-"
"СП-Пф-2602п";"17.02.2026";"ВТ";"4 пара (14:00-15:25)";"-"
"СП-Пф-2602п";"17.02.2026";"ВТ";"5 пара (15:35-16:55)";"-"
"СП-Пф-2602п";"17.02.2026";"ВТ";"6 пара (17:05-18:25)";"-"
"СП-Пф-2602п";"17.02.2026";"ВТ";"7 пара (18:35-19:55)";"-"
"СП-Пф-2602п";"18.02.2026";"СР";"1 пара (08:30-09:55)";"Техническая механика — вся группа, Абрамчук Раида Филимазовна, Лесная"
"СП-Пф-2602п";"18.02.2026";"СР";"2 пара (10:05-11:30)";"Техническая механика — вся группа, Абрамчук Раида Филимазовна, Лесная"
"СП-Пф-2602п";"18.02.2026";"СР";"3 пара (12:25-13:50)";"Техническая механика — вся группа, Абрамчук Раида Филимазовна, Лесная"
"СП-Пф-2602п";"18.02.2026";"СР";"4 пара (14:00-15:25)";"Техническая механика — вся группа, Абрамчук Раида Филимазовна, Лесная"
"СП-Пф-2602п";"18.02.2026";"СР";"5 пара (15:35-16:55)";"Техническая механика — вся группа, Абрамчук Раида Филимазовна, Лесная"
"СП-Пф-2602п";"18.02.2026";"СР";"6 пара (17:05-18:25)";"-"
"СП-Пф-2602п";"18.02.2026";"СР";"7 пара (18:35-19:55)";"-"
"СП-Пф-2602п";"19.02.2026";"ЧТ";"1 пара (08:30-09:55)";"Техническая механика — вся группа, Абрамчук Раида Филимазовна, Лесная"
"СП-Пф-2602п";"19.02.2026";"ЧТ";"2 пара (10:05-11:30)";"Технология конструкционных материалов — вся группа, Ахметов Артур Фанависович, Лесная"
"СП-Пф-2602п";"19.02.2026";"ЧТ";"3 пара (12:25-13:50)";"Технология конструкционных материалов — вся группа, Ахметов Артур Фанависович, Лесная"
"СП-Пф-2602п";"19.02.2026";"ЧТ";"4 пара (14:00-15:25)";"Технология конструкционных материалов — вся группа, Ахметов Артур Фанависович, Лесная"
"СП-Пф-2602п";"19.02.2026";"ЧТ";"5 пара (15:35-16:55)";"Технология конструкционных материалов — вся группа, Ахметов Артур Фанависович, Лесная"
"СП-Пф-2602п";"19.02.2026";"ЧТ";"6 пара (17:05-18:25)";"-"
"СП-Пф-2602п";"19.02.2026";"ЧТ";"7 пара (18:35-19:55)";"-"
"СП-Пф-2602п";"20.02.2026";"ПТ";"1 пара (08:30-09:55)";"-"
"СП-Пф-2602п";"20.02.2026";"ПТ";"2 пара (10:05-11:30)";"-"
"СП-Пф-2602п";"20.02.2026";"ПТ";"3 пара (12:25-13:50)";"Технология конструкционных материалов — вся группа, Ахметов Артур Фанависович, Лесная"
"СП-Пф-2602п";"20.02.2026";"ПТ";"4 пара (14:00-15:25)";"Технология конструкционных материалов — вся группа, Ахметов Артур Фанависович, Лесная"
"СП-Пф-2602п";"20.02.2026";"ПТ";"5 пара (15:35-16:55)";"Технология конструкционных материалов — вся группа, Ахметов Артур Фанависович, Лесная"
"СП-Пф-2602п";"20.02.2026";"ПТ";"6 пара (17:05-18:25)";"Технологические процессы в машиностроении — вся группа, Сивилькаев Вадим Михайлович, Лесная"
"СП-Пф-2602п";"20.02.2026";"ПТ";"7 пара (18:35-19:55)";"Технологические процессы в машиностроении — вся группа, Сивилькаев Вадим Михайлович, Лесная"
"СП-Пф-2602п";"21.02.2026";"СБ";"1 пара (08:30-09:45)";"-"
"СП-Пф-2602п";"21.02.2026";"СБ";"2 пара (09:55-11:10)";"-"
"СП-Пф-2602п";"21.02.2026";"СБ";"3 пара (11:30-12:45)";"Технология конструкционных материалов — вся группа, Ахметов Артур Фанависович, Лесная"
"СП-Пф-2602п";"21.02.2026";"СБ";"4 пара (12:55-14:10)";"Технология конструкционных материалов — вся группа, Ахметов Артур Фанависович, Лесная"
"СП-Пф-2602п";"21.02.2026";"СБ";"5 пара (14:20-15:30)";"Компас 3D — вся группа, Подчиненнов Александр Юрьевич, Лесная"
"СП-Пф-2602п";"21.02.2026";"СБ";"6 пара (15:40-16:50)";"Технологические процессы в машиностроении — вся группа, Сивилькаев Вадим Михайлович, Лесная"
"СП-Пф-2602п";"21.02.2026";"СБ";"7 пара (17:00-18:10)";"Технологические процессы в машиностроении — вся группа, Сивилькаев Вадим Михайлович, Лесная"
"СП-Пф-2602п";"23.02.2026";"ПН";"1 пара (09:15-10:40)";"-"
"СП-Пф-2602п";"23.02.2026";"ПН";"2 пара (10:50-12:15)";"-"
"СП-Пф-2602п";"23.02.2026";"ПН";"3 пара (13:10-14:35)";"Компас 3D — вся группа, Подчиненнов Александр Юрьевич, Лесная"
"СП-Пф-2602п";"23.02.2026";"ПН";"4 пара (14:45-16:10)";"Компас 3D — вся группа, Подчиненнов Александр Юрьевич, Лесная"
"СП-Пф-2602п";"23.02.2026";"ПН";"5 пара (16:20-17:40)";"ЛПЗ Компас 3D — вся группа, Подчиненнов Александр Юрьевич, Лесная"
"СП-Пф-2602п";"23.02.2026";"ПН";"6 пара (17:50-19:10)";"Технологические процессы в машиностроении — вся группа, Сивилькаев Вадим Михайлович, Лесная"
"СП-Пф-2602п";"23.02.2026";"ПН";"7 пара (19:20-20:40)";"Технологические процессы в машиностроении — вся группа, Сивилькаев Вадим Михайлович, Лесная"
"СП-Пф-2602п";"24.02.2026";"ВТ";"1 пара (08:30-09:55)";"-"
"СП-Пф-2602п";"24.02.2026";"ВТ";"2 пара (10:05-11:30)";"-"
"СП-Пф-2602п";"24.02.2026";"ВТ";"3 пара (12:25-13:50)";"Технологические процессы в машиностроении — вся группа, Сивилькаев Вадим Михайлович, Лесная"
"СП-Пф-2602п";"24.02.2026";"ВТ";"4 пара (14:00-15:25)";"Технологические процессы в машиностроении — вся группа, Сивилькаев Вадим Михайлович, Лесная"
"СП-Пф-2602п";"24.02.2026";"ВТ";"5 пара (15:35-16:55)";"Технологические процессы в машиностроении — вся группа, Сивилькаев Вадим Михайлович, Лесная"
"СП-Пф-2602п";"24.02.2026";"ВТ";"6 пара (17:05-18:25)";"Технологические процессы в машиностроении — вся группа, Сивилькаев Вадим Михайлович, Лесная"
"СП-Пф-2602п";"24.02.2026";"ВТ";"7 пара (18:35-19:55)";"Технологические процессы в машиностроении — вся группа, Сивилькаев Вадим Михайлович, Лесная"
"СП-Пф-2602п";"25.02.2026";"СР";"1 пара (08:30-09:55)";"Технологические процессы в машиностроении — вся группа, Сивилькаев Вадим Михайлович, Лесная"
"СП-Пф-2602п";"25.02.2026";"СР";"2 пара (10:05-11:30)";"Технологические процессы в машиностроении — вся группа, Сивилькаев Вадим Михайлович, Лесная"
"СП-Пф-2602п";"25.02.2026";"СР";"3 пара (12:25-13:50)";"Технологические процессы в машиностроении — вся группа, Сивилькаев Вадим Михайлович, Лесная"
"СП-Пф-2602п";"25.02.2026";"СР";"4 пара (14:00-15:25)";"Технологические процессы в машиностроении — вся группа, Сивилькаев Вадим Михайлович, Лесная"
"СП-Пф-2602п";"25.02.2026";"СР";"5 пара (15:35-16:55)";"Технологические процессы в машиностроении — вся группа, Сивилькаев Вадим Михайлович, Лесная"
"СП-Пф-2602п";"25.02.2026";"СР";"6 пара (17:05-18:25)";"-"
"СП-Пф-2602п";"25.02.2026";"СР";"7 пара (18:35-19:55)";"-"
"СП-Пф-2602п";"26.02.2026";"ЧТ";"1 пара (08:30-09:55)";"Технологические процессы в машиностроении — вся группа, Сивилькаев Вадим Михайлович, Лесная"
"СП-Пф-2602п";"26.02.2026";"ЧТ";"2 пара (10:05-11:30)";"Технологические процессы в машиностроении — вся группа, Сивилькаев Вадим Михайлович, Лесная"
"СП-Пф-2602п";"26.02.2026";"ЧТ";"3 пара (12:25-13:50)";"Технологические процессы в машиностроении — вся группа, Сивилькаев Вадим Михайлович, Лесная"
"СП-Пф-2602п";"26.02.2026";"ЧТ";"4 пара (14:00-15:25)";"Технологические процессы в машиностроении — вся группа, Сивилькаев Вадим Михайлович, Лесная"
"СП-Пф-2602п";"26.02.2026";"ЧТ";"5 пара (15:35-16:55)";"Технологические процессы в машиностроении — вся группа, Сивилькаев Вадим Михайлович, Лесная"
"СП-Пф-2602п";"26.02.2026";"ЧТ";"6 пара (17:05-18:25)";"-"
"СП-Пф-2602п";"26.02.2026";"ЧТ";"7 пара (18:35-19:55)";"-"
"СП-Пф-2602п";"27.02.2026";"ПТ";"1 пара (08:30-09:55)";"Технологические процессы в машиностроении — вся группа, Сивилькаев Вадим Михайлович, Лесная"
"СП-Пф-2602п";"27.02.2026";"ПТ";"2 пара (10:05-11:30)";"Технологические процессы в машиностроении — вся группа, Сивилькаев Вадим Михайлович, Лесная"
"СП-Пф-2602п";"27.02.2026";"ПТ";"3 пара (12:25-13:50)";"Технологические процессы в машиностроении — вся группа, Сивилькаев Вадим Михайлович, Лесная"
"СП-Пф-2602п";"27.02.2026";"ПТ";"4 пара (14:00-15:25)";"МДК.01.01 Технология сварочных работ — вся группа, Ахметов Артур Фанависович, Лесная"
"СП-Пф-2602п";"27.02.2026";"ПТ";"5 пара (15:35-16:55)";"МДК.01.01 Технология сварочных работ — вся группа, Ахметов Артур Фанависович, Лесная"
"СП-Пф-2602п";"27.02.2026";"ПТ";"6 пара (17:05-18:25)";"-"
"СП-Пф-2602п";"27.02.2026";"ПТ";"7 пара (18:35-19:55)";"-"
"СП-Пф-2602п";"28.02.2026";"СБ";"1 пара (08:30-09:45)";"УП.03 (УП утро 08:30-12:00) — вся группа, Ахметов Артур Фанависович, Лесная"
"СП-Пф-2602п";"28.02.2026";"СБ";"2 пара (09:55-11:10)";"УП.03 (УП утро 08:30-12:00) — вся группа, Ахметов Артур Фанависович, Лесная"
"СП-Пф-2602п";"28.02.2026";"СБ";"3 пара (11:30-12:45)";"-"
"СП-Пф-2602п";"28.02.2026";"СБ";"4 пара (12:55-14:10)";"-"
"СП-Пф-2602п";"28.02.2026";"СБ";"5 пара (14:20-15:30)";"-"
"СП-Пф-2602п";"28.02.2026";"СБ";"6 пара (15:40-16:50)";"-"
"СП-Пф-2602п";"28.02.2026";"СБ";"7 пара (17:00-18:10)";"-"
"СП-Пф-2602п";"02.03.2026";"ПН";"1 пара (09:15-10:40)";"-"
"СП-Пф-2602п";"02.03.2026";"ПН";"2 пара (10:50-12:15)";"ЛПЗ Компас 3D — вся группа, Подчиненнов Александр Юрьевич, Лесная"
"СП-Пф-2602п";"02.03.2026";"ПН";"3 пара (13:10-14:35)";"ЛПЗ Компас 3D — вся группа, Подчиненнов Александр Юрьевич, Лесная"
"СП-Пф-2602п";"02.03.2026";"ПН";"4 пара (14:45-16:10)";"ЛПЗ Компас 3D — вся группа, Подчиненнов Александр Юрьевич, Лесная"
"СП-Пф-2602п";"02.03.2026";"ПН";"5 пара (16:20-17:40)";"ЛПЗ Компас 3D — вся группа, Подчиненнов Александр Юрьевич, Лесная"
"СП-Пф-2602п";"02.03.2026";"ПН";"6 пара (17:50-19:10)";"ЛПЗ Компас 3D — вся группа, Подчиненнов Александр Юрьевич, Лесная"
"СП-Пф-2602п";"02.03.2026";"ПН";"7 пара (19:20-20:40)";"-"
"СП-Пф-2602п";"03.03.2026";"ВТ";"1 пара (08:30-09:55)";"ЛПЗ Компас 3D — вся группа, Подчиненнов Александр Юрьевич, Лесная"
"СП-Пф-2602п";"03.03.2026";"ВТ";"2 пара (10:05-11:30)";"ЛПЗ Компас 3D — вся группа, Подчиненнов Александр Юрьевич, Лесная"
"СП-Пф-2602п";"03.03.2026";"ВТ";"3 пара (12:25-13:50)";"ЛПЗ Компас 3D — вся группа, Подчиненнов Александр Юрьевич, Лесная"
"СП-Пф-2602п";"03.03.2026";"ВТ";"4 пара (14:00-15:25)";"ЛПЗ Компас 3D — вся группа, Подчиненнов Александр Юрьевич, Лесная"
"СП-Пф-2602п";"03.03.2026";"ВТ";"5 пара (15:35-16:55)";"ЛПЗ Компас 3D — вся группа, Подчиненнов Александр Юрьевич, Лесная"
"СП-Пф-2602п";"03.03.2026";"ВТ";"6 пара (17:05-18:25)";"-"
"СП-Пф-2602п";"03.03.2026";"ВТ";"7 пара (18:35-19:55)";"-"
"СП-Пф-2602п";"04.03.2026";"СР";"1 пара (08:30-09:55)";"ЛПЗ Компас 3D — вся группа, Подчиненнов Александр Юрьевич, Лесная"
"СП-Пф-2602п";"04.03.2026";"СР";"2 пара (10:05-11:30)";"ЛПЗ Компас 3D — вся группа, Подчиненнов Александр Юрьевич, Лесная"
"СП-Пф-2602п";"04.03.2026";"СР";"3 пара (12:25-13:50)";"ЛПЗ Компас 3D — вся группа, Подчиненнов Александр Юрьевич, Лесная"
"СП-Пф-2602п";"04.03.2026";"СР";"4 пара (14:00-15:25)";"ЛПЗ Компас 3D — вся группа, Подчиненнов Александр Юрьевич, Лесная"
"СП-Пф-2602п";"04.03.2026";"СР";"5 пара (15:35-16:55)";"МДК.05.01 Электросварочные работы на автоматических и полуавтоматических машинах — вся группа, Лимонова Евгения Николаевна, Лесная"
"СП-Пф-2602п";"04.03.2026";"СР";"6 пара (17:05-18:25)";"-"
"СП-Пф-2602п";"04.03.2026";"СР";"7 пара (18:35-19:55)";"-"
"СП-Пф-2602п";"05.03.2026";"ЧТ";"1 пара (08:30-09:55)";"МДК.01.01 Технология сварочных работ — вся группа, Ахметов Артур Фанависович, Лесная"
"СП-Пф-2602п";"05.03.2026";"ЧТ";"2 пара (10:05-11:30)";"МДК.01.01 Технология сварочных работ — вся группа, Ахметов Артур Фанависович, Лесная"
"СП-Пф-2602п";"05.03.2026";"ЧТ";"3 пара (12:25-13:50)";"МДК.05.01 Электросварочные работы на автоматических и полуавтоматических машинах — вся группа, Лимонова Евгения Николаевна, Лесная"
"СП-Пф-2602п";"05.03.2026";"ЧТ";"4 пара (14:00-15:25)";"МДК.05.01 Электросварочные работы на автоматических и полуавтоматических машинах — вся группа, Лимонова Евгения Николаевна, Лесная"
"СП-Пф-2602п";"05.03.2026";"ЧТ";"5 пара (15:35-16:55)";"МДК.05.01 Электросварочные работы на автоматических и полуавтоматических машинах — вся группа, Лимонова Евгения Николаевна, Лесная"
"СП-Пф-2602п";"05.03.2026";"ЧТ";"6 пара (17:05-18:25)";"-"
"СП-Пф-2602п";"05.03.2026";"ЧТ";"7 пара (18:35-19:55)";"-"
"СП-Пф-2602п";"06.03.2026";"ПТ";"1 пара (08:30-09:55)";"УП.03 (УП утро 08:30-12:30) — вся группа, Ахметов Артур Фанависович, Лесная"
"СП-Пф-2602п";"06.03.2026";"ПТ";"2 пара (10:05-11:30)";"УП.03 (УП утро 08:30-12:30) — вся группа, Ахметов Артур Фанависович, Лесная"
"СП-Пф-2602п";"06.03.2026";"ПТ";"3 пара (12:25-13:50)";"-"
"СП-Пф-2602п";"06.03.2026";"ПТ";"4 пара (14:00-15:25)";"-"
"СП-Пф-2602п";"06.03.2026";"ПТ";"5 пара (15:35-16:55)";"-"
"СП-Пф-2602п";"06.03.2026";"ПТ";"6 пара (17:05-18:25)";"-"
"СП-Пф-2602п";"06.03.2026";"ПТ";"7 пара (18:35-19:55)";"-"
"СП-Пф-2602п";"07.03.2026";"СБ";"1 пара (08:30-09:45)";"МДК.01.01 Технология сварочных работ — вся группа, Ахметов Артур Фанависович, Лесная"
"СП-Пф-2602п";"07.03.2026";"СБ";"2 пара (09:55-11:10)";"МДК.01.01 Технология сварочных работ — вся группа, Ахметов Артур Фанависович, Лесная"
"СП-Пф-2602п";"07.03.2026";"СБ";"3 пара (11:30-12:45)";"ЛПЗ МДК.01.01 Технология сварочных работ — вся группа, Горин Максим Валерьевич, Лесная"
"СП-Пф-2602п";"07.03.2026";"СБ";"4 пара (12:55-14:10)";"ЛПЗ МДК.01.01 Технология сварочных работ — вся группа, Горин Максим Валерьевич, Лесная"
"СП-Пф-2602п";"07.03.2026";"СБ";"5 пара (14:20-15:30)";"ЛПЗ МДК.01.01 Технология сварочных работ — вся группа, Горин Максим Валерьевич, Лесная"
"СП-Пф-2602п";"07.03.2026";"СБ";"6 пара (15:40-16:50)";"-"
"СП-Пф-2602п";"07.03.2026";"СБ";"7 пара (17:00-18:10)";"-"
"СП-Пф-2602п";"09.03.2026";"ПН";"1 пара (09:15-10:40)";"-"
"СП-Пф-2602п";"09.03.2026";"ПН";"2 пара (10:50-12:15)";"-"
"СП-Пф-2602п";"09.03.2026";"ПН";"3 пара (13:10-14:35)";"ЛПЗ МДК.01.01 Технология сварочных работ — вся группа, Горин Максим Валерьевич, Лесная"
"СП-Пф-2602п";"09.03.2026";"ПН";"4 пара (14:45-16:10)";"ЛПЗ МДК.01.01 Технология сварочных работ — вся группа, Горин Максим Валерьевич, Лесная"
"СП-Пф-2602п";"09.03.2026";"ПН";"5 пара (16:20-17:40)";"ЛПЗ МДК.01.01 Технология сварочных работ — вся группа, Горин Максим Валерьевич, Лесная"
"СП-Пф-2602п";"09.03.2026";"ПН";"6 пара (17:50-19:10)";"МДК.01.01 Технология сварочных работ — вся группа, Ахметов Артур Фанависович, Лесная"
"СП-Пф-2602п";"09.03.2026";"ПН";"7 пара (19:20-20:40)";"МДК.01.01 Технология сварочных работ — вся группа, Ахметов Артур Фанависович, Лесная"
"СП-Пф-2602п";"10.03.2026";"ВТ";"1 пара (08:30-09:55)";"ЛПЗ МДК.01.01 Технология сварочных работ — вся группа, Горин Максим Валерьевич, Лесная"
"СП-Пф-2602п";"10.03.2026";"ВТ";"2 пара (10:05-11:30)";"ЛПЗ МДК.01.01 Технология сварочных работ — вся группа, Горин Максим Валерьевич, Лесная"
"СП-Пф-2602п";"10.03.2026";"ВТ";"3 пара (12:25-13:50)";"ЛПЗ МДК.01.01 Технология сварочных работ — вся группа, Горин Максим Валерьевич, Лесная"
"СП-Пф-2602п";"10.03.2026";"ВТ";"4 пара (14:00-15:25)";"ЛПЗ МДК.01.01 Технология сварочных работ — вся группа, Горин Максим Валерьевич, Лесная"
"СП-Пф-2602п";"10.03.2026";"ВТ";"5 пара (15:35-16:55)";"ЛПЗ МДК.01.01 Технология сварочных работ — вся группа, Горин Максим Валерьевич, Лесная"
"СП-Пф-2602п";"10.03.2026";"ВТ";"6 пара (17:05-18:25)";"-"
"СП-Пф-2602п";"10.03.2026";"ВТ";"7 пара (18:35-19:55)";"-"
"СП-Пф-2602п";"11.03.2026";"СР";"1 пара (08:30-09:55)";"УП.03 (УП утро 08:30-12:30) — вся группа, Ахметов Артур Фанависович, Лесная"
"СП-Пф-2602п";"11.03.2026";"СР";"2 пара (10:05-11:30)";"УП.03 (УП утро 08:30-12:30) — вся группа, Ахметов Артур Фанависович, Лесная"
"СП-Пф-2602п";"11.03.2026";"СР";"3 пара (12:25-13:50)";"-"
"СП-Пф-2602п";"11.03.2026";"СР";"4 пара (14:00-15:25)";"-"
"СП-Пф-2602п";"11.03.2026";"СР";"5 пара (15:35-16:55)";"-"
"СП-Пф-2602п";"11.03.2026";"СР";"6 пара (17:05-18:25)";"-"
"СП-Пф-2602п";"11.03.2026";"СР";"7 пара (18:35-19:55)";"-"
"СП-Пф-2602п";"12.03.2026";"ЧТ";"1 пара (08:30-09:55)";"ЛПЗ МДК.01.01 Технология сварочных работ — вся группа, Горин Максим Валерьевич, Лесная"
"СП-Пф-2602п";"12.03.2026";"ЧТ";"2 пара (10:05-11:30)";"ЛПЗ МДК.01.01 Технология сварочных работ — вся группа, Горин Максим Валерьевич, Лесная"
"СП-Пф-2602п";"12.03.2026";"ЧТ";"3 пара (12:25-13:50)";"ЛПЗ МДК.01.01 Технология сварочных работ — вся группа, Горин Максим Валерьевич, Лесная"
"СП-Пф-2602п";"12.03.2026";"ЧТ";"4 пара (14:00-15:25)";"ЛПЗ МДК.01.01 Технология сварочных работ — вся группа, Горин Максим Валерьевич, Лесная"
"СП-Пф-2602п";"12.03.2026";"ЧТ";"5 пара (15:35-16:55)";"МДК.05.01 Электросварочные работы на автоматических и полуавтоматических машинах — вся группа, Лимонова Евгения Николаевна, Лесная"
"СП-Пф-2602п";"12.03.2026";"ЧТ";"6 пара (17:05-18:25)";"-"
"СП-Пф-2602п";"12.03.2026";"ЧТ";"7 пара (18:35-19:55)";"-"
"СП-Пф-2602п";"13.03.2026";"ПТ";"1 пара (08:30-09:55)";"-"
"СП-Пф-2602п";"13.03.2026";"ПТ";"2 пара (10:05-11:30)";"-"
"СП-Пф-2602п";"13.03.2026";"ПТ";"3 пара (12:25-13:50)";"МДК.05.01 Электросварочные работы на автоматических и полуавтоматических машинах — вся группа, Лимонова Евгения Николаевна, Лесная"
"СП-Пф-2602п";"13.03.2026";"ПТ";"4 пара (14:00-15:25)";"МДК.05.01 Электросварочные работы на автоматических и полуавтоматических машинах — вся группа, Лимонова Евгения Николаевна, Лесная"
"СП-Пф-2602п";"13.03.2026";"ПТ";"5 пара (15:35-16:55)";"МДК.05.01 Электросварочные работы на автоматических и полуавтоматических машинах — вся группа, Лимонова Евгения Николаевна, Лесная"
"СП-Пф-2602п";"13.03.2026";"ПТ";"6 пара (17:05-18:25)";"МДК.01.02 Основное оборудование для производства сварных конструкций — вся группа, Ахметов Артур Фанависович, Лесная"
"СП-Пф-2602п";"13.03.2026";"ПТ";"7 пара (18:35-19:55)";"МДК.01.02 Основное оборудование для производства сварных конструкций — вся группа, Ахметов Артур Фанависович, Лесная"
"СП-Пф-2602п";"14.03.2026";"СБ";"1 пара (08:30-09:45)";"УП.06 (УП утро 08:30-12:00) — вся группа, Подчиненнов Александр Юрьевич, Лесная"
"СП-Пф-2602п";"14.03.2026";"СБ";"2 пара (09:55-11:10)";"УП.06 (УП утро 08:30-12:00) — вся группа, Подчиненнов Александр Юрьевич, Лесная"
"СП-Пф-2602п";"14.03.2026";"СБ";"3 пара (11:30-12:45)";"-"
"СП-Пф-2602п";"14.03.2026";"СБ";"4 пара (12:55-14:10)";"-"
"СП-Пф-2602п";"14.03.2026";"СБ";"5 пара (14:20-15:30)";"-"
"СП-Пф-2602п";"14.03.2026";"СБ";"6 пара (15:40-16:50)";"-"
"СП-Пф-2602п";"14.03.2026";"СБ";"7 пара (17:00-18:10)";"-"
"СП-Пф-2602п";"16.03.2026";"ПН";"1 пара (09:15-10:40)";"-"
"СП-Пф-2602п";"16.03.2026";"ПН";"2 пара (10:50-12:15)";"-"
"СП-Пф-2602п";"16.03.2026";"ПН";"3 пара (13:10-14:35)";"МДК.05.01 Электросварочные работы на автоматических и полуавтоматических машинах — вся группа, Лимонова Евгения Николаевна, Лесная"
"СП-Пф-2602п";"16.03.2026";"ПН";"4 пара (14:45-16:10)";"МДК.05.01 Электросварочные работы на автоматических и полуавтоматических машинах — вся группа, Лимонова Евгения Николаевна, Лесная"
"СП-Пф-2602п";"16.03.2026";"ПН";"5 пара (16:20-17:40)";"МДК.05.01 Электросварочные работы на автоматических и полуавтоматических машинах — вся группа, Лимонова Евгения Николаевна, Лесная"
"СП-Пф-2602п";"16.03.2026";"ПН";"6 пара (17:50-19:10)";"МДК.01.02 Основное оборудование для производства сварных конструкций — вся группа, Ахметов Артур Фанависович, Лесная"
"СП-Пф-2602п";"16.03.2026";"ПН";"7 пара (19:20-20:40)";"МДК.01.02 Основное оборудование для производства сварных конструкций — вся группа, Ахметов Артур Фанависович, Лесная"
"СП-Пф-2602п";"17.03.2026";"ВТ";"1 пара (08:30-09:55)";"МДК.05.01 Электросварочные работы на автоматических и полуавтоматических машинах — вся группа, Лимонова Евгения Николаевна, Лесная"
"СП-Пф-2602п";"17.03.2026";"ВТ";"2 пара (10:05-11:30)";"МДК.05.01 Электросварочные работы на автоматических и полуавтоматических машинах — вся группа, Лимонова Евгения Николаевна, Лесная"
"СП-Пф-2602п";"17.03.2026";"ВТ";"3 пара (12:25-13:50)";"ЛПЗ МДК.06.01 Технология выполнения газовой сварки и резки — вся группа, Подчиненнов Александр Юрьевич, Лесная"
"СП-Пф-2602п";"17.03.2026";"ВТ";"4 пара (14:00-15:25)";"ЛПЗ МДК.06.01 Технология выполнения газовой сварки и резки — вся группа, Подчиненнов Александр Юрьевич, Лесная"
"СП-Пф-2602п";"17.03.2026";"ВТ";"5 пара (15:35-16:55)";"ЛПЗ МДК.06.01 Технология выполнения газовой сварки и резки — вся группа, Подчиненнов Александр Юрьевич, Лесная"
"СП-Пф-2602п";"17.03.2026";"ВТ";"6 пара (17:05-18:25)";"-"
"СП-Пф-2602п";"17.03.2026";"ВТ";"7 пара (18:35-19:55)";"-"
"СП-Пф-2602п";"18.03.2026";"СР";"1 пара (08:30-09:55)";"УП.03 (УП утро 08:30-12:30) — вся группа, Ахметов Артур Фанависович, Лесная"
"СП-Пф-2602п";"18.03.2026";"СР";"2 пара (10:05-11:30)";"УП.03 (УП утро 08:30-12:30) — вся группа, Ахметов Артур Фанависович, Лесная"
"СП-Пф-2602п";"18.03.2026";"СР";"3 пара (12:25-13:50)";"-"
"СП-Пф-2602п";"18.03.2026";"СР";"4 пара (14:00-15:25)";"-"
"СП-Пф-2602п";"18.03.2026";"СР";"5 пара (15:35-16:55)";"-"
"СП-Пф-2602п";"18.03.2026";"СР";"6 пара (17:05-18:25)";"-"
"СП-Пф-2602п";"18.03.2026";"СР";"7 пара (18:35-19:55)";"-"
"СП-Пф-2602п";"19.03.2026";"ЧТ";"1 пара (08:30-09:55)";"-"
"СП-Пф-2602п";"19.03.2026";"ЧТ";"2 пара (10:05-11:30)";"-"
"СП-Пф-2602п";"19.03.2026";"ЧТ";"3 пара (12:25-13:50)";"ЛПЗ МДК.05.01 Электросварочные работы на автоматических и полуавтоматических машинах — вся группа, Лимонова Евгения Николаевна, Лесная"
"СП-Пф-2602п";"19.03.2026";"ЧТ";"4 пара (14:00-15:25)";"ЛПЗ МДК.05.01 Электросварочные работы на автоматических и полуавтоматических машинах — вся группа, Лимонова Евгения Николаевна, Лесная"
"СП-Пф-2602п";"19.03.2026";"ЧТ";"5 пара (15:35-16:55)";"ЛПЗ МДК.05.01 Электросварочные работы на автоматических и полуавтоматических машинах — вся группа, Лимонова Евгения Николаевна, Лесная"
"СП-Пф-2602п";"19.03.2026";"ЧТ";"6 пара (17:05-18:25)";"МДК.01.02 Основное оборудование для производства сварных конструкций — вся группа, Ахметов Артур Фанависович, Лесная"
"СП-Пф-2602п";"19.03.2026";"ЧТ";"7 пара (18:35-19:55)";"МДК.01.02 Основное оборудование для производства сварных конструкций — вся группа, Ахметов Артур Фанависович, Лесная"
"СП-Пф-2602п";"20.03.2026";"ПТ";"1 пара (08:30-09:55)";"-"
"СП-Пф-2602п";"20.03.2026";"ПТ";"2 пара (10:05-11:30)";"-"
"СП-Пф-2602п";"20.03.2026";"ПТ";"3 пара (12:25-13:50)";"ЛПЗ МДК.05.01 Электросварочные работы на автоматических и полуавтоматических машинах — вся группа, Лимонова Евгения Николаевна, Лесная"
"СП-Пф-2602п";"20.03.2026";"ПТ";"4 пара (14:00-15:25)";"ЛПЗ МДК.05.01 Электросварочные работы на автоматических и полуавтоматических машинах — вся группа, Лимонова Евгения Николаевна, Лесная"
"СП-Пф-2602п";"20.03.2026";"ПТ";"5 пара (15:35-16:55)";"МДК.01.02 Основное оборудование для производства сварных конструкций — вся группа, Ахметов Артур Фанависович, Лесная"
"СП-Пф-2602п";"20.03.2026";"ПТ";"6 пара (17:05-18:25)";"МДК.01.02 Основное оборудование для производства сварных конструкций — вся группа, Ахметов Артур Фанависович, Лесная"
"СП-Пф-2602п";"20.03.2026";"ПТ";"7 пара (18:35-19:55)";"МДК.01.02 Основное оборудование для производства сварных конструкций — вся группа, Ахметов Артур Фанависович, Лесная"
"СП-Пф-2602п";"21.03.2026";"СБ";"1 пара (08:30-09:45)";"УП.06 (УП утро 08:30-12:00) — вся группа, Подчиненнов Александр Юрьевич, Лесная"
"СП-Пф-2602п";"21.03.2026";"СБ";"2 пара (09:55-11:10)";"УП.06 (УП утро 08:30-12:00) — вся группа, Подчиненнов Александр Юрьевич, Лесная"
"СП-Пф-2602п";"21.03.2026";"СБ";"3 пара (11:30-12:45)";"-"
"СП-Пф-2602п";"21.03.2026";"СБ";"4 пара (12:55-14:10)";"-"
"СП-Пф-2602п";"21.03.2026";"СБ";"5 пара (14:20-15:30)";"-"
"СП-Пф-2602п";"21.03.2026";"СБ";"6 пара (15:40-16:50)";"-"
"СП-Пф-2602п";"21.03.2026";"СБ";"7 пара (17:00-18:10)";"-"
"СП-Пф-2602п";"23.03.2026";"ПН";"1 пара (09:15-10:40)";"УП.03 (УП утро 09:00-13:00) — вся группа, Ахметов Артур Фанависович, Лесная"
"СП-Пф-2602п";"23.03.2026";"ПН";"2 пара (10:50-12:15)";"УП.03 (УП утро 09:00-13:00) — вся группа, Ахметов Артур Фанависович, Лесная"
"СП-Пф-2602п";"23.03.2026";"ПН";"3 пара (13:10-14:35)";"-"
"СП-Пф-2602п";"23.03.2026";"ПН";"4 пара (14:45-16:10)";"-"
"СП-Пф-2602п";"23.03.2026";"ПН";"5 пара (16:20-17:40)";"-"
"СП-Пф-2602п";"23.03.2026";"ПН";"6 пара (17:50-19:10)";"-"
"СП-Пф-2602п";"23.03.2026";"ПН";"7 пара (19:20-20:40)";"-"
"СП-Пф-2602п";"24.03.2026";"ВТ";"1 пара (08:30-09:55)";"МДК.01.02 Основное оборудование для производства сварных конструкций — вся группа, Ахметов Артур Фанависович, Лесная"
"СП-Пф-2602п";"24.03.2026";"ВТ";"2 пара (10:05-11:30)";"ЛПЗ МДК.01.02 Основное оборудование для производства сварных конструкций — вся группа, Ахметов Артур Фанависович, Лесная"
"СП-Пф-2602п";"24.03.2026";"ВТ";"3 пара (12:25-13:50)";"ЛПЗ МДК.01.02 Основное оборудование для производства сварных конструкций — вся группа, Ахметов Артур Фанависович, Лесная"
"СП-Пф-2602п";"24.03.2026";"ВТ";"4 пара (14:00-15:25)";"ЛПЗ МДК.01.02 Основное оборудование для производства сварных конструкций — вся группа, Ахметов Артур Фанависович, Лесная"
"СП-Пф-2602п";"24.03.2026";"ВТ";"5 пара (15:35-16:55)";"ЛПЗ МДК.01.02 Основное оборудование для производства сварных конструкций — вся группа, Ахметов Артур Фанависович, Лесная"
"СП-Пф-2602п";"24.03.2026";"ВТ";"6 пара (17:05-18:25)";"-"
"СП-Пф-2602п";"24.03.2026";"ВТ";"7 пара (18:35-19:55)";"-"
"СП-Пф-2602п";"25.03.2026";"СР";"1 пара (08:30-09:55)";"ЛПЗ МДК.01.02 Основное оборудование для производства сварных конструкций — вся группа, Ахметов Артур Фанависович, Лесная"
"СП-Пф-2602п";"25.03.2026";"СР";"2 пара (10:05-11:30)";"ЛПЗ МДК.01.02 Основное оборудование для производства сварных конструкций — вся группа, Ахметов Артур Фанависович, Лесная"
"СП-Пф-2602п";"25.03.2026";"СР";"3 пара (12:25-13:50)";"ЛПЗ МДК.01.02 Основное оборудование для производства сварных конструкций — вся группа, Ахметов Артур Фанависович, Лесная"
"СП-Пф-2602п";"25.03.2026";"СР";"4 пара (14:00-15:25)";"ЛПЗ МДК.01.02 Основное оборудование для производства сварных конструкций — вся группа, Ахметов Артур Фанависович, Лесная"
"СП-Пф-2602п";"25.03.2026";"СР";"5 пара (15:35-16:55)";"ЛПЗ МДК.01.02 Основное оборудование для производства сварных конструкций — вся группа, Ахметов Артур Фанависович, Лесная"
"СП-Пф-2602п";"25.03.2026";"СР";"6 пара (17:05-18:25)";"-"
"СП-Пф-2602п";"25.03.2026";"СР";"7 пара (18:35-19:55)";"-"
"СП-Пф-2602п";"26.03.2026";"ЧТ";"1 пара (08:30-09:55)";"УП.06 (УП утро 08:30-12:30) — вся группа, Подчиненнов Александр Юрьевич, Лесная"
"СП-Пф-2602п";"26.03.2026";"ЧТ";"2 пара (10:05-11:30)";"УП.06 (УП утро 08:30-12:30) — вся группа, Подчиненнов Александр Юрьевич, Лесная"
"СП-Пф-2602п";"26.03.2026";"ЧТ";"3 пара (12:25-13:50)";"-"
"СП-Пф-2602п";"26.03.2026";"ЧТ";"4 пара (14:00-15:25)";"-"
"СП-Пф-2602п";"26.03.2026";"ЧТ";"5 пара (15:35-16:55)";"-"
"СП-Пф-2602п";"26.03.2026";"ЧТ";"6 пара (17:05-18:25)";"-"
"СП-Пф-2602п";"26.03.2026";"ЧТ";"7 пара (18:35-19:55)";"-"
"СП-Пф-2602п";"27.03.2026";"ПТ";"1 пара (08:30-09:55)";"-"
"СП-Пф-2602п";"27.03.2026";"ПТ";"2 пара (10:05-11:30)";"-"
"СП-Пф-2602п";"27.03.2026";"ПТ";"3 пара (12:25-13:50)";"ЛПЗ МДК.05.01 Электросварочные работы на автоматических и полуавтоматических машинах — вся группа, Лимонова Евгения Николаевна, Лесная"
"СП-Пф-2602п";"27.03.2026";"ПТ";"4 пара (14:00-15:25)";"ЛПЗ МДК.05.01 Электросварочные работы на автоматических и полуавтоматических машинах — вся группа, Лимонова Евгения Николаевна, Лесная"
"СП-Пф-2602п";"27.03.2026";"ПТ";"5 пара (15:35-16:55)";"ЛПЗ МДК.05.01 Электросварочные работы на автоматических и полуавтоматических машинах — вся группа, Лимонова Евгения Николаевна, Лесная"
"СП-Пф-2602п";"27.03.2026";"ПТ";"6 пара (17:05-18:25)";"ЛПЗ МДК.01.02 Основное оборудование для производства сварных конструкций — вся группа, Ахметов Артур Фанависович, Лесная"
"СП-Пф-2602п";"27.03.2026";"ПТ";"7 пара (18:35-19:55)";"ЛПЗ МДК.01.02 Основное оборудование для производства сварных конструкций — вся группа, Ахметов Артур Фанависович, Лесная"
"СП-Пф-2602п";"28.03.2026";"СБ";"1 пара (08:30-09:45)";"-"
"СП-Пф-2602п";"28.03.2026";"СБ";"2 пара (09:55-11:10)";"-"
"СП-Пф-2602п";"28.03.2026";"СБ";"3 пара (11:30-12:45)";"ЛПЗ МДК.05.01 Электросварочные работы на автоматических и полуавтоматических машинах — вся группа, Лимонова Евгения Николаевна, Лесная"
"СП-Пф-2602п";"28.03.2026";"СБ";"4 пара (12:55-14:10)";"ЛПЗ МДК.05.01 Электросварочные работы на автоматических и полуавтоматических машинах — вся группа, Лимонова Евгения Николаевна, Лесная"
"СП-Пф-2602п";"28.03.2026";"СБ";"5 пара (14:20-15:30)";"ЛПЗ МДК.06.01 Технология выполнения газовой сварки и резки — вся группа, Подчиненнов Александр Юрьевич, Лесная"
"СП-Пф-2602п";"28.03.2026";"СБ";"6 пара (15:40-16:50)";"ЛПЗ МДК.01.02 Основное оборудование для производства сварных конструкций — вся группа, Ахметов Артур Фанависович, Лесная"
"СП-Пф-2602п";"28.03.2026";"СБ";"7 пара (17:00-18:10)";"ЛПЗ МДК.01.02 Основное оборудование для производства сварных конструкций — вся группа, Ахметов Артур Фанависович, Лесная"
"СП-Пф-2602п";"30.03.2026";"ПН";"1 пара (09:15-10:40)";"МДК.03.01 Формы и методы контроля качества металлов и сварных конструкций — вся группа, Ахметов Артур Фанависович, Лесная"
"СП-Пф-2602п";"30.03.2026";"ПН";"2 пара (10:50-12:15)";"МДК.03.01 Формы и методы контроля качества металлов и сварных конструкций — вся группа, Ахметов Артур Фанависович, Лесная"
"СП-Пф-2602п";"30.03.2026";"ПН";"3 пара (13:10-14:35)";"МДК.03.01 Формы и методы контроля качества металлов и сварных конструкций — вся группа, Ахметов Артур Фанависович, Лесная"
"СП-Пф-2602п";"30.03.2026";"ПН";"4 пара (14:45-16:10)";"МДК.03.01 Формы и методы контроля качества металлов и сварных конструкций — вся группа, Ахметов Артур Фанависович, Лесная"
"СП-Пф-2602п";"30.03.2026";"ПН";"5 пара (16:20-17:40)";"МДК.03.01 Формы и методы контроля качества металлов и сварных конструкций — вся группа, Ахметов Артур Фанависович, Лесная"
"СП-Пф-2602п";"30.03.2026";"ПН";"6 пара (17:50-19:10)";"-"
"СП-Пф-2602п";"30.03.2026";"ПН";"7 пара (19:20-20:40)";"-"
"СП-Пф-2602п";"31.03.2026";"ВТ";"1 пара (08:30-09:55)";"МДК.03.01 Формы и методы контроля качества металлов и сварных конструкций — вся группа, Ахметов Артур Фанависович, Лесная"
"СП-Пф-2602п";"31.03.2026";"ВТ";"2 пара (10:05-11:30)";"МДК.03.01 Формы и методы контроля качества металлов и сварных конструкций — вся группа, Ахметов Артур Фанависович, Лесная"
"СП-Пф-2602п";"31.03.2026";"ВТ";"3 пара (12:25-13:50)";"МДК.03.01 Формы и методы контроля качества металлов и сварных конструкций — вся группа, Ахметов Артур Фанависович, Лесная"
"СП-Пф-2602п";"31.03.2026";"ВТ";"4 пара (14:00-15:25)";"МДК.03.01 Формы и методы контроля качества металлов и сварных конструкций — вся группа, Ахметов Артур Фанависович, Лесная"
"СП-Пф-2602п";"31.03.2026";"ВТ";"5 пара (15:35-16:55)";"МДК.03.01 Формы и методы контроля качества металлов и сварных конструкций — вся группа, Ахметов Артур Фанависович, Лесная"
"СП-Пф-2602п";"31.03.2026";"ВТ";"6 пара (17:05-18:25)";"-"
"СП-Пф-2602п";"31.03.2026";"ВТ";"7 пара (18:35-19:55)";"-"
"СП-Пф-2602п";"01.04.2026";"СР";"1 пара (08:30-09:55)";"УП.06 (УП утро 08:30-12:30) — вся группа, Подчиненнов Александр Юрьевич, Лесная"
"СП-Пф-2602п";"01.04.2026";"СР";"2 пара (10:05-11:30)";"УП.06 (УП утро 08:30-12:30) — вся группа, Подчиненнов Александр Юрьевич, Лесная"
"СП-Пф-2602п";"01.04.2026";"СР";"3 пара (12:25-13:50)";"-"
"СП-Пф-2602п";"01.04.2026";"СР";"4 пара (14:00-15:25)";"-"
"СП-Пф-2602п";"01.04.2026";"СР";"5 пара (15:35-16:55)";"-"
"СП-Пф-2602п";"01.04.2026";"СР";"6 пара (17:05-18:25)";"-"
"СП-Пф-2602п";"01.04.2026";"СР";"7 пара (18:35-19:55)";"-"
"СП-Пф-2602п";"02.04.2026";"ЧТ";"1 пара (08:30-09:55)";"-"
"СП-Пф-2602п";"02.04.2026";"ЧТ";"2 пара (10:05-11:30)";"-"
"СП-Пф-2602п";"02.04.2026";"ЧТ";"3 пара (12:25-13:50)";"-"
"СП-Пф-2602п";"02.04.2026";"ЧТ";"4 пара (14:00-15:25)";"ЛПЗ МДК.06.01 Технология выполнения газовой сварки и резки — вся группа, Подчиненнов Александр Юрьевич, Лесная"
"СП-Пф-2602п";"02.04.2026";"ЧТ";"5 пара (15:35-16:55)";"ЛПЗ МДК.06.01 Технология выполнения газовой сварки и резки — вся группа, Подчиненнов Александр Юрьевич, Лесная"
"СП-Пф-2602п";"02.04.2026";"ЧТ";"6 пара (17:05-18:25)";"ЛПЗ МДК.03.01 Формы и методы контроля качества металлов и сварных конструкций — вся группа, Ахметов Артур Фанависович, Лесная"
"СП-Пф-2602п";"02.04.2026";"ЧТ";"7 пара (18:35-19:55)";"ЛПЗ МДК.03.01 Формы и методы контроля качества металлов и сварных конструкций — вся группа, Ахметов Артур Фанависович, Лесная"
"СП-Пф-2602п";"03.04.2026";"ПТ";"1 пара (08:30-09:55)";"ЛПЗ МДК.03.01 Формы и методы контроля качества металлов и сварных конструкций — вся группа, Ахметов Артур Фанависович, Лесная"
"СП-Пф-2602п";"03.04.2026";"ПТ";"2 пара (10:05-11:30)";"ЛПЗ МДК.03.01 Формы и методы контроля качества металлов и сварных конструкций — вся группа, Ахметов Артур Фанависович, Лесная"
"СП-Пф-2602п";"03.04.2026";"ПТ";"3 пара (12:25-13:50)";"ЛПЗ МДК.03.01 Формы и методы контроля качества металлов и сварных конструкций — вся группа, Ахметов Артур Фанависович, Лесная"
"СП-Пф-2602п";"03.04.2026";"ПТ";"4 пара (14:00-15:25)";"ЛПЗ МДК.03.01 Формы и методы контроля качества металлов и сварных конструкций — вся группа, Ахметов Артур Фанависович, Лесная"
"СП-Пф-2602п";"03.04.2026";"ПТ";"5 пара (15:35-16:55)";"ЛПЗ МДК.03.01 Формы и методы контроля качества металлов и сварных конструкций — вся группа, Ахметов Артур Фанависович, Лесная"
"СП-Пф-2602п";"03.04.2026";"ПТ";"6 пара (17:05-18:25)";"-"
"СП-Пф-2602п";"03.04.2026";"ПТ";"7 пара (18:35-19:55)";"-"
"СП-Пф-2602п";"04.04.2026";"СБ";"1 пара (08:30-09:45)";"ЛПЗ МДК.03.01 Формы и методы контроля качества металлов и сварных конструкций — вся группа, Ахметов Артур Фанависович, Лесная"
"СП-Пф-2602п";"04.04.2026";"СБ";"2 пара (09:55-11:10)";"ЛПЗ МДК.03.01 Формы и методы контроля качества металлов и сварных конструкций — вся группа, Ахметов Артур Фанависович, Лесная"
"СП-Пф-2602п";"04.04.2026";"СБ";"3 пара (11:30-12:45)";"ЛПЗ МДК.03.01 Формы и методы контроля качества металлов и сварных конструкций — вся группа, Ахметов Артур Фанависович, Лесная"
"СП-Пф-2602п";"04.04.2026";"СБ";"4 пара (12:55-14:10)";"ЛПЗ МДК.03.01 Формы и методы контроля качества металлов и сварных конструкций — вся группа, Ахметов Артур Фанависович, Лесная"
"СП-Пф-2602п";"04.04.2026";"СБ";"5 пара (14:20-15:30)";"ЛПЗ МДК.03.01 Формы и методы контроля качества металлов и сварных конструкций — вся группа, Ахметов Артур Фанависович, Лесная"
"СП-Пф-2602п";"04.04.2026";"СБ";"6 пара (15:40-16:50)";"-"
"СП-Пф-2602п";"04.04.2026";"СБ";"7 пара (17:00-18:10)";"-"
"СП-Пф-2602п";"06.04.2026";"ПН";"1 пара (09:15-10:40)";"ЛПЗ МДК.03.01 Формы и методы контроля качества металлов и сварных конструкций — вся группа, Ахметов Артур Фанависович, Лесная"
"СП-Пф-2602п";"06.04.2026";"ПН";"2 пара (10:50-12:15)";"МДК.06.01 Технология выполнения газовой сварки и резки — вся группа, Ахметов Артур Фанависович, Лесная"
"СП-Пф-2602п";"06.04.2026";"ПН";"3 пара (13:10-14:35)";"МДК.06.01 Технология выполнения газовой сварки и резки — вся группа, Ахметов Артур Фанависович, Лесная"
"СП-Пф-2602п";"06.04.2026";"ПН";"4 пара (14:45-16:10)";"МДК.06.01 Технология выполнения газовой сварки и резки — вся группа, Ахметов Артур Фанависович, Лесная"
"СП-Пф-2602п";"06.04.2026";"ПН";"5 пара (16:20-17:40)";"МДК.06.01 Технология выполнения газовой сварки и резки — вся группа, Ахметов Артур Фанависович, Лесная"
"СП-Пф-2602п";"06.04.2026";"ПН";"6 пара (17:50-19:10)";"-"
"СП-Пф-2602п";"06.04.2026";"ПН";"7 пара (19:20-20:40)";"-"
"СП-Пф-2602п";"07.04.2026";"ВТ";"1 пара (08:30-09:55)";"МДК.06.01 Технология выполнения газовой сварки и резки — вся группа, Ахметов Артур Фанависович, Лесная"
"СП-Пф-2602п";"07.04.2026";"ВТ";"2 пара (10:05-11:30)";"МДК.06.01 Технология выполнения газовой сварки и резки — вся группа, Ахметов Артур Фанависович, Лесная"
"СП-Пф-2602п";"07.04.2026";"ВТ";"3 пара (12:25-13:50)";"МДК.06.01 Технология выполнения газовой сварки и резки — вся группа, Ахметов Артур Фанависович, Лесная"
"СП-Пф-2602п";"07.04.2026";"ВТ";"4 пара (14:00-15:25)";"МДК.06.01 Технология выполнения газовой сварки и резки — вся группа, Ахметов Артур Фанависович, Лесная"
"СП-Пф-2602п";"07.04.2026";"ВТ";"5 пара (15:35-16:55)";"МДК.06.01 Технология выполнения газовой сварки и резки — вся группа, Ахметов Артур Фанависович, Лесная"
"СП-Пф-2602п";"07.04.2026";"ВТ";"6 пара (17:05-18:25)";"-"
"СП-Пф-2602п";"07.04.2026";"ВТ";"7 пара (18:35-19:55)";"-"
"СП-Пф-2602п";"08.04.2026";"СР";"1 пара (08:30-09:55)";"УП.06 (УП утро 08:30-12:30) — вся группа, Подчиненнов Александр Юрьевич, Лесная"
"СП-Пф-2602п";"08.04.2026";"СР";"2 пара (10:05-11:30)";"УП.06 (УП утро 08:30-12:30) — вся группа, Подчиненнов Александр Юрьевич, Лесная"
"СП-Пф-2602п";"08.04.2026";"СР";"3 пара (12:25-13:50)";"-"
"СП-Пф-2602п";"08.04.2026";"СР";"4 пара (14:00-15:25)";"-"
"СП-Пф-2602п";"08.04.2026";"СР";"5 пара (15:35-16:55)";"-"
"СП-Пф-2602п";"08.04.2026";"СР";"6 пара (17:05-18:25)";"-"
"СП-Пф-2602п";"08.04.2026";"СР";"7 пара (18:35-19:55)";"-"
"СП-Пф-2602п";"09.04.2026";"ЧТ";"1 пара (08:30-09:55)";"МДК.06.01 Технология выполнения газовой сварки и резки — вся группа, Ахметов Артур Фанависович, Лесная"
"СП-Пф-2602п";"09.04.2026";"ЧТ";"2 пара (10:05-11:30)";"МДК.06.01 Технология выполнения газовой сварки и резки — вся группа, Ахметов Артур Фанависович, Лесная"
"СП-Пф-2602п";"09.04.2026";"ЧТ";"3 пара (12:25-13:50)";"МДК.06.01 Технология выполнения газовой сварки и резки — вся группа, Ахметов Артур Фанависович, Лесная"
"СП-Пф-2602п";"09.04.2026";"ЧТ";"4 пара (14:00-15:25)";"МДК.06.01 Технология выполнения газовой сварки и резки — вся группа, Ахметов Артур Фанависович, Лесная"
"СП-Пф-2602п";"09.04.2026";"ЧТ";"5 пара (15:35-16:55)";"МДК.06.01 Технология выполнения газовой сварки и резки — вся группа, Ахметов Артур Фанависович, Лесная"
"СП-Пф-2602п";"09.04.2026";"ЧТ";"6 пара (17:05-18:25)";"-"
"СП-Пф-2602п";"09.04.2026";"ЧТ";"7 пара (18:35-19:55)";"-"
"СП-Пф-2602п";"10.04.2026";"ПТ";"1 пара (08:30-09:55)";"МДК.06.01 Технология выполнения газовой сварки и резки — вся группа, Ахметов Артур Фанависович, Лесная"
"СП-Пф-2602п";"10.04.2026";"ПТ";"2 пара (10:05-11:30)";"МДК.06.01 Технология выполнения газовой сварки и резки — вся группа, Ахметов Артур Фанависович, Лесная"
"СП-Пф-2602п";"10.04.2026";"ПТ";"3 пара (12:25-13:50)";"МДК.06.01 Технология выполнения газовой сварки и резки — вся группа, Ахметов Артур Фанависович, Лесная"
"СП-Пф-2602п";"10.04.2026";"ПТ";"4 пара (14:00-15:25)";"МДК.06.01 Технология выполнения газовой сварки и резки — вся группа, Ахметов Артур Фанависович, Лесная"
"СП-Пф-2602п";"10.04.2026";"ПТ";"5 пара (15:35-16:55)";"МДК.06.01 Технология выполнения газовой сварки и резки — вся группа, Ахметов Артур Фанависович, Лесная"
"СП-Пф-2602п";"10.04.2026";"ПТ";"6 пара (17:05-18:25)";"-"
"СП-Пф-2602п";"10.04.2026";"ПТ";"7 пара (18:35-19:55)";"-"
"СП-Пф-2602п";"11.04.2026";"СБ";"1 пара (08:30-09:45)";"МДК.06.01 Технология выполнения газовой сварки и резки — вся группа, Ахметов Артур Фанависович, Лесная"
"СП-Пф-2602п";"11.04.2026";"СБ";"2 пара (09:55-11:10)";"МДК.06.02 Технология ручной дуговой сварки — вся группа, Ахметов Артур Фанависович, Лесная"
"СП-Пф-2602п";"11.04.2026";"СБ";"3 пара (11:30-12:45)";"МДК.06.02 Технология ручной дуговой сварки — вся группа, Ахметов Артур Фанависович, Лесная"
"СП-Пф-2602п";"11.04.2026";"СБ";"4 пара (12:55-14:10)";"МДК.06.02 Технология ручной дуговой сварки — вся группа, Ахметов Артур Фанависович, Лесная"
"СП-Пф-2602п";"11.04.2026";"СБ";"5 пара (14:20-15:30)";"МДК.06.02 Технология ручной дуговой сварки — вся группа, Ахметов Артур Фанависович, Лесная"
"СП-Пф-2602п";"11.04.2026";"СБ";"6 пара (15:40-16:50)";"-"
"СП-Пф-2602п";"11.04.2026";"СБ";"7 пара (17:00-18:10)";"-"
"СП-Пф-2602п";"13.04.2026";"ПН";"1 пара (09:15-10:40)";"МДК.06.02 Технология ручной дуговой сварки — вся группа, Ахметов Артур Фанависович, Лесная"
"СП-Пф-2602п";"13.04.2026";"ПН";"2 пара (10:50-12:15)";"МДК.06.02 Технология ручной дуговой сварки — вся группа, Ахметов Артур Фанависович, Лесная"
"СП-Пф-2602п";"13.04.2026";"ПН";"3 пара (13:10-14:35)";"МДК.06.02 Технология ручной дуговой сварки — вся группа, Ахметов Артур Фанависович, Лесная"
"СП-Пф-2602п";"13.04.2026";"ПН";"4 пара (14:45-16:10)";"МДК.06.02 Технология ручной дуговой сварки — вся группа, Ахметов Артур Фанависович, Лесная"
"СП-Пф-2602п";"13.04.2026";"ПН";"5 пара (16:20-17:40)";"МДК.06.02 Технология ручной дуговой сварки — вся группа, Ахметов Артур Фанависович, Лесная"
"СП-Пф-2602п";"13.04.2026";"ПН";"6 пара (17:50-19:10)";"-"
"СП-Пф-2602п";"13.04.2026";"ПН";"7 пара (19:20-20:40)";"-"
"СП-Пф-2602п";"14.04.2026";"ВТ";"1 пара (08:30-09:55)";"УП.06 (УП утро 08:30-12:30) — вся группа, Подчиненнов Александр Юрьевич, Лесная"
"СП-Пф-2602п";"14.04.2026";"ВТ";"2 пара (10:05-11:30)";"УП.06 (УП утро 08:30-12:30) — вся группа, Подчиненнов Александр Юрьевич, Лесная"
"СП-Пф-2602п";"14.04.2026";"ВТ";"3 пара (12:25-13:50)";"-"
"СП-Пф-2602п";"14.04.2026";"ВТ";"4 пара (14:00-15:25)";"-"
"СП-Пф-2602п";"14.04.2026";"ВТ";"5 пара (15:35-16:55)";"-"
"СП-Пф-2602п";"14.04.2026";"ВТ";"6 пара (17:05-18:25)";"-"
"СП-Пф-2602п";"14.04.2026";"ВТ";"7 пара (18:35-19:55)";"-"
"СП-Пф-2602п";"15.04.2026";"СР";"1 пара (08:30-09:55)";"-"
"СП-Пф-2602п";"15.04.2026";"СР";"2 пара (10:05-11:30)";"-"
"СП-Пф-2602п";"15.04.2026";"СР";"3 пара (12:25-13:50)";"-"
"СП-Пф-2602п";"15.04.2026";"СР";"4 пара (14:00-15:25)";"ЛПЗ МДК.06.01 Технология выполнения газовой сварки и резки — вся группа, Подчиненнов Александр Юрьевич, Лесная"
"СП-Пф-2602п";"15.04.2026";"СР";"5 пара (15:35-16:55)";"ЛПЗ МДК.06.01 Технология выполнения газовой сварки и резки — вся группа, Подчиненнов Александр Юрьевич, Лесная"
"СП-Пф-2602п";"15.04.2026";"СР";"6 пара (17:05-18:25)";"ЛПЗ МДК.06.01 Технология выполнения газовой сварки и резки — вся группа, Подчиненнов Александр Юрьевич, Лесная"
"СП-Пф-2602п";"15.04.2026";"СР";"7 пара (18:35-19:55)";"ЛПЗ МДК.06.01 Технология выполнения газовой сварки и резки — вся группа, Подчиненнов Александр Юрьевич, Лесная"
"СП-Пф-2602п";"16.04.2026";"ЧТ";"1 пара (08:30-09:55)";"-"
"СП-Пф-2602п";"16.04.2026";"ЧТ";"2 пара (10:05-11:30)";"-"
"СП-Пф-2602п";"16.04.2026";"ЧТ";"3 пара (12:25-13:50)";"МДК.06.02 Технология ручной дуговой сварки — вся группа, Ахметов Артур Фанависович, Лесная"
"СП-Пф-2602п";"16.04.2026";"ЧТ";"4 пара (14:00-15:25)";"ЛПЗ МДК.06.01 Технология выполнения газовой сварки и резки — вся группа, Подчиненнов Александр Юрьевич, Лесная"
"СП-Пф-2602п";"16.04.2026";"ЧТ";"5 пара (15:35-16:55)";"ЛПЗ МДК.06.01 Технология выполнения газовой сварки и резки — вся группа, Подчиненнов Александр Юрьевич, Лесная"
"СП-Пф-2602п";"16.04.2026";"ЧТ";"6 пара (17:05-18:25)";"ЛПЗ МДК.06.01 Технология выполнения газовой сварки и резки — вся группа, Подчиненнов Александр Юрьевич, Лесная"
"СП-Пф-2602п";"16.04.2026";"ЧТ";"7 пара (18:35-19:55)";"ЛПЗ МДК.06.01 Технология выполнения газовой сварки и резки — вся группа, Подчиненнов Александр Юрьевич, Лесная"
"СП-Пф-2602п";"17.04.2026";"ПТ";"1 пара (08:30-09:55)";"-"
"СП-Пф-2602п";"17.04.2026";"ПТ";"2 пара (10:05-11:30)";"-"
"СП-Пф-2602п";"17.04.2026";"ПТ";"3 пара (12:25-13:50)";"-"
"СП-Пф-2602п";"17.04.2026";"ПТ";"4 пара (14:00-15:25)";"-"
"СП-Пф-2602п";"17.04.2026";"ПТ";"5 пара (15:35-16:55)";"-"
"СП-Пф-2602п";"17.04.2026";"ПТ";"6 пара (17:05-18:25)";"ЛПЗ МДК.06.01 Технология выполнения газовой сварки и резки — вся группа, Подчиненнов Александр Юрьевич, Лесная"
"СП-Пф-2602п";"17.04.2026";"ПТ";"7 пара (18:35-19:55)";"ЛПЗ МДК.06.01 Технология выполнения газовой сварки и резки — вся группа, Подчиненнов Александр Юрьевич, Лесная"
"СП-Пф-2602п";"18.04.2026";"СБ";"1 пара (08:30-09:45)";"-"
"СП-Пф-2602п";"18.04.2026";"СБ";"2 пара (09:55-11:10)";"-"
"СП-Пф-2602п";"18.04.2026";"СБ";"3 пара (11:30-12:45)";"-"
"СП-Пф-2602п";"18.04.2026";"СБ";"4 пара (12:55-14:10)";"-"
"СП-Пф-2602п";"18.04.2026";"СБ";"5 пара (14:20-15:30)";"-"
"СП-Пф-2602п";"18.04.2026";"СБ";"6 пара (15:40-16:50)";"ЛПЗ МДК.06.01 Технология выполнения газовой сварки и резки — вся группа, Подчиненнов Александр Юрьевич, Лесная"
"СП-Пф-2602п";"18.04.2026";"СБ";"7 пара (17:00-18:10)";"ЛПЗ МДК.06.01 Технология выполнения газовой сварки и резки — вся группа, Подчиненнов Александр Юрьевич, Лесная"
"СП-Пф-2602п";"22.04.2026";"СР";"1 пара (08:30-09:55)";"-"
"СП-Пф-2602п";"22.04.2026";"СР";"2 пара (10:05-11:30)";"-"
"СП-Пф-2602п";"22.04.2026";"СР";"3 пара (12:25-13:50)";"-"
"СП-Пф-2602п";"22.04.2026";"СР";"4 пара (14:00-15:25)";"-"
"СП-Пф-2602п";"22.04.2026";"СР";"5 пара (15:35-16:55)";"-"
"СП-Пф-2602п";"22.04.2026";"СР";"6 пара (17:05-18:25)";"ЛПЗ МДК.06.01 Технология выполнения газовой сварки и резки — вся группа, Подчиненнов Александр Юрьевич, Лесная"
"СП-Пф-2602п";"22.04.2026";"СР";"7 пара (18:35-19:55)";"ЛПЗ МДК.06.01 Технология выполнения газовой сварки и резки — вся группа, Подчиненнов Александр Юрьевич, Лесная"
"СП-Пф-2602п";"23.04.2026";"ЧТ";"1 пара (08:30-09:55)";"-"
"СП-Пф-2602п";"23.04.2026";"ЧТ";"2 пара (10:05-11:30)";"-"
"СП-Пф-2602п";"23.04.2026";"ЧТ";"3 пара (12:25-13:50)";"-"
"СП-Пф-2602п";"23.04.2026";"ЧТ";"4 пара (14:00-15:25)";"-"
"СП-Пф-2602п";"23.04.2026";"ЧТ";"5 пара (15:35-16:55)";"-"
"СП-Пф-2602п";"23.04.2026";"ЧТ";"6 пара (17:05-18:25)";"ЛПЗ МДК.06.01 Технология выполнения газовой сварки и резки — вся группа, Подчиненнов Александр Юрьевич, Лесная"
"СП-Пф-2602п";"23.04.2026";"ЧТ";"7 пара (18:35-19:55)";"ЛПЗ МДК.06.01 Технология выполнения газовой сварки и резки — вся группа, Подчиненнов Александр Юрьевич, Лесная"
"СП-Пф-2602п";"29.04.2026";"СР";"1 пара (08:30-09:55)";"-"
"СП-Пф-2602п";"29.04.2026";"СР";"2 пара (10:05-11:30)";"-"
"СП-Пф-2602п";"29.04.2026";"СР";"3 пара (12:25-13:50)";"-"
"СП-Пф-2602п";"29.04.2026";"СР";"4 пара (14:00-15:25)";"ЛПЗ МДК.06.01 Технология выполнения газовой сварки и резки — вся группа, Подчиненнов Александр Юрьевич, Лесная"
"СП-Пф-2602п";"29.04.2026";"СР";"5 пара (15:35-16:55)";"ЛПЗ МДК.06.01 Технология выполнения газовой сварки и резки — вся группа, Подчиненнов Александр Юрьевич, Лесная"
"СП-Пф-2602п";"29.04.2026";"СР";"6 пара (17:05-18:25)";"ЛПЗ МДК.06.01 Технология выполнения газовой сварки и резки — вся группа, Подчиненнов Александр Юрьевич, Лесная"
"СП-Пф-2602п";"29.04.2026";"СР";"7 пара (18:35-19:55)";"ЛПЗ МДК.06.01 Технология выполнения газовой сварки и резки — вся группа, Подчиненнов Александр Юрьевич, Лесная"
"СП-Пф-2602п";"30.04.2026";"ЧТ";"1 пара (08:30-09:55)";"ЛПЗ МДК.06.02 Технология ручной дуговой сварки — вся группа, Подчиненнов Александр Юрьевич, Лесная"
"СП-Пф-2602п";"30.04.2026";"ЧТ";"2 пара (10:05-11:30)";"ЛПЗ МДК.06.02 Технология ручной дуговой сварки — вся группа, Подчиненнов Александр Юрьевич, Лесная"
"СП-Пф-2602п";"30.04.2026";"ЧТ";"3 пара (12:25-13:50)";"ЛПЗ МДК.06.02 Технология ручной дуговой сварки — вся группа, Подчиненнов Александр Юрьевич, Лесная"
"СП-Пф-2602п";"30.04.2026";"ЧТ";"4 пара (14:00-15:25)";"ЛПЗ МДК.06.02 Технология ручной дуговой сварки — вся группа, Подчиненнов Александр Юрьевич, Лесная"
"СП-Пф-2602п";"30.04.2026";"ЧТ";"5 пара (15:35-16:55)";"ЛПЗ МДК.06.02 Технология ручной дуговой сварки — вся группа, Подчиненнов Александр Юрьевич, Лесная"
"СП-Пф-2602п";"30.04.2026";"ЧТ";"6 пара (17:05-18:25)";"-"
"СП-Пф-2602п";"30.04.2026";"ЧТ";"7 пара (18:35-19:55)";"-"
"СП-Пф-2602п";"01.05.2026";"ПТ";"1 пара (08:30-09:55)";"ЛПЗ МДК.06.02 Технология ручной дуговой сварки — вся группа, Подчиненнов Александр Юрьевич, Лесная"
"СП-Пф-2602п";"01.05.2026";"ПТ";"2 пара (10:05-11:30)";"ЛПЗ МДК.06.02 Технология ручной дуговой сварки — вся группа, Подчиненнов Александр Юрьевич, Лесная"
"СП-Пф-2602п";"01.05.2026";"ПТ";"3 пара (12:25-13:50)";"ЛПЗ МДК.06.02 Технология ручной дуговой сварки — вся группа, Подчиненнов Александр Юрьевич, Лесная"
"СП-Пф-2602п";"01.05.2026";"ПТ";"4 пара (14:00-15:25)";"ЛПЗ МДК.06.02 Технология ручной дуговой сварки — вся группа, Подчиненнов Александр Юрьевич, Лесная"
"СП-Пф-2602п";"01.05.2026";"ПТ";"5 пара (15:35-16:55)";"ЛПЗ МДК.06.02 Технология ручной дуговой сварки — вся группа, Подчиненнов Александр Юрьевич, Лесная"
"СП-Пф-2602п";"01.05.2026";"ПТ";"6 пара (17:05-18:25)";"-"
"СП-Пф-2602п";"01.05.2026";"ПТ";"7 пара (18:35-19:55)";"-"
"СП-Пф-2602п";"02.05.2026";"СБ";"1 пара (08:30-09:45)";"ЛПЗ МДК.06.02 Технология ручной дуговой сварки — вся группа, Подчиненнов Александр Юрьевич, Лесная"
"СП-Пф-2602п";"02.05.2026";"СБ";"2 пара (09:55-11:10)";"ЛПЗ МДК.06.02 Технология ручной дуговой сварки — вся группа, Подчиненнов Александр Юрьевич, Лесная"
"СП-Пф-2602п";"02.05.2026";"СБ";"3 пара (11:30-12:45)";"ЛПЗ МДК.06.02 Технология ручной дуговой сварки — вся группа, Подчиненнов Александр Юрьевич, Лесная"
"СП-Пф-2602п";"02.05.2026";"СБ";"4 пара (12:55-14:10)";"ЛПЗ МДК.06.02 Технология ручной дуговой сварки — вся группа, Подчиненнов Александр Юрьевич, Лесная"
"СП-Пф-2602п";"02.05.2026";"СБ";"5 пара (14:20-15:30)";"ЛПЗ МДК.06.02 Технология ручной дуговой сварки — вся группа, Подчиненнов Александр Юрьевич, Лесная"
"СП-Пф-2602п";"02.05.2026";"СБ";"6 пара (15:40-16:50)";"-"
"СП-Пф-2602п";"02.05.2026";"СБ";"7 пара (17:00-18:10)";"-"
"СП-Пф-2602п";"04.05.2026";"ПН";"1 пара (09:15-10:40)";"ЛПЗ МДК.06.02 Технология ручной дуговой сварки — вся группа, Подчиненнов Александр Юрьевич, Лесная"
"СП-Пф-2602п";"04.05.2026";"ПН";"2 пара (10:50-12:15)";"ЛПЗ МДК.06.02 Технология ручной дуговой сварки — вся группа, Подчиненнов Александр Юрьевич, Лесная"
"СП-Пф-2602п";"04.05.2026";"ПН";"3 пара (13:10-14:35)";"ЛПЗ МДК.06.02 Технология ручной дуговой сварки — вся группа, Подчиненнов Александр Юрьевич, Лесная"
"СП-Пф-2602п";"04.05.2026";"ПН";"4 пара (14:45-16:10)";"ЛПЗ МДК.06.02 Технология ручной дуговой сварки — вся группа, Подчиненнов Александр Юрьевич, Лесная"
"СП-Пф-2602п";"04.05.2026";"ПН";"5 пара (16:20-17:40)";"ЛПЗ МДК.06.02 Технология ручной дуговой сварки — вся группа, Подчиненнов Александр Юрьевич, Лесная"
"СП-Пф-2602п";"04.05.2026";"ПН";"6 пара (17:50-19:10)";"-"
"СП-Пф-2602п";"04.05.2026";"ПН";"7 пара (19:20-20:40)";"-"
"СП-Пф-2602п";"05.05.2026";"ВТ";"1 пара (08:30-09:55)";"ЛПЗ МДК.06.02 Технология ручной дуговой сварки — вся группа, Подчиненнов Александр Юрьевич, Лесная"
"СП-Пф-2602п";"05.05.2026";"ВТ";"2 пара (10:05-11:30)";"ЛПЗ МДК.06.02 Технология ручной дуговой сварки — вся группа, Подчиненнов Александр Юрьевич, Лесная"
"СП-Пф-2602п";"05.05.2026";"ВТ";"3 пара (12:25-13:50)";"ЛПЗ МДК.06.02 Технология ручной дуговой сварки — вся группа, Подчиненнов Александр Юрьевич, Лесная"
"СП-Пф-2602п";"05.05.2026";"ВТ";"4 пара (14:00-15:25)";"ЛПЗ МДК.06.02 Технология ручной дуговой сварки — вся группа, Подчиненнов Александр Юрьевич, Лесная"
"СП-Пф-2602п";"05.05.2026";"ВТ";"5 пара (15:35-16:55)";"ЛПЗ МДК.06.02 Технология ручной дуговой сварки — вся группа, Подчиненнов Александр Юрьевич, Лесная"
"СП-Пф-2602п";"05.05.2026";"ВТ";"6 пара (17:05-18:25)";"-"
"СП-Пф-2602п";"05.05.2026";"ВТ";"7 пара (18:35-19:55)";"-"
"СП-Пф-2602п";"06.05.2026";"СР";"1 пара (08:30-09:55)";"ЛПЗ МДК.06.02 Технология ручной дуговой сварки — вся группа, Подчиненнов Александр Юрьевич, Лесная"
"СП-Пф-2602п";"06.05.2026";"СР";"2 пара (10:05-11:30)";"ЛПЗ МДК.06.02 Технология ручной дуговой сварки — вся группа, Подчиненнов Александр Юрьевич, Лесная"
"СП-Пф-2602п";"06.05.2026";"СР";"3 пара (12:25-13:50)";"ЛПЗ МДК.06.02 Технология ручной дуговой сварки — вся группа, Подчиненнов Александр Юрьевич, Лесная"
"СП-Пф-2602п";"06.05.2026";"СР";"4 пара (14:00-15:25)";"ЛПЗ МДК.06.02 Технология ручной дуговой сварки — вся группа, Подчиненнов Александр Юрьевич, Лесная"
"СП-Пф-2602п";"06.05.2026";"СР";"5 пара (15:35-16:55)";"ЛПЗ МДК.06.02 Технология ручной дуговой сварки — вся группа, Подчиненнов Александр Юрьевич, Лесная"
"СП-Пф-2602п";"06.05.2026";"СР";"6 пара (17:05-18:25)";"-"
"СП-Пф-2602п";"06.05.2026";"СР";"7 пара (18:35-19:55)";"-"
"ТОРД-2706";"12.01.2026";"ПН";"1 пара (09:15-10:40)";"Химия — вся группа, Соболева Любовь Анатольевна, Лесная"
"ТОРД-2706";"12.01.2026";"ПН";"2 пара (10:50-12:15)";"Химия — вся группа, Соболева Любовь Анатольевна, Лесная"
"ТОРД-2706";"12.01.2026";"ПН";"3 пара (13:10-14:35)";"Химия — вся группа, Соболева Любовь Анатольевна, Лесная"
"ТОРД-2706";"12.01.2026";"ПН";"4 пара (14:45-16:10)";"Химия — вся группа, Соболева Любовь Анатольевна, Лесная"
"ТОРД-2706";"12.01.2026";"ПН";"5 пара (16:20-17:40)";"Химия — вся группа, Соболева Любовь Анатольевна, Лесная"
"ТОРД-2706";"12.01.2026";"ПН";"6 пара (17:50-19:10)";"-"
"ТОРД-2706";"12.01.2026";"ПН";"7 пара (19:20-20:40)";"-"
"ТОРД-2706";"13.01.2026";"ВТ";"1 пара (08:30-09:55)";"Химия — вся группа, Соболева Любовь Анатольевна, Лесная"
"ТОРД-2706";"13.01.2026";"ВТ";"2 пара (10:05-11:30)";"Химия — вся группа, Соболева Любовь Анатольевна, Лесная"
"ТОРД-2706";"13.01.2026";"ВТ";"3 пара (12:25-13:50)";"Химия — вся группа, Соболева Любовь Анатольевна, Лесная"
"ТОРД-2706";"13.01.2026";"ВТ";"4 пара (14:00-15:25)";"Химия — вся группа, Соболева Любовь Анатольевна, Лесная"
"ТОРД-2706";"13.01.2026";"ВТ";"5 пара (15:35-16:55)";"Химия — вся группа, Соболева Любовь Анатольевна, Лесная"
"ТОРД-2706";"13.01.2026";"ВТ";"6 пара (17:05-18:25)";"-"
"ТОРД-2706";"13.01.2026";"ВТ";"7 пара (18:35-19:55)";"-"
"ТОРД-2706";"14.01.2026";"СР";"1 пара (08:30-09:55)";"Информатика — 2 п/г, Отрак Елена Сергеевна, Лесная | УП.04 (УП утро 08:30-12:30) — 1 п/г, Самцов Андрей Евгеньевич, Лесная"
"ТОРД-2706";"14.01.2026";"СР";"2 пара (10:05-11:30)";"Информатика — 2 п/г, Отрак Елена Сергеевна, Лесная | УП.04 (УП утро 08:30-12:30) — 1 п/г, Самцов Андрей Евгеньевич, Лесная"
"ТОРД-2706";"14.01.2026";"СР";"3 пара (12:25-13:50)";"Информатика — 2 п/г, Отрак Елена Сергеевна, Лесная"
"ТОРД-2706";"14.01.2026";"СР";"4 пара (14:00-15:25)";"Информатика — 2 п/г, Отрак Елена Сергеевна, Лесная"
"ТОРД-2706";"14.01.2026";"СР";"5 пара (15:35-16:55)";"Информатика — 2 п/г, Отрак Елена Сергеевна, Лесная"
"ТОРД-2706";"14.01.2026";"СР";"6 пара (17:05-18:25)";"-"
"ТОРД-2706";"14.01.2026";"СР";"7 пара (18:35-19:55)";"-"
"ТОРД-2706";"15.01.2026";"ЧТ";"1 пара (08:30-09:55)";"-"
"ТОРД-2706";"15.01.2026";"ЧТ";"2 пара (10:05-11:30)";"-"
"ТОРД-2706";"15.01.2026";"ЧТ";"3 пара (12:25-13:50)";"Физическая культура — вся группа, Потапова Регина Александровна, Лесная"
"ТОРД-2706";"15.01.2026";"ЧТ";"4 пара (14:00-15:25)";"Физическая культура — вся группа, Потапова Регина Александровна, Лесная"
"ТОРД-2706";"15.01.2026";"ЧТ";"5 пара (15:35-16:55)";"Физическая культура — вся группа, Потапова Регина Александровна, Лесная"
"ТОРД-2706";"15.01.2026";"ЧТ";"6 пара (17:05-18:25)";"География — вся группа, Кропотова Анастасия Андреевна, Лесная"
"ТОРД-2706";"15.01.2026";"ЧТ";"7 пара (18:35-19:55)";"География — вся группа, Кропотова Анастасия Андреевна, Лесная"
"ТОРД-2706";"16.01.2026";"ПТ";"1 пара (08:30-09:55)";"УП.04 (УП утро 08:30-12:30) — 2 п/г, Тимеров Валерий Вагизович, Лесная"
"ТОРД-2706";"16.01.2026";"ПТ";"2 пара (10:05-11:30)";"УП.04 (УП утро 08:30-12:30) — 2 п/г, Тимеров Валерий Вагизович, Лесная"
"ТОРД-2706";"16.01.2026";"ПТ";"3 пара (12:25-13:50)";"Информатика — 1 п/г, Отрак Елена Сергеевна, Лесная"
"ТОРД-2706";"16.01.2026";"ПТ";"4 пара (14:00-15:25)";"Иностранный язык в профессиональной деятельности — 1 п/г, Новосёлова Светлана Юрьевна, Лесная"
"ТОРД-2706";"16.01.2026";"ПТ";"5 пара (15:35-16:55)";"Иностранный язык в профессиональной деятельности — 1 п/г, Новосёлова Светлана Юрьевна, Лесная"
"ТОРД-2706";"16.01.2026";"ПТ";"6 пара (17:05-18:25)";"Иностранный язык в профессиональной деятельности — 1 п/г, Новосёлова Светлана Юрьевна, Лесная"
"ТОРД-2706";"16.01.2026";"ПТ";"7 пара (18:35-19:55)";"Иностранный язык в профессиональной деятельности — 1 п/г, Новосёлова Светлана Юрьевна, Лесная"
"ТОРД-2706";"17.01.2026";"СБ";"1 пара (08:30-09:45)";"География — вся группа, Кропотова Анастасия Андреевна, Лесная"
"ТОРД-2706";"17.01.2026";"СБ";"2 пара (09:55-11:10)";"География — вся группа, Кропотова Анастасия Андреевна, Лесная"
"ТОРД-2706";"17.01.2026";"СБ";"3 пара (11:30-12:45)";"География — вся группа, Кропотова Анастасия Андреевна, Лесная"
"ТОРД-2706";"17.01.2026";"СБ";"4 пара (12:55-14:10)";"География — вся группа, Кропотова Анастасия Андреевна, Лесная"
"ТОРД-2706";"17.01.2026";"СБ";"5 пара (14:20-15:30)";"География — вся группа, Кропотова Анастасия Андреевна, Лесная"
"ТОРД-2706";"17.01.2026";"СБ";"6 пара (15:40-16:50)";"-"
"ТОРД-2706";"17.01.2026";"СБ";"7 пара (17:00-18:10)";"-"
"ТОРД-2706";"19.01.2026";"ПН";"1 пара (09:15-10:40)";"Информатика — 2 п/г, Отрак Елена Сергеевна, Лесная"
"ТОРД-2706";"19.01.2026";"ПН";"2 пара (10:50-12:15)";"Информатика — 2 п/г, Отрак Елена Сергеевна, Лесная"
"ТОРД-2706";"19.01.2026";"ПН";"3 пара (13:10-14:35)";"Физическая культура — вся группа, Потапова Регина Александровна, Лесная"
"ТОРД-2706";"19.01.2026";"ПН";"4 пара (14:45-16:10)";"Физическая культура — вся группа, Потапова Регина Александровна, Лесная"
"ТОРД-2706";"19.01.2026";"ПН";"5 пара (16:20-17:40)";"Иностранный язык в профессиональной деятельности — 1 п/г, Новосёлова Светлана Юрьевна, Лесная | Информатика — 2 п/г, Отрак Елена Сергеевна, Лесная"
"ТОРД-2706";"19.01.2026";"ПН";"6 пара (17:50-19:10)";"Иностранный язык в профессиональной деятельности — 1 п/г, Новосёлова Светлана Юрьевна, Лесная"
"ТОРД-2706";"19.01.2026";"ПН";"7 пара (19:20-20:40)";"Иностранный язык в профессиональной деятельности — 1 п/г, Новосёлова Светлана Юрьевна, Лесная"
"ТОРД-2706";"20.01.2026";"ВТ";"1 пара (08:30-09:55)";"Иностранный язык в профессиональной деятельности — 1 п/г, Новосёлова Светлана Юрьевна, Лесная"
"ТОРД-2706";"20.01.2026";"ВТ";"2 пара (10:05-11:30)";"Иностранный язык в профессиональной деятельности — 1 п/г, Новосёлова Светлана Юрьевна, Лесная"
"ТОРД-2706";"20.01.2026";"ВТ";"3 пара (12:25-13:50)";"Иностранный язык в профессиональной деятельности — 1 п/г, Новосёлова Светлана Юрьевна, Лесная | Информатика — 2 п/г, Отрак Елена Сергеевна, Лесная"
"ТОРД-2706";"20.01.2026";"ВТ";"4 пара (14:00-15:25)";"Иностранный язык в профессиональной деятельности — 1 п/г, Новосёлова Светлана Юрьевна, Лесная | ЛПЗ Компас 3D — 2 п/г, Кошелев Дмитрий Александрович, Лесная"
"ТОРД-2706";"20.01.2026";"ВТ";"5 пара (15:35-16:55)";"Иностранный язык в профессиональной деятельности — 1 п/г, Новосёлова Светлана Юрьевна, Лесная | ЛПЗ Компас 3D — 2 п/г, Кошелев Дмитрий Александрович, Лесная"
"ТОРД-2706";"20.01.2026";"ВТ";"6 пара (17:05-18:25)";"Иностранный язык в профессиональной деятельности — 2 п/г, Новосёлова Светлана Юрьевна, Лесная"
"ТОРД-2706";"20.01.2026";"ВТ";"7 пара (18:35-19:55)";"Иностранный язык в профессиональной деятельности — 2 п/г, Новосёлова Светлана Юрьевна, Лесная"
"ТОРД-2706";"21.01.2026";"СР";"1 пара (08:30-09:55)";"Иностранный язык в профессиональной деятельности — 2 п/г, Новосёлова Светлана Юрьевна, Лесная | УП.04 (УП утро 08:30-12:30) — 1 п/г, Самцов Андрей Евгеньевич, Лесная"
"ТОРД-2706";"21.01.2026";"СР";"2 пара (10:05-11:30)";"Иностранный язык в профессиональной деятельности — 2 п/г, Новосёлова Светлана Юрьевна, Лесная | УП.04 (УП утро 08:30-12:30) — 1 п/г, Самцов Андрей Евгеньевич, Лесная"
"ТОРД-2706";"21.01.2026";"СР";"3 пара (12:25-13:50)";"Иностранный язык в профессиональной деятельности — 2 п/г, Новосёлова Светлана Юрьевна, Лесная"
"ТОРД-2706";"21.01.2026";"СР";"4 пара (14:00-15:25)";"Иностранный язык в профессиональной деятельности — 2 п/г, Новосёлова Светлана Юрьевна, Лесная"
"ТОРД-2706";"21.01.2026";"СР";"5 пара (15:35-16:55)";"Иностранный язык в профессиональной деятельности — 2 п/г, Новосёлова Светлана Юрьевна, Лесная"
"ТОРД-2706";"21.01.2026";"СР";"6 пара (17:05-18:25)";"-"
"ТОРД-2706";"21.01.2026";"СР";"7 пара (18:35-19:55)";"-"
"ТОРД-2706";"22.01.2026";"ЧТ";"1 пара (08:30-09:55)";"Иностранный язык в профессиональной деятельности — 1 п/г, Новосёлова Светлана Юрьевна, Лесная"
"ТОРД-2706";"22.01.2026";"ЧТ";"2 пара (10:05-11:30)";"Иностранный язык в профессиональной деятельности — 1 п/г, Новосёлова Светлана Юрьевна, Лесная"
"ТОРД-2706";"22.01.2026";"ЧТ";"3 пара (12:25-13:50)";"Иностранный язык в профессиональной деятельности — 1 п/г, Новосёлова Светлана Юрьевна, Лесная | ЛПЗ Компас 3D — 2 п/г, Кошелев Дмитрий Александрович, Лесная"
"ТОРД-2706";"22.01.2026";"ЧТ";"4 пара (14:00-15:25)";"Иностранный язык в профессиональной деятельности — 1 п/г, Новосёлова Светлана Юрьевна, Лесная | ЛПЗ Компас 3D — 2 п/г, Кошелев Дмитрий Александрович, Лесная"
"ТОРД-2706";"22.01.2026";"ЧТ";"5 пара (15:35-16:55)";"Иностранный язык в профессиональной деятельности — 1 п/г, Новосёлова Светлана Юрьевна, Лесная | ЛПЗ Компас 3D — 2 п/г, Кошелев Дмитрий Александрович, Лесная"
"ТОРД-2706";"22.01.2026";"ЧТ";"6 пара (17:05-18:25)";"Иностранный язык в профессиональной деятельности — 2 п/г, Новосёлова Светлана Юрьевна, Лесная"
"ТОРД-2706";"22.01.2026";"ЧТ";"7 пара (18:35-19:55)";"Иностранный язык в профессиональной деятельности — 2 п/г, Новосёлова Светлана Юрьевна, Лесная"
"ТОРД-2706";"23.01.2026";"ПТ";"1 пара (08:30-09:55)";"Иностранный язык в профессиональной деятельности — 1 п/г, Новосёлова Светлана Юрьевна, Лесная | УП.04 (УП утро 08:30-12:30) — 2 п/г, Тимеров Валерий Вагизович, Лесная"
"ТОРД-2706";"23.01.2026";"ПТ";"2 пара (10:05-11:30)";"Иностранный язык в профессиональной деятельности — 1 п/г, Новосёлова Светлана Юрьевна, Лесная | УП.04 (УП утро 08:30-12:30) — 2 п/г, Тимеров Валерий Вагизович, Лесная"
"ТОРД-2706";"23.01.2026";"ПТ";"3 пара (12:25-13:50)";"Иностранный язык в профессиональной деятельности — 1 п/г, Новосёлова Светлана Юрьевна, Лесная"
"ТОРД-2706";"23.01.2026";"ПТ";"4 пара (14:00-15:25)";"Иностранный язык в профессиональной деятельности — 1 п/г, Новосёлова Светлана Юрьевна, Лесная"
"ТОРД-2706";"23.01.2026";"ПТ";"5 пара (15:35-16:55)";"Иностранный язык в профессиональной деятельности — 1 п/г, Новосёлова Светлана Юрьевна, Лесная"
"ТОРД-2706";"23.01.2026";"ПТ";"6 пара (17:05-18:25)";"-"
"ТОРД-2706";"23.01.2026";"ПТ";"7 пара (18:35-19:55)";"-"
"ТОРД-2706";"24.01.2026";"СБ";"1 пара (08:30-09:45)";"Иностранный язык в профессиональной деятельности — 1 п/г, Новосёлова Светлана Юрьевна, Лесная"
"ТОРД-2706";"24.01.2026";"СБ";"2 пара (09:55-11:10)";"Иностранный язык в профессиональной деятельности — 2 п/г, Новосёлова Светлана Юрьевна, Лесная | Информатика — 1 п/г, Отрак Елена Сергеевна, Лесная"
"ТОРД-2706";"24.01.2026";"СБ";"3 пара (11:30-12:45)";"Иностранный язык в профессиональной деятельности — 2 п/г, Новосёлова Светлана Юрьевна, Лесная | Информатика — 1 п/г, Отрак Елена Сергеевна, Лесная"
"ТОРД-2706";"24.01.2026";"СБ";"4 пара (12:55-14:10)";"Иностранный язык в профессиональной деятельности — 2 п/г, Новосёлова Светлана Юрьевна, Лесная | Информатика — 1 п/г, Отрак Елена Сергеевна, Лесная"
"ТОРД-2706";"24.01.2026";"СБ";"5 пара (14:20-15:30)";"Иностранный язык в профессиональной деятельности — 2 п/г, Новосёлова Светлана Юрьевна, Лесная | Информатика — 1 п/г, Отрак Елена Сергеевна, Лесная"
"ТОРД-2706";"24.01.2026";"СБ";"6 пара (15:40-16:50)";"Иностранный язык в профессиональной деятельности — 2 п/г, Новосёлова Светлана Юрьевна, Лесная"
"ТОРД-2706";"24.01.2026";"СБ";"7 пара (17:00-18:10)";"-"
"ТОРД-2706";"26.01.2026";"ПН";"1 пара (09:15-10:40)";"Иностранный язык в профессиональной деятельности — 2 п/г, Новосёлова Светлана Юрьевна, Лесная | Информатика — 1 п/г, Отрак Елена Сергеевна, Лесная"
"ТОРД-2706";"26.01.2026";"ПН";"2 пара (10:50-12:15)";"Иностранный язык в профессиональной деятельности — 2 п/г, Новосёлова Светлана Юрьевна, Лесная | Информатика — 1 п/г, Отрак Елена Сергеевна, Лесная"
"ТОРД-2706";"26.01.2026";"ПН";"3 пара (13:10-14:35)";"Иностранный язык в профессиональной деятельности — 2 п/г, Новосёлова Светлана Юрьевна, Лесная | Информатика — 1 п/г, Отрак Елена Сергеевна, Лесная"
"ТОРД-2706";"26.01.2026";"ПН";"4 пара (14:45-16:10)";"Иностранный язык в профессиональной деятельности — 2 п/г, Новосёлова Светлана Юрьевна, Лесная | Информатика — 1 п/г, Отрак Елена Сергеевна, Лесная"
"ТОРД-2706";"26.01.2026";"ПН";"5 пара (16:20-17:40)";"Иностранный язык в профессиональной деятельности — 2 п/г, Новосёлова Светлана Юрьевна, Лесная | ЛПЗ Компас 3D — 1 п/г, Кошелев Дмитрий Александрович, Лесная"
"ТОРД-2706";"26.01.2026";"ПН";"6 пара (17:50-19:10)";"-"
"ТОРД-2706";"26.01.2026";"ПН";"7 пара (19:20-20:40)";"-"
"ТОРД-2706";"27.01.2026";"ВТ";"1 пара (08:30-09:55)";"Иностранный язык в профессиональной деятельности — 2 п/г, Новосёлова Светлана Юрьевна, Лесная | ЛПЗ Компас 3D — 1 п/г, Кошелев Дмитрий Александрович, Лесная"
"ТОРД-2706";"27.01.2026";"ВТ";"2 пара (10:05-11:30)";"Иностранный язык в профессиональной деятельности — 2 п/г, Новосёлова Светлана Юрьевна, Лесная | ЛПЗ Компас 3D — 1 п/г, Кошелев Дмитрий Александрович, Лесная"
"ТОРД-2706";"27.01.2026";"ВТ";"3 пара (12:25-13:50)";"Иностранный язык в профессиональной деятельности — 2 п/г, Новосёлова Светлана Юрьевна, Лесная | ЛПЗ Компас 3D — 1 п/г, Кошелев Дмитрий Александрович, Лесная"
"ТОРД-2706";"27.01.2026";"ВТ";"4 пара (14:00-15:25)";"Иностранный язык в профессиональной деятельности — 2 п/г, Новосёлова Светлана Юрьевна, Лесная | ЛПЗ Компас 3D — 1 п/г, Кошелев Дмитрий Александрович, Лесная"
"ТОРД-2706";"27.01.2026";"ВТ";"5 пара (15:35-16:55)";"Математика — вся группа, Абрамчук Раида Филимазовна, Лесная"
"ТОРД-2706";"27.01.2026";"ВТ";"6 пара (17:05-18:25)";"-"
"ТОРД-2706";"27.01.2026";"ВТ";"7 пара (18:35-19:55)";"-"
"ТОРД-2706";"28.01.2026";"СР";"1 пара (08:30-09:55)";"ЛПЗ Компас 3D — 2 п/г, Кошелев Дмитрий Александрович, Лесная | УП.04 (УП утро 08:30-12:30) — 1 п/г, Самцов Андрей Евгеньевич, Лесная"
"ТОРД-2706";"28.01.2026";"СР";"2 пара (10:05-11:30)";"ЛПЗ Компас 3D — 2 п/г, Кошелев Дмитрий Александрович, Лесная | УП.04 (УП утро 08:30-12:30) — 1 п/г, Самцов Андрей Евгеньевич, Лесная"
"ТОРД-2706";"28.01.2026";"СР";"3 пара (12:25-13:50)";"ЛПЗ Компас 3D — 2 п/г, Кошелев Дмитрий Александрович, Лесная"
"ТОРД-2706";"28.01.2026";"СР";"4 пара (14:00-15:25)";"ЛПЗ Компас 3D — 2 п/г, Кошелев Дмитрий Александрович, Лесная"
"ТОРД-2706";"28.01.2026";"СР";"5 пара (15:35-16:55)";"ЛПЗ Компас 3D — 2 п/г, Кошелев Дмитрий Александрович, Лесная"
"ТОРД-2706";"28.01.2026";"СР";"6 пара (17:05-18:25)";"-"
"ТОРД-2706";"28.01.2026";"СР";"7 пара (18:35-19:55)";"-"
"ТОРД-2706";"29.01.2026";"ЧТ";"1 пара (08:30-09:55)";"-"
"ТОРД-2706";"29.01.2026";"ЧТ";"2 пара (10:05-11:30)";"-"
"ТОРД-2706";"29.01.2026";"ЧТ";"3 пара (12:25-13:50)";"Математика — вся группа, Абрамчук Раида Филимазовна, Лесная"
"ТОРД-2706";"29.01.2026";"ЧТ";"4 пара (14:00-15:25)";"Математика — вся группа, Абрамчук Раида Филимазовна, Лесная"
"ТОРД-2706";"29.01.2026";"ЧТ";"5 пара (15:35-16:55)";"Математика — вся группа, Абрамчук Раида Филимазовна, Лесная"
"ТОРД-2706";"29.01.2026";"ЧТ";"6 пара (17:05-18:25)";"Физическая культура — вся группа, Потапова Регина Александровна, Лесная"
"ТОРД-2706";"29.01.2026";"ЧТ";"7 пара (18:35-19:55)";"Физическая культура — вся группа, Потапова Регина Александровна, Лесная"
"ТОРД-2706";"30.01.2026";"ПТ";"1 пара (08:30-09:55)";"УП.04 (УП утро 08:30-12:30) — 2 п/г, Тимеров Валерий Вагизович, Лесная"
"ТОРД-2706";"30.01.2026";"ПТ";"2 пара (10:05-11:30)";"УП.04 (УП утро 08:30-12:30) — 2 п/г, Тимеров Валерий Вагизович, Лесная"
"ТОРД-2706";"30.01.2026";"ПТ";"3 пара (12:25-13:50)";"ЛПЗ МДК.01.01 Устройство автомобилей — 1 п/г, Подчиненнов Александр Юрьевич, Лесная"
"ТОРД-2706";"30.01.2026";"ПТ";"4 пара (14:00-15:25)";"ЛПЗ Компас 3D — 1 п/г, Кошелев Дмитрий Александрович, Лесная"
"ТОРД-2706";"30.01.2026";"ПТ";"5 пара (15:35-16:55)";"ЛПЗ Компас 3D — 1 п/г, Кошелев Дмитрий Александрович, Лесная"
"ТОРД-2706";"30.01.2026";"ПТ";"6 пара (17:05-18:25)";"ЛПЗ Компас 3D — 1 п/г, Кошелев Дмитрий Александрович, Лесная"
"ТОРД-2706";"30.01.2026";"ПТ";"7 пара (18:35-19:55)";"ЛПЗ Компас 3D — 1 п/г, Кошелев Дмитрий Александрович, Лесная"
"ТОРД-2706";"31.01.2026";"СБ";"1 пара (08:30-09:45)";"-"
"ТОРД-2706";"31.01.2026";"СБ";"2 пара (09:55-11:10)";"-"
"ТОРД-2706";"31.01.2026";"СБ";"3 пара (11:30-12:45)";"Математика — вся группа, Абрамчук Раида Филимазовна, Лесная"
"ТОРД-2706";"31.01.2026";"СБ";"4 пара (12:55-14:10)";"Математика — вся группа, Абрамчук Раида Филимазовна, Лесная"
"ТОРД-2706";"31.01.2026";"СБ";"5 пара (14:20-15:30)";"Математика — вся группа, Абрамчук Раида Филимазовна, Лесная"
"ТОРД-2706";"31.01.2026";"СБ";"6 пара (15:40-16:50)";"Физическая культура — вся группа, Потапова Регина Александровна, Лесная"
"ТОРД-2706";"31.01.2026";"СБ";"7 пара (17:00-18:10)";"Физическая культура — вся группа, Потапова Регина Александровна, Лесная"
"ТОРД-2706";"02.02.2026";"ПН";"1 пара (09:15-10:40)";"Физическая культура — вся группа, Потапова Регина Александровна, Лесная"
"ТОРД-2706";"02.02.2026";"ПН";"2 пара (10:50-12:15)";"Физическая культура — вся группа, Потапова Регина Александровна, Лесная"
"ТОРД-2706";"02.02.2026";"ПН";"3 пара (13:10-14:35)";"Физическая культура — вся группа, Потапова Регина Александровна, Лесная"
"ТОРД-2706";"02.02.2026";"ПН";"4 пара (14:45-16:10)";"Физическая культура — вся группа, Потапова Регина Александровна, Лесная"
"ТОРД-2706";"02.02.2026";"ПН";"5 пара (16:20-17:40)";"Физическая культура — вся группа, Потапова Регина Александровна, Лесная"
"ТОРД-2706";"02.02.2026";"ПН";"6 пара (17:50-19:10)";"-"
"ТОРД-2706";"02.02.2026";"ПН";"7 пара (19:20-20:40)";"-"
"ТОРД-2706";"03.02.2026";"ВТ";"1 пара (08:30-09:55)";"Физическая культура — вся группа, Потапова Регина Александровна, Лесная"
"ТОРД-2706";"03.02.2026";"ВТ";"2 пара (10:05-11:30)";"Физическая культура — вся группа, Потапова Регина Александровна, Лесная"
"ТОРД-2706";"03.02.2026";"ВТ";"3 пара (12:25-13:50)";"Физическая культура — вся группа, Потапова Регина Александровна, Лесная"
"ТОРД-2706";"03.02.2026";"ВТ";"4 пара (14:00-15:25)";"Физическая культура — вся группа, Потапова Регина Александровна, Лесная"
"ТОРД-2706";"03.02.2026";"ВТ";"5 пара (15:35-16:55)";"Физическая культура — вся группа, Потапова Регина Александровна, Лесная"
"ТОРД-2706";"03.02.2026";"ВТ";"6 пара (17:05-18:25)";"-"
"ТОРД-2706";"03.02.2026";"ВТ";"7 пара (18:35-19:55)";"-"
"ТОРД-2706";"04.02.2026";"СР";"1 пара (08:30-09:55)";"ЛПЗ Компас 3D — 2 п/г, Кошелев Дмитрий Александрович, Лесная | УП.04 (УП утро 08:30-12:30) — 1 п/г, Самцов Андрей Евгеньевич, Лесная"
"ТОРД-2706";"04.02.2026";"СР";"2 пара (10:05-11:30)";"ЛПЗ Компас 3D — 2 п/г, Кошелев Дмитрий Александрович, Лесная | УП.04 (УП утро 08:30-12:30) — 1 п/г, Самцов Андрей Евгеньевич, Лесная"
"ТОРД-2706";"04.02.2026";"СР";"3 пара (12:25-13:50)";"ЛПЗ Компас 3D — 2 п/г, Кошелев Дмитрий Александрович, Лесная"
"ТОРД-2706";"04.02.2026";"СР";"4 пара (14:00-15:25)";"ЛПЗ Компас 3D — 2 п/г, Кошелев Дмитрий Александрович, Лесная"
"ТОРД-2706";"04.02.2026";"СР";"5 пара (15:35-16:55)";"ЛПЗ Компас 3D — 2 п/г, Кошелев Дмитрий Александрович, Лесная"
"ТОРД-2706";"04.02.2026";"СР";"6 пара (17:05-18:25)";"-"
"ТОРД-2706";"04.02.2026";"СР";"7 пара (18:35-19:55)";"-"
"ТОРД-2706";"05.02.2026";"ЧТ";"1 пара (08:30-09:55)";"-"
"ТОРД-2706";"05.02.2026";"ЧТ";"2 пара (10:05-11:30)";"-"
"ТОРД-2706";"05.02.2026";"ЧТ";"3 пара (12:25-13:50)";"Информатика теория — вся группа, Отрак Елена Сергеевна, Лесная"
"ТОРД-2706";"05.02.2026";"ЧТ";"4 пара (14:00-15:25)";"Инженерная графика — вся группа, Саламатина Вера Викторовна, Лесная"
"ТОРД-2706";"05.02.2026";"ЧТ";"5 пара (15:35-16:55)";"Инженерная графика — вся группа, Саламатина Вера Викторовна, Лесная"
"ТОРД-2706";"05.02.2026";"ЧТ";"6 пара (17:05-18:25)";"Физическая культура — вся группа, Потапова Регина Александровна, Лесная"
"ТОРД-2706";"05.02.2026";"ЧТ";"7 пара (18:35-19:55)";"Физическая культура — вся группа, Потапова Регина Александровна, Лесная"
"ТОРД-2706";"06.02.2026";"ПТ";"1 пара (08:30-09:55)";"УП.04 (УП утро 08:30-12:30) — 2 п/г, Тимеров Валерий Вагизович, Лесная"
"ТОРД-2706";"06.02.2026";"ПТ";"2 пара (10:05-11:30)";"УП.04 (УП утро 08:30-12:30) — 2 п/г, Тимеров Валерий Вагизович, Лесная"
"ТОРД-2706";"06.02.2026";"ПТ";"3 пара (12:25-13:50)";"ЛПЗ МДК.01.01 Устройство автомобилей — 1 п/г, Подчиненнов Александр Юрьевич, Лесная"
"ТОРД-2706";"06.02.2026";"ПТ";"4 пара (14:00-15:25)";"ЛПЗ Компас 3D — 1 п/г, Кошелев Дмитрий Александрович, Лесная"
"ТОРД-2706";"06.02.2026";"ПТ";"5 пара (15:35-16:55)";"ЛПЗ Компас 3D — 1 п/г, Кошелев Дмитрий Александрович, Лесная"
"ТОРД-2706";"06.02.2026";"ПТ";"6 пара (17:05-18:25)";"ЛПЗ Компас 3D — 1 п/г, Кошелев Дмитрий Александрович, Лесная"
"ТОРД-2706";"06.02.2026";"ПТ";"7 пара (18:35-19:55)";"ЛПЗ Компас 3D — 1 п/г, Кошелев Дмитрий Александрович, Лесная"
"ТОРД-2706";"07.02.2026";"СБ";"1 пара (08:30-09:45)";"Физическая культура — вся группа, Потапова Регина Александровна, Лесная"
"ТОРД-2706";"07.02.2026";"СБ";"2 пара (09:55-11:10)";"Физическая культура — вся группа, Потапова Регина Александровна, Лесная"
"ТОРД-2706";"07.02.2026";"СБ";"3 пара (11:30-12:45)";"Инженерная графика — вся группа, Саламатина Вера Викторовна, Лесная"
"ТОРД-2706";"07.02.2026";"СБ";"4 пара (12:55-14:10)";"Инженерная графика — вся группа, Саламатина Вера Викторовна, Лесная"
"ТОРД-2706";"07.02.2026";"СБ";"5 пара (14:20-15:30)";"Инженерная графика — вся группа, Саламатина Вера Викторовна, Лесная"
"ТОРД-2706";"07.02.2026";"СБ";"6 пара (15:40-16:50)";"-"
"ТОРД-2706";"07.02.2026";"СБ";"7 пара (17:00-18:10)";"-"
"ТОРД-2706";"09.02.2026";"ПН";"1 пара (09:15-10:40)";"Математика — вся группа, Абрамчук Раида Филимазовна, Лесная"
"ТОРД-2706";"09.02.2026";"ПН";"2 пара (10:50-12:15)";"Математика — вся группа, Абрамчук Раида Филимазовна, Лесная"
"ТОРД-2706";"09.02.2026";"ПН";"3 пара (13:10-14:35)";"Математика — вся группа, Абрамчук Раида Филимазовна, Лесная"
"ТОРД-2706";"09.02.2026";"ПН";"4 пара (14:45-16:10)";"Инженерная графика — вся группа, Саламатина Вера Викторовна, Лесная"
"ТОРД-2706";"09.02.2026";"ПН";"5 пара (16:20-17:40)";"Инженерная графика — вся группа, Саламатина Вера Викторовна, Лесная"
"ТОРД-2706";"09.02.2026";"ПН";"6 пара (17:50-19:10)";"-"
"ТОРД-2706";"09.02.2026";"ПН";"7 пара (19:20-20:40)";"-"
"ТОРД-2706";"10.02.2026";"ВТ";"1 пара (08:30-09:55)";"Инженерная графика — вся группа, Саламатина Вера Викторовна, Лесная"
"ТОРД-2706";"10.02.2026";"ВТ";"2 пара (10:05-11:30)";"Инженерная графика — вся группа, Саламатина Вера Викторовна, Лесная"
"ТОРД-2706";"10.02.2026";"ВТ";"3 пара (12:25-13:50)";"Инженерная графика — вся группа, Саламатина Вера Викторовна, Лесная"
"ТОРД-2706";"10.02.2026";"ВТ";"4 пара (14:00-15:25)";"Инженерная графика — вся группа, Саламатина Вера Викторовна, Лесная"
"ТОРД-2706";"10.02.2026";"ВТ";"5 пара (15:35-16:55)";"Инженерная графика — вся группа, Саламатина Вера Викторовна, Лесная"
"ТОРД-2706";"10.02.2026";"ВТ";"6 пара (17:05-18:25)";"-"
"ТОРД-2706";"10.02.2026";"ВТ";"7 пара (18:35-19:55)";"-"
"ТОРД-2706";"11.02.2026";"СР";"1 пара (08:30-09:55)";"ЛПЗ МДК.01.01 Устройство автомобилей — 2 п/г, Подчиненнов Александр Юрьевич, Лесная | УП.04 (УП утро 08:30-12:30) — 1 п/г, Самцов Андрей Евгеньевич, Лесная"
"ТОРД-2706";"11.02.2026";"СР";"2 пара (10:05-11:30)";"ЛПЗ МДК.01.01 Устройство автомобилей — 2 п/г, Подчиненнов Александр Юрьевич, Лесная | УП.04 (УП утро 08:30-12:30) — 1 п/г, Самцов Андрей Евгеньевич, Лесная"
"ТОРД-2706";"11.02.2026";"СР";"3 пара (12:25-13:50)";"ЛПЗ МДК.01.01 Устройство автомобилей — 2 п/г, Подчиненнов Александр Юрьевич, Лесная"
"ТОРД-2706";"11.02.2026";"СР";"4 пара (14:00-15:25)";"ЛПЗ Компас 3D — 2 п/г, Кошелев Дмитрий Александрович, Лесная"
"ТОРД-2706";"11.02.2026";"СР";"5 пара (15:35-16:55)";"ЛПЗ Компас 3D — 2 п/г, Кошелев Дмитрий Александрович, Лесная"
"ТОРД-2706";"11.02.2026";"СР";"6 пара (17:05-18:25)";"-"
"ТОРД-2706";"11.02.2026";"СР";"7 пара (18:35-19:55)";"-"
"ТОРД-2706";"12.02.2026";"ЧТ";"1 пара (08:30-09:55)";"Инженерная графика — вся группа, Саламатина Вера Викторовна, Лесная"
"ТОРД-2706";"12.02.2026";"ЧТ";"2 пара (10:05-11:30)";"Инженерная графика — вся группа, Саламатина Вера Викторовна, Лесная"
"ТОРД-2706";"12.02.2026";"ЧТ";"3 пара (12:25-13:50)";"Инженерная графика — вся группа, Саламатина Вера Викторовна, Лесная"
"ТОРД-2706";"12.02.2026";"ЧТ";"4 пара (14:00-15:25)";"Инженерная графика — вся группа, Саламатина Вера Викторовна, Лесная"
"ТОРД-2706";"12.02.2026";"ЧТ";"5 пара (15:35-16:55)";"Инженерная графика — вся группа, Саламатина Вера Викторовна, Лесная"
"ТОРД-2706";"12.02.2026";"ЧТ";"6 пара (17:05-18:25)";"-"
"ТОРД-2706";"12.02.2026";"ЧТ";"7 пара (18:35-19:55)";"-"
"ТОРД-2706";"13.02.2026";"ПТ";"1 пара (08:30-09:55)";"УП.04 (УП утро 08:30-12:30) — 2 п/г, Тимеров Валерий Вагизович, Лесная"
"ТОРД-2706";"13.02.2026";"ПТ";"2 пара (10:05-11:30)";"УП.04 (УП утро 08:30-12:30) — 2 п/г, Тимеров Валерий Вагизович, Лесная"
"ТОРД-2706";"13.02.2026";"ПТ";"3 пара (12:25-13:50)";"ЛПЗ МДК.01.01 Устройство автомобилей — 1 п/г, Подчиненнов Александр Юрьевич, Лесная"
"ТОРД-2706";"13.02.2026";"ПТ";"4 пара (14:00-15:25)";"ЛПЗ Компас 3D — 1 п/г, Кошелев Дмитрий Александрович, Лесная"
"ТОРД-2706";"13.02.2026";"ПТ";"5 пара (15:35-16:55)";"ЛПЗ Компас 3D — 1 п/г, Кошелев Дмитрий Александрович, Лесная"
"ТОРД-2706";"13.02.2026";"ПТ";"6 пара (17:05-18:25)";"ЛПЗ Компас 3D — 1 п/г, Кошелев Дмитрий Александрович, Лесная"
"ТОРД-2706";"13.02.2026";"ПТ";"7 пара (18:35-19:55)";"ЛПЗ Компас 3D — 1 п/г, Кошелев Дмитрий Александрович, Лесная"
"ТОРД-2706";"14.02.2026";"СБ";"1 пара (08:30-09:45)";"Инженерная графика — вся группа, Саламатина Вера Викторовна, Лесная"
"ТОРД-2706";"14.02.2026";"СБ";"2 пара (09:55-11:10)";"Инженерная графика — вся группа, Саламатина Вера Викторовна, Лесная"
"ТОРД-2706";"14.02.2026";"СБ";"3 пара (11:30-12:45)";"Инженерная графика — вся группа, Саламатина Вера Викторовна, Лесная"
"ТОРД-2706";"14.02.2026";"СБ";"4 пара (12:55-14:10)";"Инженерная графика — вся группа, Саламатина Вера Викторовна, Лесная"
"ТОРД-2706";"14.02.2026";"СБ";"5 пара (14:20-15:30)";"Инженерная графика — вся группа, Саламатина Вера Викторовна, Лесная"
"ТОРД-2706";"14.02.2026";"СБ";"6 пара (15:40-16:50)";"-"
"ТОРД-2706";"14.02.2026";"СБ";"7 пара (17:00-18:10)";"-"
"ТОРД-2706";"16.02.2026";"ПН";"1 пара (09:15-10:40)";"Инженерная графика — вся группа, Саламатина Вера Викторовна, Лесная"
"ТОРД-2706";"16.02.2026";"ПН";"2 пара (10:50-12:15)";"Инженерная графика — вся группа, Саламатина Вера Викторовна, Лесная"
"ТОРД-2706";"16.02.2026";"ПН";"3 пара (13:10-14:35)";"Инженерная графика — вся группа, Саламатина Вера Викторовна, Лесная"
"ТОРД-2706";"16.02.2026";"ПН";"4 пара (14:45-16:10)";"Инженерная графика — вся группа, Саламатина Вера Викторовна, Лесная"
"ТОРД-2706";"16.02.2026";"ПН";"5 пара (16:20-17:40)";"Инженерная графика — вся группа, Саламатина Вера Викторовна, Лесная"
"ТОРД-2706";"16.02.2026";"ПН";"6 пара (17:50-19:10)";"-"
"ТОРД-2706";"16.02.2026";"ПН";"7 пара (19:20-20:40)";"-"
"ТОРД-2706";"17.02.2026";"ВТ";"1 пара (08:30-09:55)";"Инженерная графика — вся группа, Саламатина Вера Викторовна, Лесная"
"ТОРД-2706";"17.02.2026";"ВТ";"2 пара (10:05-11:30)";"Электротехника и электроника — вся группа, Динмухаметов Владислав Дуферович, Лесная"
"ТОРД-2706";"17.02.2026";"ВТ";"3 пара (12:25-13:50)";"Техническая механика — вся группа, Абрамчук Раида Филимазовна, Лесная"
"ТОРД-2706";"17.02.2026";"ВТ";"4 пара (14:00-15:25)";"Техническая механика — вся группа, Абрамчук Раида Филимазовна, Лесная"
"ТОРД-2706";"17.02.2026";"ВТ";"5 пара (15:35-16:55)";"Техническая механика — вся группа, Абрамчук Раида Филимазовна, Лесная"
"ТОРД-2706";"17.02.2026";"ВТ";"6 пара (17:05-18:25)";"-"
"ТОРД-2706";"17.02.2026";"ВТ";"7 пара (18:35-19:55)";"-"
"ТОРД-2706";"18.02.2026";"СР";"1 пара (08:30-09:55)";"ЛПЗ МДК.01.01 Устройство автомобилей — 2 п/г, Подчиненнов Александр Юрьевич, Лесная | УП.04 (УП утро 08:30-12:30) — 1 п/г, Самцов Андрей Евгеньевич, Лесная"
"ТОРД-2706";"18.02.2026";"СР";"2 пара (10:05-11:30)";"ЛПЗ МДК.01.01 Устройство автомобилей — 2 п/г, Подчиненнов Александр Юрьевич, Лесная | УП.04 (УП утро 08:30-12:30) — 1 п/г, Самцов Андрей Евгеньевич, Лесная"
"ТОРД-2706";"18.02.2026";"СР";"3 пара (12:25-13:50)";"ЛПЗ МДК.01.01 Устройство автомобилей — 2 п/г, Подчиненнов Александр Юрьевич, Лесная"
"ТОРД-2706";"18.02.2026";"СР";"4 пара (14:00-15:25)";"ЛПЗ МДК.01.01 Устройство автомобилей — 2 п/г, Подчиненнов Александр Юрьевич, Лесная"
"ТОРД-2706";"18.02.2026";"СР";"5 пара (15:35-16:55)";"ЛПЗ МДК.01.01 Устройство автомобилей — 2 п/г, Подчиненнов Александр Юрьевич, Лесная"
"ТОРД-2706";"18.02.2026";"СР";"6 пара (17:05-18:25)";"-"
"ТОРД-2706";"18.02.2026";"СР";"7 пара (18:35-19:55)";"-"
"ТОРД-2706";"19.02.2026";"ЧТ";"1 пара (08:30-09:55)";"-"
"ТОРД-2706";"19.02.2026";"ЧТ";"2 пара (10:05-11:30)";"Техническая механика — вся группа, Абрамчук Раида Филимазовна, Лесная"
"ТОРД-2706";"19.02.2026";"ЧТ";"3 пара (12:25-13:50)";"Техническая механика — вся группа, Абрамчук Раида Филимазовна, Лесная"
"ТОРД-2706";"19.02.2026";"ЧТ";"4 пара (14:00-15:25)";"Техническая механика — вся группа, Абрамчук Раида Филимазовна, Лесная"
"ТОРД-2706";"19.02.2026";"ЧТ";"5 пара (15:35-16:55)";"Техническая механика — вся группа, Абрамчук Раида Филимазовна, Лесная"
"ТОРД-2706";"19.02.2026";"ЧТ";"6 пара (17:05-18:25)";"Техническая механика — вся группа, Абрамчук Раида Филимазовна, Лесная"
"ТОРД-2706";"19.02.2026";"ЧТ";"7 пара (18:35-19:55)";"-"
"ТОРД-2706";"20.02.2026";"ПТ";"1 пара (08:30-09:55)";"ЛПЗ МДК.01.01 Устройство автомобилей — 1 п/г, Подчиненнов Александр Юрьевич, Лесная | УП.04 (УП утро 08:30-12:30) — 2 п/г, Тимеров Валерий Вагизович, Лесная"
"ТОРД-2706";"20.02.2026";"ПТ";"2 пара (10:05-11:30)";"ЛПЗ МДК.01.01 Устройство автомобилей — 1 п/г, Подчиненнов Александр Юрьевич, Лесная | УП.04 (УП утро 08:30-12:30) — 2 п/г, Тимеров Валерий Вагизович, Лесная"
"ТОРД-2706";"20.02.2026";"ПТ";"3 пара (12:25-13:50)";"ЛПЗ МДК.01.01 Устройство автомобилей — 1 п/г, Подчиненнов Александр Юрьевич, Лесная"
"ТОРД-2706";"20.02.2026";"ПТ";"4 пара (14:00-15:25)";"ЛПЗ МДК.01.01 Устройство автомобилей — 1 п/г, Подчиненнов Александр Юрьевич, Лесная"
"ТОРД-2706";"20.02.2026";"ПТ";"5 пара (15:35-16:55)";"ЛПЗ МДК.01.01 Устройство автомобилей — 1 п/г, Подчиненнов Александр Юрьевич, Лесная"
"ТОРД-2706";"20.02.2026";"ПТ";"6 пара (17:05-18:25)";"-"
"ТОРД-2706";"20.02.2026";"ПТ";"7 пара (18:35-19:55)";"-"
"ТОРД-2706";"21.02.2026";"СБ";"1 пара (08:30-09:45)";"Техническая механика — вся группа, Абрамчук Раида Филимазовна, Лесная"
"ТОРД-2706";"21.02.2026";"СБ";"2 пара (09:55-11:10)";"Техническая механика — вся группа, Абрамчук Раида Филимазовна, Лесная"
"ТОРД-2706";"21.02.2026";"СБ";"3 пара (11:30-12:45)";"Техническая механика — вся группа, Абрамчук Раида Филимазовна, Лесная"
"ТОРД-2706";"21.02.2026";"СБ";"4 пара (12:55-14:10)";"Техническая механика — вся группа, Абрамчук Раида Филимазовна, Лесная"
"ТОРД-2706";"21.02.2026";"СБ";"5 пара (14:20-15:30)";"Техническая механика — вся группа, Абрамчук Раида Филимазовна, Лесная"
"ТОРД-2706";"21.02.2026";"СБ";"6 пара (15:40-16:50)";"-"
"ТОРД-2706";"21.02.2026";"СБ";"7 пара (17:00-18:10)";"-"
"ТОРД-2706";"23.02.2026";"ПН";"1 пара (09:15-10:40)";"Техническая механика — вся группа, Абрамчук Раида Филимазовна, Лесная"
"ТОРД-2706";"23.02.2026";"ПН";"2 пара (10:50-12:15)";"Техническая механика — вся группа, Абрамчук Раида Филимазовна, Лесная"
"ТОРД-2706";"23.02.2026";"ПН";"3 пара (13:10-14:35)";"Техническая механика — вся группа, Абрамчук Раида Филимазовна, Лесная"
"ТОРД-2706";"23.02.2026";"ПН";"4 пара (14:45-16:10)";"Техническая механика — вся группа, Абрамчук Раида Филимазовна, Лесная"
"ТОРД-2706";"23.02.2026";"ПН";"5 пара (16:20-17:40)";"Техническая механика — вся группа, Абрамчук Раида Филимазовна, Лесная"
"ТОРД-2706";"23.02.2026";"ПН";"6 пара (17:50-19:10)";"-"
"ТОРД-2706";"23.02.2026";"ПН";"7 пара (19:20-20:40)";"-"
"ТОРД-2706";"24.02.2026";"ВТ";"1 пара (08:30-09:55)";"ЛПЗ ВМДК.04.01 Слесарное дело и технические измерения — 2 п/г, Подчиненнов Александр Юрьевич, Лесная | УП.04 (УП утро 08:30-12:30) — 1 п/г, Самцов Андрей Евгеньевич, Лесная"
"ТОРД-2706";"24.02.2026";"ВТ";"2 пара (10:05-11:30)";"ЛПЗ ВМДК.04.01 Слесарное дело и технические измерения — 2 п/г, Подчиненнов Александр Юрьевич, Лесная | УП.04 (УП утро 08:30-12:30) — 1 п/г, Самцов Андрей Евгеньевич, Лесная"
"ТОРД-2706";"24.02.2026";"ВТ";"3 пара (12:25-13:50)";"ЛПЗ ВМДК.04.01 Слесарное дело и технические измерения — 2 п/г, Подчиненнов Александр Юрьевич, Лесная"
"ТОРД-2706";"24.02.2026";"ВТ";"4 пара (14:00-15:25)";"ЛПЗ ВМДК.04.01 Слесарное дело и технические измерения — 2 п/г, Подчиненнов Александр Юрьевич, Лесная"
"ТОРД-2706";"24.02.2026";"ВТ";"5 пара (15:35-16:55)";"ЛПЗ ВМДК.04.01 Слесарное дело и технические измерения — 2 п/г, Подчиненнов Александр Юрьевич, Лесная"
"ТОРД-2706";"24.02.2026";"ВТ";"6 пара (17:05-18:25)";"-"
"ТОРД-2706";"24.02.2026";"ВТ";"7 пара (18:35-19:55)";"-"
"ТОРД-2706";"25.02.2026";"СР";"1 пара (08:30-09:55)";"Техническая механика — вся группа, Абрамчук Раида Филимазовна, Лесная"
"ТОРД-2706";"25.02.2026";"СР";"2 пара (10:05-11:30)";"Техническая механика — вся группа, Абрамчук Раида Филимазовна, Лесная"
"ТОРД-2706";"25.02.2026";"СР";"3 пара (12:25-13:50)";"Техническая механика — вся группа, Абрамчук Раида Филимазовна, Лесная"
"ТОРД-2706";"25.02.2026";"СР";"4 пара (14:00-15:25)";"Техническая механика — вся группа, Абрамчук Раида Филимазовна, Лесная"
"ТОРД-2706";"25.02.2026";"СР";"5 пара (15:35-16:55)";"Техническая механика — вся группа, Абрамчук Раида Филимазовна, Лесная"
"ТОРД-2706";"25.02.2026";"СР";"6 пара (17:05-18:25)";"-"
"ТОРД-2706";"25.02.2026";"СР";"7 пара (18:35-19:55)";"-"
"ТОРД-2706";"26.02.2026";"ЧТ";"1 пара (08:30-09:55)";"ЛПЗ ВМДК.04.01 Слесарное дело и технические измерения — 1 п/г, Самцов Андрей Евгеньевич, Лесная | УП.04 (УП утро 08:30-12:30) — 2 п/г, Тимеров Валерий Вагизович, Лесная"
"ТОРД-2706";"26.02.2026";"ЧТ";"2 пара (10:05-11:30)";"ЛПЗ ВМДК.04.01 Слесарное дело и технические измерения — 1 п/г, Самцов Андрей Евгеньевич, Лесная | УП.04 (УП утро 08:30-12:30) — 2 п/г, Тимеров Валерий Вагизович, Лесная"
"ТОРД-2706";"26.02.2026";"ЧТ";"3 пара (12:25-13:50)";"ЛПЗ ВМДК.04.01 Слесарное дело и технические измерения — 1 п/г, Самцов Андрей Евгеньевич, Лесная"
"ТОРД-2706";"26.02.2026";"ЧТ";"4 пара (14:00-15:25)";"ЛПЗ ВМДК.04.01 Слесарное дело и технические измерения — 1 п/г, Самцов Андрей Евгеньевич, Лесная"
"ТОРД-2706";"26.02.2026";"ЧТ";"5 пара (15:35-16:55)";"ЛПЗ ВМДК.04.01 Слесарное дело и технические измерения — 1 п/г, Самцов Андрей Евгеньевич, Лесная"
"ТОРД-2706";"26.02.2026";"ЧТ";"6 пара (17:05-18:25)";"-"
"ТОРД-2706";"26.02.2026";"ЧТ";"7 пара (18:35-19:55)";"-"
"ТОРД-2706";"27.02.2026";"ПТ";"1 пара (08:30-09:55)";"Техническая механика — вся группа, Абрамчук Раида Филимазовна, Лесная"
"ТОРД-2706";"27.02.2026";"ПТ";"2 пара (10:05-11:30)";"Техническая механика — вся группа, Абрамчук Раида Филимазовна, Лесная"
"ТОРД-2706";"27.02.2026";"ПТ";"3 пара (12:25-13:50)";"Техническая механика — вся группа, Абрамчук Раида Филимазовна, Лесная"
"ТОРД-2706";"27.02.2026";"ПТ";"4 пара (14:00-15:25)";"Техническая механика — вся группа, Абрамчук Раида Филимазовна, Лесная"
"ТОРД-2706";"27.02.2026";"ПТ";"5 пара (15:35-16:55)";"Техническая механика — вся группа, Абрамчук Раида Филимазовна, Лесная"
"ТОРД-2706";"27.02.2026";"ПТ";"6 пара (17:05-18:25)";"-"
"ТОРД-2706";"27.02.2026";"ПТ";"7 пара (18:35-19:55)";"-"
"ТОРД-2706";"28.02.2026";"СБ";"1 пара (08:30-09:45)";"Техническая механика — вся группа, Абрамчук Раида Филимазовна, Лесная"
"ТОРД-2706";"28.02.2026";"СБ";"2 пара (09:55-11:10)";"Техническая механика — вся группа, Абрамчук Раида Филимазовна, Лесная"
"ТОРД-2706";"28.02.2026";"СБ";"3 пара (11:30-12:45)";"Техническая механика — вся группа, Абрамчук Раида Филимазовна, Лесная"
"ТОРД-2706";"28.02.2026";"СБ";"4 пара (12:55-14:10)";"Техническая механика — вся группа, Абрамчук Раида Филимазовна, Лесная"
"ТОРД-2706";"28.02.2026";"СБ";"5 пара (14:20-15:30)";"Техническая механика — вся группа, Абрамчук Раида Филимазовна, Лесная"
"ТОРД-2706";"28.02.2026";"СБ";"6 пара (15:40-16:50)";"-"
"ТОРД-2706";"28.02.2026";"СБ";"7 пара (17:00-18:10)";"-"
"ТОРД-2706";"02.03.2026";"ПН";"1 пара (09:15-10:40)";"УП.04 (УП утро 09:00-13:00) — 1 п/г, Самцов Андрей Евгеньевич, Лесная"
"ТОРД-2706";"02.03.2026";"ПН";"2 пара (10:50-12:15)";"УП.04 (УП утро 09:00-13:00) — 1 п/г, Самцов Андрей Евгеньевич, Лесная"
"ТОРД-2706";"02.03.2026";"ПН";"3 пара (13:10-14:35)";"ЛПЗ ВМДК.04.02 Диагностика, техническое обслуживание и ремонт мехатронных систем автомобиля — 2 п/г, Тимеров Валерий Вагизович, Лесная"
"ТОРД-2706";"02.03.2026";"ПН";"4 пара (14:45-16:10)";"ЛПЗ ВМДК.04.02 Диагностика, техническое обслуживание и ремонт мехатронных систем автомобиля — 2 п/г, Тимеров Валерий Вагизович, Лесная"
"ТОРД-2706";"02.03.2026";"ПН";"5 пара (16:20-17:40)";"ЛПЗ ВМДК.04.02 Диагностика, техническое обслуживание и ремонт мехатронных систем автомобиля — 2 п/г, Тимеров Валерий Вагизович, Лесная"
"ТОРД-2706";"02.03.2026";"ПН";"6 пара (17:50-19:10)";"ЛПЗ ВМДК.04.02 Диагностика, техническое обслуживание и ремонт мехатронных систем автомобиля — 2 п/г, Тимеров Валерий Вагизович, Лесная"
"ТОРД-2706";"02.03.2026";"ПН";"7 пара (19:20-20:40)";"ЛПЗ ВМДК.04.01 Слесарное дело и технические измерения — 2 п/г, Подчиненнов Александр Юрьевич, Лесная"
"ТОРД-2706";"03.03.2026";"ВТ";"1 пара (08:30-09:55)";"Техническая механика — вся группа, Абрамчук Раида Филимазовна, Лесная"
"ТОРД-2706";"03.03.2026";"ВТ";"2 пара (10:05-11:30)";"Техническая механика — вся группа, Абрамчук Раида Филимазовна, Лесная"
"ТОРД-2706";"03.03.2026";"ВТ";"3 пара (12:25-13:50)";"Техническая механика — вся группа, Абрамчук Раида Филимазовна, Лесная"
"ТОРД-2706";"03.03.2026";"ВТ";"4 пара (14:00-15:25)";"Техническая механика — вся группа, Абрамчук Раида Филимазовна, Лесная"
"ТОРД-2706";"03.03.2026";"ВТ";"5 пара (15:35-16:55)";"Техническая механика — вся группа, Абрамчук Раида Филимазовна, Лесная"
"ТОРД-2706";"03.03.2026";"ВТ";"6 пара (17:05-18:25)";"-"
"ТОРД-2706";"03.03.2026";"ВТ";"7 пара (18:35-19:55)";"-"
"ТОРД-2706";"04.03.2026";"СР";"1 пара (08:30-09:55)";"ЛПЗ ВМДК.04.01 Слесарное дело и технические измерения — 1 п/г, Самцов Андрей Евгеньевич, Лесная | УП.04 (УП утро 08:30-12:30) — 2 п/г, Тимеров Валерий Вагизович, Лесная"
"ТОРД-2706";"04.03.2026";"СР";"2 пара (10:05-11:30)";"ЛПЗ ВМДК.04.01 Слесарное дело и технические измерения — 1 п/г, Самцов Андрей Евгеньевич, Лесная | УП.04 (УП утро 08:30-12:30) — 2 п/г, Тимеров Валерий Вагизович, Лесная"
"ТОРД-2706";"04.03.2026";"СР";"3 пара (12:25-13:50)";"ЛПЗ ВМДК.04.01 Слесарное дело и технические измерения — 1 п/г, Самцов Андрей Евгеньевич, Лесная"
"ТОРД-2706";"04.03.2026";"СР";"4 пара (14:00-15:25)";"ЛПЗ ВМДК.04.01 Слесарное дело и технические измерения — 1 п/г, Самцов Андрей Евгеньевич, Лесная"
"ТОРД-2706";"04.03.2026";"СР";"5 пара (15:35-16:55)";"ЛПЗ ВМДК.04.01 Слесарное дело и технические измерения — 1 п/г, Самцов Андрей Евгеньевич, Лесная"
"ТОРД-2706";"04.03.2026";"СР";"6 пара (17:05-18:25)";"-"
"ТОРД-2706";"04.03.2026";"СР";"7 пара (18:35-19:55)";"-"
"ТОРД-2706";"05.03.2026";"ЧТ";"1 пара (08:30-09:55)";"Техническая механика — вся группа, Абрамчук Раида Филимазовна, Лесная"
"ТОРД-2706";"05.03.2026";"ЧТ";"2 пара (10:05-11:30)";"Техническая механика — вся группа, Абрамчук Раида Филимазовна, Лесная"
"ТОРД-2706";"05.03.2026";"ЧТ";"3 пара (12:25-13:50)";"Техническая механика — вся группа, Абрамчук Раида Филимазовна, Лесная"
"ТОРД-2706";"05.03.2026";"ЧТ";"4 пара (14:00-15:25)";"Техническая механика — вся группа, Абрамчук Раида Филимазовна, Лесная"
"ТОРД-2706";"05.03.2026";"ЧТ";"5 пара (15:35-16:55)";"Техническая механика — вся группа, Абрамчук Раида Филимазовна, Лесная"
"ТОРД-2706";"05.03.2026";"ЧТ";"6 пара (17:05-18:25)";"-"
"ТОРД-2706";"05.03.2026";"ЧТ";"7 пара (18:35-19:55)";"-"
"ТОРД-2706";"06.03.2026";"ПТ";"1 пара (08:30-09:55)";"Техническая механика — вся группа, Абрамчук Раида Филимазовна, Лесная"
"ТОРД-2706";"06.03.2026";"ПТ";"2 пара (10:05-11:30)";"Техническая механика — вся группа, Абрамчук Раида Филимазовна, Лесная"
"ТОРД-2706";"06.03.2026";"ПТ";"3 пара (12:25-13:50)";"Техническая механика — вся группа, Абрамчук Раида Филимазовна, Лесная"
"ТОРД-2706";"06.03.2026";"ПТ";"4 пара (14:00-15:25)";"Техническая механика — вся группа, Абрамчук Раида Филимазовна, Лесная"
"ТОРД-2706";"06.03.2026";"ПТ";"5 пара (15:35-16:55)";"Техническая механика — вся группа, Абрамчук Раида Филимазовна, Лесная"
"ТОРД-2706";"06.03.2026";"ПТ";"6 пара (17:05-18:25)";"-"
"ТОРД-2706";"06.03.2026";"ПТ";"7 пара (18:35-19:55)";"-"
"ТОРД-2706";"07.03.2026";"СБ";"1 пара (08:30-09:45)";"Техническая механика — вся группа, Абрамчук Раида Филимазовна, Лесная"
"ТОРД-2706";"07.03.2026";"СБ";"2 пара (09:55-11:10)";"Техническая механика — вся группа, Абрамчук Раида Филимазовна, Лесная"
"ТОРД-2706";"07.03.2026";"СБ";"3 пара (11:30-12:45)";"Техническая механика — вся группа, Абрамчук Раида Филимазовна, Лесная"
"ТОРД-2706";"07.03.2026";"СБ";"4 пара (12:55-14:10)";"Техническая механика — вся группа, Абрамчук Раида Филимазовна, Лесная"
"ТОРД-2706";"07.03.2026";"СБ";"5 пара (14:20-15:30)";"Техническая механика — вся группа, Абрамчук Раида Филимазовна, Лесная"
"ТОРД-2706";"07.03.2026";"СБ";"6 пара (15:40-16:50)";"-"
"ТОРД-2706";"07.03.2026";"СБ";"7 пара (17:00-18:10)";"-"
"ТОРД-2706";"09.03.2026";"ПН";"1 пара (09:15-10:40)";"МДК.01.01 Устройство автомобилей — вся группа, Абрамчук Раида Филимазовна, Лесная"
"ТОРД-2706";"09.03.2026";"ПН";"2 пара (10:50-12:15)";"МДК.01.01 Устройство автомобилей — вся группа, Абрамчук Раида Филимазовна, Лесная"
"ТОРД-2706";"09.03.2026";"ПН";"3 пара (13:10-14:35)";"Компас 3D — вся группа, Кошелев Дмитрий Александрович, Лесная"
"ТОРД-2706";"09.03.2026";"ПН";"4 пара (14:45-16:10)";"Компас 3D — вся группа, Кошелев Дмитрий Александрович, Лесная"
"ТОРД-2706";"09.03.2026";"ПН";"5 пара (16:20-17:40)";"МДК.01.01 Устройство автомобилей — вся группа, Абрамчук Раида Филимазовна, Лесная"
"ТОРД-2706";"09.03.2026";"ПН";"6 пара (17:50-19:10)";"-"
"ТОРД-2706";"09.03.2026";"ПН";"7 пара (19:20-20:40)";"-"
"ТОРД-2706";"10.03.2026";"ВТ";"1 пара (08:30-09:55)";"-"
"ТОРД-2706";"10.03.2026";"ВТ";"2 пара (10:05-11:30)";"-"
"ТОРД-2706";"10.03.2026";"ВТ";"3 пара (12:25-13:50)";"МДК.01.01 Устройство автомобилей — вся группа, Абрамчук Раида Филимазовна, Лесная"
"ТОРД-2706";"10.03.2026";"ВТ";"4 пара (14:00-15:25)";"МДК.01.01 Устройство автомобилей — вся группа, Абрамчук Раида Филимазовна, Лесная"
"ТОРД-2706";"10.03.2026";"ВТ";"5 пара (15:35-16:55)";"МДК.01.01 Устройство автомобилей — вся группа, Абрамчук Раида Филимазовна, Лесная"
"ТОРД-2706";"10.03.2026";"ВТ";"6 пара (17:05-18:25)";"Электротехника и электроника — вся группа, Динмухаметов Владислав Дуферович, Лесная"
"ТОРД-2706";"10.03.2026";"ВТ";"7 пара (18:35-19:55)";"Электротехника и электроника — вся группа, Динмухаметов Владислав Дуферович, Лесная"
"ТОРД-2706";"11.03.2026";"СР";"1 пара (08:30-09:55)";"-"
"ТОРД-2706";"11.03.2026";"СР";"2 пара (10:05-11:30)";"-"
"ТОРД-2706";"11.03.2026";"СР";"3 пара (12:25-13:50)";"МДК.01.01 Устройство автомобилей — вся группа, Абрамчук Раида Филимазовна, Лесная"
"ТОРД-2706";"11.03.2026";"СР";"4 пара (14:00-15:25)";"МДК.01.01 Устройство автомобилей — вся группа, Абрамчук Раида Филимазовна, Лесная"
"ТОРД-2706";"11.03.2026";"СР";"5 пара (15:35-16:55)";"МДК.01.01 Устройство автомобилей — вся группа, Абрамчук Раида Филимазовна, Лесная"
"ТОРД-2706";"11.03.2026";"СР";"6 пара (17:05-18:25)";"Электротехника и электроника — вся группа, Динмухаметов Владислав Дуферович, Лесная"
"ТОРД-2706";"11.03.2026";"СР";"7 пара (18:35-19:55)";"Электротехника и электроника — вся группа, Динмухаметов Владислав Дуферович, Лесная"
"ТОРД-2706";"12.03.2026";"ЧТ";"1 пара (08:30-09:55)";"-"
"ТОРД-2706";"12.03.2026";"ЧТ";"2 пара (10:05-11:30)";"-"
"ТОРД-2706";"12.03.2026";"ЧТ";"3 пара (12:25-13:50)";"МДК.01.01 Устройство автомобилей — вся группа, Абрамчук Раида Филимазовна, Лесная"
"ТОРД-2706";"12.03.2026";"ЧТ";"4 пара (14:00-15:25)";"МДК.01.01 Устройство автомобилей — вся группа, Абрамчук Раида Филимазовна, Лесная"
"ТОРД-2706";"12.03.2026";"ЧТ";"5 пара (15:35-16:55)";"Электротехника и электроника — вся группа, Динмухаметов Владислав Дуферович, Лесная"
"ТОРД-2706";"12.03.2026";"ЧТ";"6 пара (17:05-18:25)";"Электротехника и электроника — вся группа, Динмухаметов Владислав Дуферович, Лесная"
"ТОРД-2706";"12.03.2026";"ЧТ";"7 пара (18:35-19:55)";"Электротехника и электроника — вся группа, Динмухаметов Владислав Дуферович, Лесная"
"ТОРД-2706";"13.03.2026";"ПТ";"1 пара (08:30-09:55)";"Электротехника и электроника — вся группа, Динмухаметов Владислав Дуферович, Лесная"
"ТОРД-2706";"13.03.2026";"ПТ";"2 пара (10:05-11:30)";"Электротехника и электроника — вся группа, Динмухаметов Владислав Дуферович, Лесная"
"ТОРД-2706";"13.03.2026";"ПТ";"3 пара (12:25-13:50)";"Электротехника и электроника — вся группа, Динмухаметов Владислав Дуферович, Лесная"
"ТОРД-2706";"13.03.2026";"ПТ";"4 пара (14:00-15:25)";"МДК.01.01 Устройство автомобилей — вся группа, Абрамчук Раида Филимазовна, Лесная"
"ТОРД-2706";"13.03.2026";"ПТ";"5 пара (15:35-16:55)";"МДК.01.01 Устройство автомобилей — вся группа, Абрамчук Раида Филимазовна, Лесная"
"ТОРД-2706";"13.03.2026";"ПТ";"6 пара (17:05-18:25)";"-"
"ТОРД-2706";"13.03.2026";"ПТ";"7 пара (18:35-19:55)";"-"
"ТОРД-2706";"14.03.2026";"СБ";"1 пара (08:30-09:45)";"-"
"ТОРД-2706";"14.03.2026";"СБ";"2 пара (09:55-11:10)";"-"
"ТОРД-2706";"14.03.2026";"СБ";"3 пара (11:30-12:45)";"МДК.01.01 Устройство автомобилей — вся группа, Абрамчук Раида Филимазовна, Лесная"
"ТОРД-2706";"14.03.2026";"СБ";"4 пара (12:55-14:10)";"МДК.01.01 Устройство автомобилей — вся группа, Абрамчук Раида Филимазовна, Лесная"
"ТОРД-2706";"14.03.2026";"СБ";"5 пара (14:20-15:30)";"ВМДК.04.01 Слесарное дело и технические измерения — вся группа, Самцов Андрей Евгеньевич, Лесная"
"ТОРД-2706";"14.03.2026";"СБ";"6 пара (15:40-16:50)";"Электротехника и электроника — вся группа, Динмухаметов Владислав Дуферович, Лесная"
"ТОРД-2706";"14.03.2026";"СБ";"7 пара (17:00-18:10)";"Электротехника и электроника — вся группа, Динмухаметов Владислав Дуферович, Лесная"
"ТОРД-2706";"16.03.2026";"ПН";"1 пара (09:15-10:40)";"Электротехника и электроника — вся группа, Динмухаметов Владислав Дуферович, Лесная"
"ТОРД-2706";"16.03.2026";"ПН";"2 пара (10:50-12:15)";"Электротехника и электроника — вся группа, Динмухаметов Владислав Дуферович, Лесная"
"ТОРД-2706";"16.03.2026";"ПН";"3 пара (13:10-14:35)";"Электротехника и электроника — вся группа, Динмухаметов Владислав Дуферович, Лесная"
"ТОРД-2706";"16.03.2026";"ПН";"4 пара (14:45-16:10)";"Электротехника и электроника — вся группа, Динмухаметов Владислав Дуферович, Лесная"
"ТОРД-2706";"16.03.2026";"ПН";"5 пара (16:20-17:40)";"Электротехника и электроника — вся группа, Динмухаметов Владислав Дуферович, Лесная"
"ТОРД-2706";"16.03.2026";"ПН";"6 пара (17:50-19:10)";"-"
"ТОРД-2706";"16.03.2026";"ПН";"7 пара (19:20-20:40)";"-"
"ТОРД-2706";"17.03.2026";"ВТ";"1 пара (08:30-09:55)";"Электротехника и электроника — вся группа, Динмухаметов Владислав Дуферович, Лесная"
"ТОРД-2706";"17.03.2026";"ВТ";"2 пара (10:05-11:30)";"Электротехника и электроника — вся группа, Динмухаметов Владислав Дуферович, Лесная"
"ТОРД-2706";"17.03.2026";"ВТ";"3 пара (12:25-13:50)";"Электротехника и электроника — вся группа, Динмухаметов Владислав Дуферович, Лесная"
"ТОРД-2706";"17.03.2026";"ВТ";"4 пара (14:00-15:25)";"Электротехника и электроника — вся группа, Динмухаметов Владислав Дуферович, Лесная"
"ТОРД-2706";"17.03.2026";"ВТ";"5 пара (15:35-16:55)";"Электротехника и электроника — вся группа, Динмухаметов Владислав Дуферович, Лесная"
"ТОРД-2706";"17.03.2026";"ВТ";"6 пара (17:05-18:25)";"-"
"ТОРД-2706";"17.03.2026";"ВТ";"7 пара (18:35-19:55)";"-"
"ТОРД-2706";"18.03.2026";"СР";"1 пара (08:30-09:55)";"-"
"ТОРД-2706";"18.03.2026";"СР";"2 пара (10:05-11:30)";"-"
"ТОРД-2706";"18.03.2026";"СР";"3 пара (12:25-13:50)";"ВМДК.04.01 Слесарное дело и технические измерения — вся группа, Самцов Андрей Евгеньевич, Лесная"
"ТОРД-2706";"18.03.2026";"СР";"4 пара (14:00-15:25)";"ВМДК.04.01 Слесарное дело и технические измерения — вся группа, Самцов Андрей Евгеньевич, Лесная"
"ТОРД-2706";"18.03.2026";"СР";"5 пара (15:35-16:55)";"ВМДК.04.01 Слесарное дело и технические измерения — вся группа, Самцов Андрей Евгеньевич, Лесная"
"ТОРД-2706";"18.03.2026";"СР";"6 пара (17:05-18:25)";"Электротехника и электроника — вся группа, Динмухаметов Владислав Дуферович, Лесная"
"ТОРД-2706";"18.03.2026";"СР";"7 пара (18:35-19:55)";"Электротехника и электроника — вся группа, Динмухаметов Владислав Дуферович, Лесная"
"ТОРД-2706";"19.03.2026";"ЧТ";"1 пара (08:30-09:55)";"-"
"ТОРД-2706";"19.03.2026";"ЧТ";"2 пара (10:05-11:30)";"-"
"ТОРД-2706";"19.03.2026";"ЧТ";"3 пара (12:25-13:50)";"ВМДК.04.01 Слесарное дело и технические измерения — вся группа, Самцов Андрей Евгеньевич, Лесная"
"ТОРД-2706";"19.03.2026";"ЧТ";"4 пара (14:00-15:25)";"ВМДК.04.01 Слесарное дело и технические измерения — вся группа, Самцов Андрей Евгеньевич, Лесная"
"ТОРД-2706";"19.03.2026";"ЧТ";"5 пара (15:35-16:55)";"ВМДК.04.01 Слесарное дело и технические измерения — вся группа, Самцов Андрей Евгеньевич, Лесная"
"ТОРД-2706";"19.03.2026";"ЧТ";"6 пара (17:05-18:25)";"Электротехника и электроника — вся группа, Динмухаметов Владислав Дуферович, Лесная"
"ТОРД-2706";"19.03.2026";"ЧТ";"7 пара (18:35-19:55)";"Электротехника и электроника — вся группа, Динмухаметов Владислав Дуферович, Лесная"
"ТОРД-2706";"20.03.2026";"ПТ";"1 пара (08:30-09:55)";"-"
"ТОРД-2706";"20.03.2026";"ПТ";"2 пара (10:05-11:30)";"-"
"ТОРД-2706";"20.03.2026";"ПТ";"3 пара (12:25-13:50)";"ВМДК.04.01 Слесарное дело и технические измерения — вся группа, Самцов Андрей Евгеньевич, Лесная"
"ТОРД-2706";"20.03.2026";"ПТ";"4 пара (14:00-15:25)";"ВМДК.04.01 Слесарное дело и технические измерения — вся группа, Самцов Андрей Евгеньевич, Лесная"
"ТОРД-2706";"20.03.2026";"ПТ";"5 пара (15:35-16:55)";"ВМДК.04.01 Слесарное дело и технические измерения — вся группа, Самцов Андрей Евгеньевич, Лесная"
"ТОРД-2706";"20.03.2026";"ПТ";"6 пара (17:05-18:25)";"Электротехника и электроника — вся группа, Динмухаметов Владислав Дуферович, Лесная"
"ТОРД-2706";"20.03.2026";"ПТ";"7 пара (18:35-19:55)";"Электротехника и электроника — вся группа, Динмухаметов Владислав Дуферович, Лесная"
"ТОРД-2706";"21.03.2026";"СБ";"1 пара (08:30-09:45)";"ВМДК.04.01 Слесарное дело и технические измерения — вся группа, Самцов Андрей Евгеньевич, Лесная"
"ТОРД-2706";"21.03.2026";"СБ";"2 пара (09:55-11:10)";"ВМДК.04.01 Слесарное дело и технические измерения — вся группа, Самцов Андрей Евгеньевич, Лесная"
"ТОРД-2706";"21.03.2026";"СБ";"3 пара (11:30-12:45)";"ВМДК.04.01 Слесарное дело и технические измерения — вся группа, Самцов Андрей Евгеньевич, Лесная"
"ТОРД-2706";"21.03.2026";"СБ";"4 пара (12:55-14:10)";"ВМДК.04.01 Слесарное дело и технические измерения — вся группа, Самцов Андрей Евгеньевич, Лесная"
"ТОРД-2706";"21.03.2026";"СБ";"5 пара (14:20-15:30)";"ВМДК.04.01 Слесарное дело и технические измерения — вся группа, Самцов Андрей Евгеньевич, Лесная"
"ТОРД-2706";"21.03.2026";"СБ";"6 пара (15:40-16:50)";"-"
"ТОРД-2706";"21.03.2026";"СБ";"7 пара (17:00-18:10)";"-"
"ТОРД-2706";"23.03.2026";"ПН";"1 пара (09:15-10:40)";"ВМДК.04.01 Слесарное дело и технические измерения — вся группа, Самцов Андрей Евгеньевич, Лесная"
"ТОРД-2706";"23.03.2026";"ПН";"2 пара (10:50-12:15)";"ВМДК.04.01 Слесарное дело и технические измерения — вся группа, Самцов Андрей Евгеньевич, Лесная"
"ТОРД-2706";"23.03.2026";"ПН";"3 пара (13:10-14:35)";"ВМДК.04.01 Слесарное дело и технические измерения — вся группа, Самцов Андрей Евгеньевич, Лесная"
"ТОРД-2706";"23.03.2026";"ПН";"4 пара (14:45-16:10)";"ВМДК.04.01 Слесарное дело и технические измерения — вся группа, Самцов Андрей Евгеньевич, Лесная"
"ТОРД-2706";"23.03.2026";"ПН";"5 пара (16:20-17:40)";"ВМДК.04.01 Слесарное дело и технические измерения — вся группа, Самцов Андрей Евгеньевич, Лесная"
"ТОРД-2706";"23.03.2026";"ПН";"6 пара (17:50-19:10)";"-"
"ТОРД-2706";"23.03.2026";"ПН";"7 пара (19:20-20:40)";"-"
"ТОРД-2706";"24.03.2026";"ВТ";"1 пара (08:30-09:55)";"ЛПЗ ВМДК.04.01 Слесарное дело и технические измерения — 1 п/г, Самцов Андрей Евгеньевич, Лесная | ЛПЗ ВМДК.04.02 Диагностика, техническое обслуживание и ремонт мехатронных систем автомобиля — 2 п/г, Тимеров Валерий Вагизович, Лесная"
"ТОРД-2706";"24.03.2026";"ВТ";"2 пара (10:05-11:30)";"ЛПЗ ВМДК.04.01 Слесарное дело и технические измерения — 1 п/г, Самцов Андрей Евгеньевич, Лесная | ЛПЗ ВМДК.04.02 Диагностика, техническое обслуживание и ремонт мехатронных систем автомобиля — 2 п/г, Тимеров Валерий Вагизович, Лесная"
"ТОРД-2706";"24.03.2026";"ВТ";"3 пара (12:25-13:50)";"ЛПЗ ВМДК.04.01 Слесарное дело и технические измерения — 1 п/г, Самцов Андрей Евгеньевич, Лесная | ЛПЗ ВМДК.04.02 Диагностика, техническое обслуживание и ремонт мехатронных систем автомобиля — 2 п/г, Тимеров Валерий Вагизович, Лесная"
"ТОРД-2706";"24.03.2026";"ВТ";"4 пара (14:00-15:25)";"ЛПЗ ВМДК.04.01 Слесарное дело и технические измерения — 1 п/г, Самцов Андрей Евгеньевич, Лесная | ЛПЗ ВМДК.04.02 Диагностика, техническое обслуживание и ремонт мехатронных систем автомобиля — 2 п/г, Тимеров Валерий Вагизович, Лесная"
"ТОРД-2706";"24.03.2026";"ВТ";"5 пара (15:35-16:55)";"ЛПЗ ВМДК.04.01 Слесарное дело и технические измерения — 1 п/г, Самцов Андрей Евгеньевич, Лесная | ЛПЗ ВМДК.04.02 Диагностика, техническое обслуживание и ремонт мехатронных систем автомобиля — 2 п/г, Тимеров Валерий Вагизович, Лесная"
"ТОРД-2706";"24.03.2026";"ВТ";"6 пара (17:05-18:25)";"-"
"ТОРД-2706";"24.03.2026";"ВТ";"7 пара (18:35-19:55)";"-"
"ТОРД-2706";"25.03.2026";"СР";"1 пара (08:30-09:55)";"ЛПЗ ВМДК.04.01 Слесарное дело и технические измерения — 1 п/г, Самцов Андрей Евгеньевич, Лесная"
"ТОРД-2706";"25.03.2026";"СР";"2 пара (10:05-11:30)";"ЛПЗ ВМДК.04.01 Слесарное дело и технические измерения — 1 п/г, Самцов Андрей Евгеньевич, Лесная"
"ТОРД-2706";"25.03.2026";"СР";"3 пара (12:25-13:50)";"ЛПЗ ВМДК.04.01 Слесарное дело и технические измерения — 1 п/г, Самцов Андрей Евгеньевич, Лесная | ЛПЗ ВМДК.04.02 Диагностика, техническое обслуживание и ремонт мехатронных систем автомобиля — 2 п/г, Тимеров Валерий Вагизович, Лесная"
"ТОРД-2706";"25.03.2026";"СР";"4 пара (14:00-15:25)";"ЛПЗ ВМДК.04.01 Слесарное дело и технические измерения — 1 п/г, Самцов Андрей Евгеньевич, Лесная | ЛПЗ ВМДК.04.01 Слесарное дело и технические измерения — 2 п/г, Подчиненнов Александр Юрьевич, Лесная"
"ТОРД-2706";"25.03.2026";"СР";"5 пара (15:35-16:55)";"ЛПЗ ВМДК.04.01 Слесарное дело и технические измерения — 1 п/г, Самцов Андрей Евгеньевич, Лесная | ЛПЗ ВМДК.04.02 Диагностика, техническое обслуживание и ремонт мехатронных систем автомобиля — 2 п/г, Тимеров Валерий Вагизович, Лесная"
"ТОРД-2706";"25.03.2026";"СР";"6 пара (17:05-18:25)";"ЛПЗ ВМДК.04.01 Слесарное дело и технические измерения — 2 п/г, Подчиненнов Александр Юрьевич, Лесная"
"ТОРД-2706";"25.03.2026";"СР";"7 пара (18:35-19:55)";"ЛПЗ ВМДК.04.01 Слесарное дело и технические измерения — 2 п/г, Подчиненнов Александр Юрьевич, Лесная"
"ТОРД-2706";"26.03.2026";"ЧТ";"1 пара (08:30-09:55)";"ЛПЗ ВМДК.04.01 Слесарное дело и технические измерения — 1 п/г, Самцов Андрей Евгеньевич, Лесная"
"ТОРД-2706";"26.03.2026";"ЧТ";"2 пара (10:05-11:30)";"ЛПЗ ВМДК.04.01 Слесарное дело и технические измерения — 1 п/г, Самцов Андрей Евгеньевич, Лесная"
"ТОРД-2706";"26.03.2026";"ЧТ";"3 пара (12:25-13:50)";"ЛПЗ ВМДК.04.01 Слесарное дело и технические измерения — 1 п/г, Самцов Андрей Евгеньевич, Лесная | ЛПЗ ВМДК.04.02 Диагностика, техническое обслуживание и ремонт мехатронных систем автомобиля — 2 п/г, Тимеров Валерий Вагизович, Лесная"
"ТОРД-2706";"26.03.2026";"ЧТ";"4 пара (14:00-15:25)";"ЛПЗ ВМДК.04.01 Слесарное дело и технические измерения — 2 п/г, Подчиненнов Александр Юрьевич, Лесная | ЛПЗ ВМДК.04.02 Диагностика, техническое обслуживание и ремонт мехатронных систем автомобиля — 1 п/г, Тимеров Валерий Вагизович, Лесная"
"ТОРД-2706";"26.03.2026";"ЧТ";"5 пара (15:35-16:55)";"ЛПЗ ВМДК.04.01 Слесарное дело и технические измерения — 2 п/г, Подчиненнов Александр Юрьевич, Лесная | ЛПЗ ВМДК.04.02 Диагностика, техническое обслуживание и ремонт мехатронных систем автомобиля — 1 п/г, Тимеров Валерий Вагизович, Лесная"
"ТОРД-2706";"26.03.2026";"ЧТ";"6 пара (17:05-18:25)";"ЛПЗ ВМДК.04.01 Слесарное дело и технические измерения — 2 п/г, Подчиненнов Александр Юрьевич, Лесная"
"ТОРД-2706";"26.03.2026";"ЧТ";"7 пара (18:35-19:55)";"ЛПЗ ВМДК.04.01 Слесарное дело и технические измерения — 2 п/г, Подчиненнов Александр Юрьевич, Лесная"
"ТОРД-2706";"27.03.2026";"ПТ";"1 пара (08:30-09:55)";"УП.01 (УП утро 08:30-12:30) — 2 п/г, Подчиненнов Александр Юрьевич, Лесная | ЛПЗ ВМДК.04.02 Диагностика, техническое обслуживание и ремонт мехатронных систем автомобиля — 1 п/г, Тимеров Валерий Вагизович, Лесная"
"ТОРД-2706";"27.03.2026";"ПТ";"2 пара (10:05-11:30)";"УП.01 (УП утро 08:30-12:30) — 2 п/г, Подчиненнов Александр Юрьевич, Лесная | ЛПЗ ВМДК.04.02 Диагностика, техническое обслуживание и ремонт мехатронных систем автомобиля — 1 п/г, Тимеров Валерий Вагизович, Лесная"
"ТОРД-2706";"27.03.2026";"ПТ";"3 пара (12:25-13:50)";"ЛПЗ ВМДК.04.02 Диагностика, техническое обслуживание и ремонт мехатронных систем автомобиля — 1 п/г, Тимеров Валерий Вагизович, Лесная"
"ТОРД-2706";"27.03.2026";"ПТ";"4 пара (14:00-15:25)";"ЛПЗ ВМДК.04.02 Диагностика, техническое обслуживание и ремонт мехатронных систем автомобиля — 1 п/г, Тимеров Валерий Вагизович, Лесная"
"ТОРД-2706";"27.03.2026";"ПТ";"5 пара (15:35-16:55)";"ЛПЗ ВМДК.04.02 Диагностика, техническое обслуживание и ремонт мехатронных систем автомобиля — 1 п/г, Тимеров Валерий Вагизович, Лесная"
"ТОРД-2706";"27.03.2026";"ПТ";"6 пара (17:05-18:25)";"-"
"ТОРД-2706";"27.03.2026";"ПТ";"7 пара (18:35-19:55)";"-"
"ТОРД-2706";"28.03.2026";"СБ";"1 пара (08:30-09:45)";"ЛПЗ ВМДК.04.02 Диагностика, техническое обслуживание и ремонт мехатронных систем автомобиля — 1 п/г, Тимеров Валерий Вагизович, Лесная"
"ТОРД-2706";"28.03.2026";"СБ";"2 пара (09:55-11:10)";"ЛПЗ ВМДК.04.02 Диагностика, техническое обслуживание и ремонт мехатронных систем автомобиля — 1 п/г, Тимеров Валерий Вагизович, Лесная"
"ТОРД-2706";"28.03.2026";"СБ";"3 пара (11:30-12:45)";"ВМДК.04.02 Диагностика, техническое обслуживание и ремонт мехатронных систем автомобиля — вся группа, Тимеров Валерий Вагизович, Лесная"
"ТОРД-2706";"28.03.2026";"СБ";"4 пара (12:55-14:10)";"ЛПЗ ВМДК.04.01 Слесарное дело и технические измерения — 2 п/г, Подчиненнов Александр Юрьевич, Лесная | ЛПЗ ВМДК.04.02 Диагностика, техническое обслуживание и ремонт мехатронных систем автомобиля — 1 п/г, Тимеров Валерий Вагизович, Лесная"
"ТОРД-2706";"28.03.2026";"СБ";"5 пара (14:20-15:30)";"ВМДК.04.02 Диагностика, техническое обслуживание и ремонт мехатронных систем автомобиля — вся группа, Тимеров Валерий Вагизович, Лесная"
"ТОРД-2706";"28.03.2026";"СБ";"6 пара (15:40-16:50)";"ЛПЗ ВМДК.04.01 Слесарное дело и технические измерения — 2 п/г, Подчиненнов Александр Юрьевич, Лесная"
"ТОРД-2706";"28.03.2026";"СБ";"7 пара (17:00-18:10)";"ЛПЗ ВМДК.04.01 Слесарное дело и технические измерения — 2 п/г, Подчиненнов Александр Юрьевич, Лесная"
"ТОРД-2706";"30.03.2026";"ПН";"1 пара (09:15-10:40)";"ВМДК.04.02 Диагностика, техническое обслуживание и ремонт мехатронных систем автомобиля — вся группа, Тимеров Валерий Вагизович, Лесная"
"ТОРД-2706";"30.03.2026";"ПН";"2 пара (10:50-12:15)";"ВМДК.04.02 Диагностика, техническое обслуживание и ремонт мехатронных систем автомобиля — вся группа, Тимеров Валерий Вагизович, Лесная"
"ТОРД-2706";"30.03.2026";"ПН";"3 пара (13:10-14:35)";"ВМДК.04.02 Диагностика, техническое обслуживание и ремонт мехатронных систем автомобиля — вся группа, Тимеров Валерий Вагизович, Лесная"
"ТОРД-2706";"30.03.2026";"ПН";"4 пара (14:45-16:10)";"ВМДК.04.02 Диагностика, техническое обслуживание и ремонт мехатронных систем автомобиля — вся группа, Тимеров Валерий Вагизович, Лесная"
"ТОРД-2706";"30.03.2026";"ПН";"5 пара (16:20-17:40)";"ВМДК.04.02 Диагностика, техническое обслуживание и ремонт мехатронных систем автомобиля — вся группа, Тимеров Валерий Вагизович, Лесная"
"ТОРД-2706";"30.03.2026";"ПН";"6 пара (17:50-19:10)";"-"
"ТОРД-2706";"30.03.2026";"ПН";"7 пара (19:20-20:40)";"-"
"ТОРД-2706";"31.03.2026";"ВТ";"1 пара (08:30-09:55)";"ВМДК.04.02 Диагностика, техническое обслуживание и ремонт мехатронных систем автомобиля — вся группа, Тимеров Валерий Вагизович, Лесная"
"ТОРД-2706";"31.03.2026";"ВТ";"2 пара (10:05-11:30)";"ВМДК.04.02 Диагностика, техническое обслуживание и ремонт мехатронных систем автомобиля — вся группа, Тимеров Валерий Вагизович, Лесная"
"ТОРД-2706";"31.03.2026";"ВТ";"3 пара (12:25-13:50)";"ВМДК.04.02 Диагностика, техническое обслуживание и ремонт мехатронных систем автомобиля — вся группа, Тимеров Валерий Вагизович, Лесная"
"ТОРД-2706";"31.03.2026";"ВТ";"4 пара (14:00-15:25)";"ВМДК.04.02 Диагностика, техническое обслуживание и ремонт мехатронных систем автомобиля — вся группа, Тимеров Валерий Вагизович, Лесная"
"ТОРД-2706";"31.03.2026";"ВТ";"5 пара (15:35-16:55)";"ЛПЗ ВМДК.04.02 Диагностика, техническое обслуживание и ремонт мехатронных систем автомобиля — 1 п/г, Тимеров Валерий Вагизович, Лесная"
"ТОРД-2706";"31.03.2026";"ВТ";"6 пара (17:05-18:25)";"-"
"ТОРД-2706";"31.03.2026";"ВТ";"7 пара (18:35-19:55)";"-"
"ТОРД-2706";"01.04.2026";"СР";"1 пара (08:30-09:55)";"-"
"ТОРД-2706";"01.04.2026";"СР";"2 пара (10:05-11:30)";"ЛПЗ ВМДК.04.02 Диагностика, техническое обслуживание и ремонт мехатронных систем автомобиля — 1 п/г, Тимеров Валерий Вагизович, Лесная"
"ТОРД-2706";"01.04.2026";"СР";"3 пара (12:25-13:50)";"ВМДК.05.01 Основы законодательства в сфере дорожного движения — вся группа, Тимеров Валерий Вагизович, Лесная"
"ТОРД-2706";"01.04.2026";"СР";"4 пара (14:00-15:25)";"ЛПЗ ВМДК.04.01 Слесарное дело и технические измерения — 2 п/г, Подчиненнов Александр Юрьевич, Лесная"
"ТОРД-2706";"01.04.2026";"СР";"5 пара (15:35-16:55)";"ЛПЗ ВМДК.04.01 Слесарное дело и технические измерения — 2 п/г, Подчиненнов Александр Юрьевич, Лесная"
"ТОРД-2706";"01.04.2026";"СР";"6 пара (17:05-18:25)";"ЛПЗ ВМДК.04.01 Слесарное дело и технические измерения — 2 п/г, Подчиненнов Александр Юрьевич, Лесная"
"ТОРД-2706";"01.04.2026";"СР";"7 пара (18:35-19:55)";"ЛПЗ ВМДК.04.01 Слесарное дело и технические измерения — 2 п/г, Подчиненнов Александр Юрьевич, Лесная"
"ТОРД-2706";"02.04.2026";"ЧТ";"1 пара (08:30-09:55)";"УП.01 (УП утро 08:30-12:30) — 2 п/г, Подчиненнов Александр Юрьевич, Лесная"
"ТОРД-2706";"02.04.2026";"ЧТ";"2 пара (10:05-11:30)";"УП.01 (УП утро 08:30-12:30) — 2 п/г, Подчиненнов Александр Юрьевич, Лесная"
"ТОРД-2706";"02.04.2026";"ЧТ";"3 пара (12:25-13:50)";"-"
"ТОРД-2706";"02.04.2026";"ЧТ";"4 пара (14:00-15:25)";"-"
"ТОРД-2706";"02.04.2026";"ЧТ";"5 пара (15:35-16:55)";"-"
"ТОРД-2706";"02.04.2026";"ЧТ";"6 пара (17:05-18:25)";"-"
"ТОРД-2706";"02.04.2026";"ЧТ";"7 пара (18:35-19:55)";"-"
"ТОРД-2706";"03.04.2026";"ПТ";"1 пара (08:30-09:55)";"ВМДК.05.01 Основы законодательства в сфере дорожного движения — вся группа, Тимеров Валерий Вагизович, Лесная"
"ТОРД-2706";"03.04.2026";"ПТ";"2 пара (10:05-11:30)";"ВМДК.05.01 Основы законодательства в сфере дорожного движения — вся группа, Тимеров Валерий Вагизович, Лесная"
"ТОРД-2706";"03.04.2026";"ПТ";"3 пара (12:25-13:50)";"ВМДК.05.01 Основы законодательства в сфере дорожного движения — вся группа, Тимеров Валерий Вагизович, Лесная"
"ТОРД-2706";"03.04.2026";"ПТ";"4 пара (14:00-15:25)";"ВМДК.05.01 Основы законодательства в сфере дорожного движения — вся группа, Тимеров Валерий Вагизович, Лесная"
"ТОРД-2706";"03.04.2026";"ПТ";"5 пара (15:35-16:55)";"ВМДК.05.01 Основы законодательства в сфере дорожного движения — вся группа, Тимеров Валерий Вагизович, Лесная"
"ТОРД-2706";"03.04.2026";"ПТ";"6 пара (17:05-18:25)";"-"
"ТОРД-2706";"03.04.2026";"ПТ";"7 пара (18:35-19:55)";"-"
"ТОРД-2706";"04.04.2026";"СБ";"1 пара (08:30-09:45)";"-"
"ТОРД-2706";"04.04.2026";"СБ";"2 пара (09:55-11:10)";"-"
"ТОРД-2706";"04.04.2026";"СБ";"3 пара (11:30-12:45)";"ВМДК.05.01 Основы законодательства в сфере дорожного движения — вся группа, Тимеров Валерий Вагизович, Лесная"
"ТОРД-2706";"04.04.2026";"СБ";"4 пара (12:55-14:10)";"ВМДК.05.01 Основы законодательства в сфере дорожного движения — вся группа, Тимеров Валерий Вагизович, Лесная"
"ТОРД-2706";"04.04.2026";"СБ";"5 пара (14:20-15:30)";"ВМДК.05.01 Основы законодательства в сфере дорожного движения — вся группа, Тимеров Валерий Вагизович, Лесная"
"ТОРД-2706";"04.04.2026";"СБ";"6 пара (15:40-16:50)";"ЛПЗ ВМДК.04.01 Слесарное дело и технические измерения — 2 п/г, Подчиненнов Александр Юрьевич, Лесная"
"ТОРД-2706";"04.04.2026";"СБ";"7 пара (17:00-18:10)";"ЛПЗ ВМДК.04.01 Слесарное дело и технические измерения — 2 п/г, Подчиненнов Александр Юрьевич, Лесная"
"ТОРД-2706";"06.04.2026";"ПН";"1 пара (09:15-10:40)";"ВМДК.05.01 Основы законодательства в сфере дорожного движения — вся группа, Тимеров Валерий Вагизович, Лесная"
"ТОРД-2706";"06.04.2026";"ПН";"2 пара (10:50-12:15)";"ВМДК.05.01 Основы законодательства в сфере дорожного движения — вся группа, Тимеров Валерий Вагизович, Лесная"
"ТОРД-2706";"06.04.2026";"ПН";"3 пара (13:10-14:35)";"ВМДК.05.01 Основы законодательства в сфере дорожного движения — вся группа, Тимеров Валерий Вагизович, Лесная"
"ТОРД-2706";"06.04.2026";"ПН";"4 пара (14:45-16:10)";"ВМДК.05.01 Основы законодательства в сфере дорожного движения — вся группа, Тимеров Валерий Вагизович, Лесная"
"ТОРД-2706";"06.04.2026";"ПН";"5 пара (16:20-17:40)";"ВМДК.05.01 Основы законодательства в сфере дорожного движения — вся группа, Тимеров Валерий Вагизович, Лесная"
"ТОРД-2706";"06.04.2026";"ПН";"6 пара (17:50-19:10)";"-"
"ТОРД-2706";"06.04.2026";"ПН";"7 пара (19:20-20:40)";"-"
"ТОРД-2706";"07.04.2026";"ВТ";"1 пара (08:30-09:55)";"ВМДК.05.01 Основы законодательства в сфере дорожного движения — вся группа, Тимеров Валерий Вагизович, Лесная"
"ТОРД-2706";"07.04.2026";"ВТ";"2 пара (10:05-11:30)";"ВМДК.05.01 Основы законодательства в сфере дорожного движения — вся группа, Тимеров Валерий Вагизович, Лесная"
"ТОРД-2706";"07.04.2026";"ВТ";"3 пара (12:25-13:50)";"ВМДК.05.01 Основы законодательства в сфере дорожного движения — вся группа, Тимеров Валерий Вагизович, Лесная"
"ТОРД-2706";"07.04.2026";"ВТ";"4 пара (14:00-15:25)";"ВМДК.05.01 Основы законодательства в сфере дорожного движения — вся группа, Тимеров Валерий Вагизович, Лесная"
"ТОРД-2706";"07.04.2026";"ВТ";"5 пара (15:35-16:55)";"ВМДК.05.01 Основы законодательства в сфере дорожного движения — вся группа, Тимеров Валерий Вагизович, Лесная"
"ТОРД-2706";"07.04.2026";"ВТ";"6 пара (17:05-18:25)";"-"
"ТОРД-2706";"07.04.2026";"ВТ";"7 пара (18:35-19:55)";"-"
"ТОРД-2706";"08.04.2026";"СР";"1 пара (08:30-09:55)";"ВМДК.05.01 Основы законодательства в сфере дорожного движения — вся группа, Тимеров Валерий Вагизович, Лесная"
"ТОРД-2706";"08.04.2026";"СР";"2 пара (10:05-11:30)";"ВМДК.05.01 Основы законодательства в сфере дорожного движения — вся группа, Тимеров Валерий Вагизович, Лесная"
"ТОРД-2706";"08.04.2026";"СР";"3 пара (12:25-13:50)";"ВМДК.05.01 Основы законодательства в сфере дорожного движения — вся группа, Тимеров Валерий Вагизович, Лесная"
"ТОРД-2706";"08.04.2026";"СР";"4 пара (14:00-15:25)";"ВМДК.05.01 Основы законодательства в сфере дорожного движения — вся группа, Тимеров Валерий Вагизович, Лесная"
"ТОРД-2706";"08.04.2026";"СР";"5 пара (15:35-16:55)";"ВМДК.05.01 Основы законодательства в сфере дорожного движения — вся группа, Тимеров Валерий Вагизович, Лесная"
"ТОРД-2706";"08.04.2026";"СР";"6 пара (17:05-18:25)";"-"
"ТОРД-2706";"08.04.2026";"СР";"7 пара (18:35-19:55)";"-"
"ТОРД-2706";"09.04.2026";"ЧТ";"1 пара (08:30-09:55)";"УП.01 (УП утро 08:30-12:30) — 2 п/г, Подчиненнов Александр Юрьевич, Лесная"
"ТОРД-2706";"09.04.2026";"ЧТ";"2 пара (10:05-11:30)";"УП.01 (УП утро 08:30-12:30) — 2 п/г, Подчиненнов Александр Юрьевич, Лесная"
"ТОРД-2706";"09.04.2026";"ЧТ";"3 пара (12:25-13:50)";"-"
"ТОРД-2706";"09.04.2026";"ЧТ";"4 пара (14:00-15:25)";"-"
"ТОРД-2706";"09.04.2026";"ЧТ";"5 пара (15:35-16:55)";"-"
"ТОРД-2706";"09.04.2026";"ЧТ";"6 пара (17:05-18:25)";"-"
"ТОРД-2706";"09.04.2026";"ЧТ";"7 пара (18:35-19:55)";"-"
"ТОРД-2706";"10.04.2026";"ПТ";"1 пара (08:30-09:55)";"ВМДК.05.01 Основы законодательства в сфере дорожного движения — вся группа, Тимеров Валерий Вагизович, Лесная"
"ТОРД-2706";"10.04.2026";"ПТ";"2 пара (10:05-11:30)";"ВМДК.05.01 Основы законодательства в сфере дорожного движения — вся группа, Тимеров Валерий Вагизович, Лесная"
"ТОРД-2706";"10.04.2026";"ПТ";"3 пара (12:25-13:50)";"ВМДК.05.01 Основы законодательства в сфере дорожного движения — вся группа, Тимеров Валерий Вагизович, Лесная"
"ТОРД-2706";"10.04.2026";"ПТ";"4 пара (14:00-15:25)";"ВМДК.05.01 Основы законодательства в сфере дорожного движения — вся группа, Тимеров Валерий Вагизович, Лесная"
"ТОРД-2706";"10.04.2026";"ПТ";"5 пара (15:35-16:55)";"ВМДК.05.01 Основы законодательства в сфере дорожного движения — вся группа, Тимеров Валерий Вагизович, Лесная"
"ТОРД-2706";"10.04.2026";"ПТ";"6 пара (17:05-18:25)";"-"
"ТОРД-2706";"10.04.2026";"ПТ";"7 пара (18:35-19:55)";"-"
"ТОРД-2706";"11.04.2026";"СБ";"1 пара (08:30-09:45)";"-"
"ТОРД-2706";"11.04.2026";"СБ";"2 пара (09:55-11:10)";"ВМДК.05.01 Основы законодательства в сфере дорожного движения — вся группа, Тимеров Валерий Вагизович, Лесная"
"ТОРД-2706";"11.04.2026";"СБ";"3 пара (11:30-12:45)";"ВМДК.05.01 Основы законодательства в сфере дорожного движения — вся группа, Тимеров Валерий Вагизович, Лесная"
"ТОРД-2706";"11.04.2026";"СБ";"4 пара (12:55-14:10)";"ВМДК.05.01 Основы законодательства в сфере дорожного движения — вся группа, Тимеров Валерий Вагизович, Лесная"
"ТОРД-2706";"11.04.2026";"СБ";"5 пара (14:20-15:30)";"ВМДК.05.01 Основы законодательства в сфере дорожного движения — вся группа, Тимеров Валерий Вагизович, Лесная"
"ТОРД-2706";"11.04.2026";"СБ";"6 пара (15:40-16:50)";"ЛПЗ ВМДК.04.01 Слесарное дело и технические измерения — 2 п/г, Подчиненнов Александр Юрьевич, Лесная"
"ТОРД-2706";"11.04.2026";"СБ";"7 пара (17:00-18:10)";"-"
"ТОРД-2706";"13.04.2026";"ПН";"1 пара (09:15-10:40)";"ВМДК.05.01 Основы законодательства в сфере дорожного движения — вся группа, Тимеров Валерий Вагизович, Лесная"
"ТОРД-2706";"13.04.2026";"ПН";"2 пара (10:50-12:15)";"ВМДК.05.01 Основы законодательства в сфере дорожного движения — вся группа, Тимеров Валерий Вагизович, Лесная"
"ТОРД-2706";"13.04.2026";"ПН";"3 пара (13:10-14:35)";"ВМДК.05.01 Основы законодательства в сфере дорожного движения — вся группа, Тимеров Валерий Вагизович, Лесная"
"ТОРД-2706";"13.04.2026";"ПН";"4 пара (14:45-16:10)";"ВМДК.05.01 Основы законодательства в сфере дорожного движения — вся группа, Тимеров Валерий Вагизович, Лесная"
"ТОРД-2706";"13.04.2026";"ПН";"5 пара (16:20-17:40)";"ВМДК.05.01 Основы законодательства в сфере дорожного движения — вся группа, Тимеров Валерий Вагизович, Лесная"
"ТОРД-2706";"13.04.2026";"ПН";"6 пара (17:50-19:10)";"-"
"ТОРД-2706";"13.04.2026";"ПН";"7 пара (19:20-20:40)";"-"
"ТОРД-2706";"14.04.2026";"ВТ";"1 пара (08:30-09:55)";"ВМДК.05.01 Основы законодательства в сфере дорожного движения — вся группа, Тимеров Валерий Вагизович, Лесная"
"ТОРД-2706";"14.04.2026";"ВТ";"2 пара (10:05-11:30)";"ВМДК.05.01 Основы законодательства в сфере дорожного движения — вся группа, Тимеров Валерий Вагизович, Лесная"
"ТОРД-2706";"14.04.2026";"ВТ";"3 пара (12:25-13:50)";"ВМДК.05.01 Основы законодательства в сфере дорожного движения — вся группа, Тимеров Валерий Вагизович, Лесная"
"ТОРД-2706";"14.04.2026";"ВТ";"4 пара (14:00-15:25)";"ВМДК.05.01 Основы законодательства в сфере дорожного движения — вся группа, Тимеров Валерий Вагизович, Лесная"
"ТОРД-2706";"14.04.2026";"ВТ";"5 пара (15:35-16:55)";"ВМДК.05.02 Основы управления транспортными средствами — вся группа, Тимеров Валерий Вагизович, Лесная"
"ТОРД-2706";"14.04.2026";"ВТ";"6 пара (17:05-18:25)";"-"
"ТОРД-2706";"14.04.2026";"ВТ";"7 пара (18:35-19:55)";"-"
"ТОРД-2706";"15.04.2026";"СР";"1 пара (08:30-09:55)";"УП.01 (УП утро 08:30-12:30) — 2 п/г, Подчиненнов Александр Юрьевич, Лесная"
"ТОРД-2706";"15.04.2026";"СР";"2 пара (10:05-11:30)";"УП.01 (УП утро 08:30-12:30) — 2 п/г, Подчиненнов Александр Юрьевич, Лесная"
"ТОРД-2706";"15.04.2026";"СР";"3 пара (12:25-13:50)";"-"
"ТОРД-2706";"15.04.2026";"СР";"4 пара (14:00-15:25)";"-"
"ТОРД-2706";"15.04.2026";"СР";"5 пара (15:35-16:55)";"-"
"ТОРД-2706";"15.04.2026";"СР";"6 пара (17:05-18:25)";"-"
"ТОРД-2706";"15.04.2026";"СР";"7 пара (18:35-19:55)";"-"
"ТОРД-2706";"16.04.2026";"ЧТ";"1 пара (08:30-09:55)";"ВМДК.05.02 Основы управления транспортными средствами — вся группа, Тимеров Валерий Вагизович, Лесная"
"ТОРД-2706";"16.04.2026";"ЧТ";"2 пара (10:05-11:30)";"ВМДК.05.02 Основы управления транспортными средствами — вся группа, Тимеров Валерий Вагизович, Лесная"
"ТОРД-2706";"16.04.2026";"ЧТ";"3 пара (12:25-13:50)";"ВМДК.05.02 Основы управления транспортными средствами — вся группа, Тимеров Валерий Вагизович, Лесная"
"ТОРД-2706";"16.04.2026";"ЧТ";"4 пара (14:00-15:25)";"ВМДК.05.02 Основы управления транспортными средствами — вся группа, Тимеров Валерий Вагизович, Лесная"
"ТОРД-2706";"16.04.2026";"ЧТ";"5 пара (15:35-16:55)";"ВМДК.05.02 Основы управления транспортными средствами — вся группа, Тимеров Валерий Вагизович, Лесная"
"ТОРД-2706";"16.04.2026";"ЧТ";"6 пара (17:05-18:25)";"-"
"ТОРД-2706";"16.04.2026";"ЧТ";"7 пара (18:35-19:55)";"-"
"ТОРД-2706";"17.04.2026";"ПТ";"1 пара (08:30-09:55)";"ВМДК.05.02 Основы управления транспортными средствами — вся группа, Тимеров Валерий Вагизович, Лесная"
"ТОРД-2706";"17.04.2026";"ПТ";"2 пара (10:05-11:30)";"ВМДК.05.02 Основы управления транспортными средствами — вся группа, Тимеров Валерий Вагизович, Лесная"
"ТОРД-2706";"17.04.2026";"ПТ";"3 пара (12:25-13:50)";"ВМДК.05.02 Основы управления транспортными средствами — вся группа, Тимеров Валерий Вагизович, Лесная"
"ТОРД-2706";"17.04.2026";"ПТ";"4 пара (14:00-15:25)";"ВМДК.05.02 Основы управления транспортными средствами — вся группа, Тимеров Валерий Вагизович, Лесная"
"ТОРД-2706";"17.04.2026";"ПТ";"5 пара (15:35-16:55)";"ВМДК.05.02 Основы управления транспортными средствами — вся группа, Тимеров Валерий Вагизович, Лесная"
"ТОРД-2706";"17.04.2026";"ПТ";"6 пара (17:05-18:25)";"-"
"ТОРД-2706";"17.04.2026";"ПТ";"7 пара (18:35-19:55)";"-"
"ТОРД-2706";"18.04.2026";"СБ";"1 пара (08:30-09:45)";"ВМДК.05.02 Основы управления транспортными средствами — вся группа, Тимеров Валерий Вагизович, Лесная"
"ТОРД-2706";"18.04.2026";"СБ";"2 пара (09:55-11:10)";"ВМДК.05.02 Основы управления транспортными средствами — вся группа, Тимеров Валерий Вагизович, Лесная"
"ТОРД-2706";"18.04.2026";"СБ";"3 пара (11:30-12:45)";"ВМДК.05.02 Основы управления транспортными средствами — вся группа, Тимеров Валерий Вагизович, Лесная"
"ТОРД-2706";"18.04.2026";"СБ";"4 пара (12:55-14:10)";"ВМДК.05.02 Основы управления транспортными средствами — вся группа, Тимеров Валерий Вагизович, Лесная"
"ТОРД-2706";"18.04.2026";"СБ";"5 пара (14:20-15:30)";"ВМДК.05.02 Основы управления транспортными средствами — вся группа, Тимеров Валерий Вагизович, Лесная"
"ТОРД-2706";"18.04.2026";"СБ";"6 пара (15:40-16:50)";"-"
"ТОРД-2706";"18.04.2026";"СБ";"7 пара (17:00-18:10)";"-"
"ТОРД-2706";"20.04.2026";"ПН";"1 пара (09:15-10:40)";"УП.01 (УП утро 09:00-13:00) — 2 п/г, Подчиненнов Александр Юрьевич, Лесная"
"ТОРД-2706";"20.04.2026";"ПН";"2 пара (10:50-12:15)";"УП.01 (УП утро 09:00-13:00) — 2 п/г, Подчиненнов Александр Юрьевич, Лесная"
"ТОРД-2706";"20.04.2026";"ПН";"3 пара (13:10-14:35)";"-"
"ТОРД-2706";"20.04.2026";"ПН";"4 пара (14:45-16:10)";"-"
"ТОРД-2706";"20.04.2026";"ПН";"5 пара (16:20-17:40)";"-"
"ТОРД-2706";"20.04.2026";"ПН";"6 пара (17:50-19:10)";"-"
"ТОРД-2706";"20.04.2026";"ПН";"7 пара (19:20-20:40)";"-"
"ТОРД-2706";"21.04.2026";"ВТ";"1 пара (08:30-09:55)";"ВМДК.05.02 Основы управления транспортными средствами — вся группа, Тимеров Валерий Вагизович, Лесная"
"ТОРД-2706";"21.04.2026";"ВТ";"2 пара (10:05-11:30)";"ВМДК.05.02 Основы управления транспортными средствами — вся группа, Тимеров Валерий Вагизович, Лесная"
"ТОРД-2706";"21.04.2026";"ВТ";"3 пара (12:25-13:50)";"ВМДК.05.02 Основы управления транспортными средствами — вся группа, Тимеров Валерий Вагизович, Лесная"
"ТОРД-2706";"21.04.2026";"ВТ";"4 пара (14:00-15:25)";"ВМДК.05.02 Основы управления транспортными средствами — вся группа, Тимеров Валерий Вагизович, Лесная"
"ТОРД-2706";"21.04.2026";"ВТ";"5 пара (15:35-16:55)";"ВМДК.05.02 Основы управления транспортными средствами — вся группа, Тимеров Валерий Вагизович, Лесная"
"ТОРД-2706";"21.04.2026";"ВТ";"6 пара (17:05-18:25)";"-"
"ТОРД-2706";"21.04.2026";"ВТ";"7 пара (18:35-19:55)";"-"
"ТОРД-2706";"22.04.2026";"СР";"1 пара (08:30-09:55)";"ВМДК.05.02 Основы управления транспортными средствами — вся группа, Тимеров Валерий Вагизович, Лесная"
"ТОРД-2706";"22.04.2026";"СР";"2 пара (10:05-11:30)";"ВМДК.05.02 Основы управления транспортными средствами — вся группа, Тимеров Валерий Вагизович, Лесная"
"ТОРД-2706";"22.04.2026";"СР";"3 пара (12:25-13:50)";"-"
"ТОРД-2706";"22.04.2026";"СР";"4 пара (14:00-15:25)";"-"
"ТОРД-2706";"22.04.2026";"СР";"5 пара (15:35-16:55)";"-"
"ТОРД-2706";"22.04.2026";"СР";"6 пара (17:05-18:25)";"-"
"ТОРД-2706";"22.04.2026";"СР";"7 пара (18:35-19:55)";"-"
"ТОРД-2706";"24.04.2026";"ПТ";"1 пара (08:30-09:55)";"УП.01 (УП утро 08:30-12:30) — 1 п/г, Самцов Андрей Евгеньевич, Лесная"
"ТОРД-2706";"24.04.2026";"ПТ";"2 пара (10:05-11:30)";"УП.01 (УП утро 08:30-12:30) — 1 п/г, Самцов Андрей Евгеньевич, Лесная"
"ТОРД-2706";"24.04.2026";"ПТ";"3 пара (12:25-13:50)";"-"
"ТОРД-2706";"24.04.2026";"ПТ";"4 пара (14:00-15:25)";"-"
"ТОРД-2706";"24.04.2026";"ПТ";"5 пара (15:35-16:55)";"-"
"ТОРД-2706";"24.04.2026";"ПТ";"6 пара (17:05-18:25)";"-"
"ТОРД-2706";"24.04.2026";"ПТ";"7 пара (18:35-19:55)";"-"
"ТОРД-2706";"27.04.2026";"ПН";"1 пара (09:15-10:40)";"УП.01 (УП утро 09:00-13:00) — 2 п/г, Подчиненнов Александр Юрьевич, Лесная"
"ТОРД-2706";"27.04.2026";"ПН";"2 пара (10:50-12:15)";"УП.01 (УП утро 09:00-13:00) — 2 п/г, Подчиненнов Александр Юрьевич, Лесная"
"ТОРД-2706";"27.04.2026";"ПН";"3 пара (13:10-14:35)";"-"
"ТОРД-2706";"27.04.2026";"ПН";"4 пара (14:45-16:10)";"-"
"ТОРД-2706";"27.04.2026";"ПН";"5 пара (16:20-17:40)";"-"
"ТОРД-2706";"27.04.2026";"ПН";"6 пара (17:50-19:10)";"-"
"ТОРД-2706";"27.04.2026";"ПН";"7 пара (19:20-20:40)";"-"
"ТОРД-2706";"01.05.2026";"ПТ";"1 пара (08:30-09:55)";"УП.01 (УП утро 08:30-12:30) — 1 п/г, Самцов Андрей Евгеньевич, Лесная"
"ТОРД-2706";"01.05.2026";"ПТ";"2 пара (10:05-11:30)";"УП.01 (УП утро 08:30-12:30) — 1 п/г, Самцов Андрей Евгеньевич, Лесная"
"ТОРД-2706";"01.05.2026";"ПТ";"3 пара (12:25-13:50)";"-"
"ТОРД-2706";"01.05.2026";"ПТ";"4 пара (14:00-15:25)";"-"
"ТОРД-2706";"01.05.2026";"ПТ";"5 пара (15:35-16:55)";"-"
"ТОРД-2706";"01.05.2026";"ПТ";"6 пара (17:05-18:25)";"-"
"ТОРД-2706";"01.05.2026";"ПТ";"7 пара (18:35-19:55)";"-"
"ТОРД-2706";"06.05.2026";"СР";"1 пара (08:30-09:55)";"УП.01 (УП утро 08:30-12:30) — 1 п/г, Самцов Андрей Евгеньевич, Лесная"
"ТОРД-2706";"06.05.2026";"СР";"2 пара (10:05-11:30)";"УП.01 (УП утро 08:30-12:30) — 1 п/г, Самцов Андрей Евгеньевич, Лесная"
"ТОРД-2706";"06.05.2026";"СР";"3 пара (12:25-13:50)";"-"
"ТОРД-2706";"06.05.2026";"СР";"4 пара (14:00-15:25)";"-"
"ТОРД-2706";"06.05.2026";"СР";"5 пара (15:35-16:55)";"-"
"ТОРД-2706";"06.05.2026";"СР";"6 пара (17:05-18:25)";"-"
"ТОРД-2706";"06.05.2026";"СР";"7 пара (18:35-19:55)";"-"
"ТОРД-2706";"07.05.2026";"ЧТ";"1 пара (08:30-09:55)";"УП.04 (УП утро 08:30-12:30) — 1 п/г, Самцов Андрей Евгеньевич, Лесная"
"ТОРД-2706";"07.05.2026";"ЧТ";"2 пара (10:05-11:30)";"УП.04 (УП утро 08:30-12:30) — 1 п/г, Самцов Андрей Евгеньевич, Лесная"
"ТОРД-2706";"07.05.2026";"ЧТ";"3 пара (12:25-13:50)";"-"
"ТОРД-2706";"07.05.2026";"ЧТ";"4 пара (14:00-15:25)";"-"
"ТОРД-2706";"07.05.2026";"ЧТ";"5 пара (15:35-16:55)";"-"
"ТОРД-2706";"07.05.2026";"ЧТ";"6 пара (17:05-18:25)";"-"
"ТОРД-2706";"07.05.2026";"ЧТ";"7 пара (18:35-19:55)";"-"
"ТОРД-2706";"09.05.2026";"СБ";"1 пара (08:30-09:45)";"УП.04 (УП утро 08:30-12:00) — 2 п/г, Тимеров Валерий Вагизович, Лесная"
"ТОРД-2706";"09.05.2026";"СБ";"2 пара (09:55-11:10)";"УП.04 (УП утро 08:30-12:00) — 2 п/г, Тимеров Валерий Вагизович, Лесная"
"ТОРД-2706";"09.05.2026";"СБ";"3 пара (11:30-12:45)";"-"
"ТОРД-2706";"09.05.2026";"СБ";"4 пара (12:55-14:10)";"-"
"ТОРД-2706";"09.05.2026";"СБ";"5 пара (14:20-15:30)";"-"
"ТОРД-2706";"09.05.2026";"СБ";"6 пара (15:40-16:50)";"-"
"ТОРД-2706";"09.05.2026";"СБ";"7 пара (17:00-18:10)";"-"
"ТОРД-2706";"12.05.2026";"ВТ";"1 пара (08:30-09:55)";"УП.01 (УП утро 08:30-12:30) — 1 п/г, Самцов Андрей Евгеньевич, Лесная"
"ТОРД-2706";"12.05.2026";"ВТ";"2 пара (10:05-11:30)";"УП.01 (УП утро 08:30-12:30) — 1 п/г, Самцов Андрей Евгеньевич, Лесная"
"ТОРД-2706";"12.05.2026";"ВТ";"3 пара (12:25-13:50)";"-"
"ТОРД-2706";"12.05.2026";"ВТ";"4 пара (14:00-15:25)";"-"
"ТОРД-2706";"12.05.2026";"ВТ";"5 пара (15:35-16:55)";"-"
"ТОРД-2706";"12.05.2026";"ВТ";"6 пара (17:05-18:25)";"-"
"ТОРД-2706";"12.05.2026";"ВТ";"7 пара (18:35-19:55)";"-"
"ТОРД-2706";"14.05.2026";"ЧТ";"1 пара (08:30-09:55)";"УП.04 (УП утро 08:30-12:30) — 1 п/г, Самцов Андрей Евгеньевич, Лесная"
"ТОРД-2706";"14.05.2026";"ЧТ";"2 пара (10:05-11:30)";"УП.04 (УП утро 08:30-12:30) — 1 п/г, Самцов Андрей Евгеньевич, Лесная"
"ТОРД-2706";"14.05.2026";"ЧТ";"3 пара (12:25-13:50)";"-"
"ТОРД-2706";"14.05.2026";"ЧТ";"4 пара (14:00-15:25)";"-"
"ТОРД-2706";"14.05.2026";"ЧТ";"5 пара (15:35-16:55)";"-"
"ТОРД-2706";"14.05.2026";"ЧТ";"6 пара (17:05-18:25)";"-"
"ТОРД-2706";"14.05.2026";"ЧТ";"7 пара (18:35-19:55)";"-"
"ТОРД-2706";"16.05.2026";"СБ";"1 пара (08:30-09:45)";"УП.04 (УП утро 08:30-12:00) — 2 п/г, Тимеров Валерий Вагизович, Лесная"
"ТОРД-2706";"16.05.2026";"СБ";"2 пара (09:55-11:10)";"УП.04 (УП утро 08:30-12:00) — 2 п/г, Тимеров Валерий Вагизович, Лесная"
"ТОРД-2706";"16.05.2026";"СБ";"3 пара (11:30-12:45)";"-"
"ТОРД-2706";"16.05.2026";"СБ";"4 пара (12:55-14:10)";"-"
"ТОРД-2706";"16.05.2026";"СБ";"5 пара (14:20-15:30)";"-"
"ТОРД-2706";"16.05.2026";"СБ";"6 пара (15:40-16:50)";"-"
"ТОРД-2706";"16.05.2026";"СБ";"7 пара (17:00-18:10)";"-"
"ТОРД-2706";"19.05.2026";"ВТ";"1 пара (08:30-09:55)";"УП.01 (УП утро 08:30-12:30) — 1 п/г, Самцов Андрей Евгеньевич, Лесная"
"ТОРД-2706";"19.05.2026";"ВТ";"2 пара (10:05-11:30)";"УП.01 (УП утро 08:30-12:30) — 1 п/г, Самцов Андрей Евгеньевич, Лесная"
"ТОРД-2706";"19.05.2026";"ВТ";"3 пара (12:25-13:50)";"-"
"ТОРД-2706";"19.05.2026";"ВТ";"4 пара (14:00-15:25)";"-"
"ТОРД-2706";"19.05.2026";"ВТ";"5 пара (15:35-16:55)";"-"
"ТОРД-2706";"19.05.2026";"ВТ";"6 пара (17:05-18:25)";"-"
"ТОРД-2706";"19.05.2026";"ВТ";"7 пара (18:35-19:55)";"-"
"ТОРД-2706";"21.05.2026";"ЧТ";"1 пара (08:30-09:55)";"УП.04 (УП утро 08:30-12:30) — 1 п/г, Самцов Андрей Евгеньевич, Лесная"
"ТОРД-2706";"21.05.2026";"ЧТ";"2 пара (10:05-11:30)";"УП.04 (УП утро 08:30-12:30) — 1 п/г, Самцов Андрей Евгеньевич, Лесная"
"ТОРД-2706";"21.05.2026";"ЧТ";"3 пара (12:25-13:50)";"-"
"ТОРД-2706";"21.05.2026";"ЧТ";"4 пара (14:00-15:25)";"-"
"ТОРД-2706";"21.05.2026";"ЧТ";"5 пара (15:35-16:55)";"-"
"ТОРД-2706";"21.05.2026";"ЧТ";"6 пара (17:05-18:25)";"-"
"ТОРД-2706";"21.05.2026";"ЧТ";"7 пара (18:35-19:55)";"-"
"ТОРД-2706";"23.05.2026";"СБ";"1 пара (08:30-09:45)";"УП.04 (УП утро 08:30-12:00) — 2 п/г, Тимеров Валерий Вагизович, Лесная"
"ТОРД-2706";"23.05.2026";"СБ";"2 пара (09:55-11:10)";"УП.04 (УП утро 08:30-12:00) — 2 п/г, Тимеров Валерий Вагизович, Лесная"
"ТОРД-2706";"23.05.2026";"СБ";"3 пара (11:30-12:45)";"-"
"ТОРД-2706";"23.05.2026";"СБ";"4 пара (12:55-14:10)";"-"
"ТОРД-2706";"23.05.2026";"СБ";"5 пара (14:20-15:30)";"-"
"ТОРД-2706";"23.05.2026";"СБ";"6 пара (15:40-16:50)";"-"
"ТОРД-2706";"23.05.2026";"СБ";"7 пара (17:00-18:10)";"-"
"ТОРД-2706";"25.05.2026";"ПН";"1 пара (09:15-10:40)";"УП.01 (УП утро 09:00-13:00) — 1 п/г, Самцов Андрей Евгеньевич, Лесная"
"ТОРД-2706";"25.05.2026";"ПН";"2 пара (10:50-12:15)";"УП.01 (УП утро 09:00-13:00) — 1 п/г, Самцов Андрей Евгеньевич, Лесная"
"ТОРД-2706";"25.05.2026";"ПН";"3 пара (13:10-14:35)";"-"
"ТОРД-2706";"25.05.2026";"ПН";"4 пара (14:45-16:10)";"-"
"ТОРД-2706";"25.05.2026";"ПН";"5 пара (16:20-17:40)";"-"
"ТОРД-2706";"25.05.2026";"ПН";"6 пара (17:50-19:10)";"-"
"ТОРД-2706";"25.05.2026";"ПН";"7 пара (19:20-20:40)";"-"
"ТОРД-2706";"27.05.2026";"СР";"1 пара (08:30-09:55)";"УП.04 (УП утро 08:30-12:30) — 1 п/г, Самцов Андрей Евгеньевич, Лесная"
"ТОРД-2706";"27.05.2026";"СР";"2 пара (10:05-11:30)";"УП.04 (УП утро 08:30-12:30) — 1 п/г, Самцов Андрей Евгеньевич, Лесная"
"ТОРД-2706";"27.05.2026";"СР";"3 пара (12:25-13:50)";"-"
"ТОРД-2706";"27.05.2026";"СР";"4 пара (14:00-15:25)";"-"
"ТОРД-2706";"27.05.2026";"СР";"5 пара (15:35-16:55)";"-"
"ТОРД-2706";"27.05.2026";"СР";"6 пара (17:05-18:25)";"-"
"ТОРД-2706";"27.05.2026";"СР";"7 пара (18:35-19:55)";"-"
"ТОРД-2706";"29.05.2026";"ПТ";"1 пара (08:30-09:55)";"УП.04 (УП утро 08:30-12:30) — 2 п/г, Тимеров Валерий Вагизович, Лесная"
"ТОРД-2706";"29.05.2026";"ПТ";"2 пара (10:05-11:30)";"УП.04 (УП утро 08:30-12:30) — 2 п/г, Тимеров Валерий Вагизович, Лесная"
"ТОРД-2706";"29.05.2026";"ПТ";"3 пара (12:25-13:50)";"-"
"ТОРД-2706";"29.05.2026";"ПТ";"4 пара (14:00-15:25)";"-"
"ТОРД-2706";"29.05.2026";"ПТ";"5 пара (15:35-16:55)";"-"
"ТОРД-2706";"29.05.2026";"ПТ";"6 пара (17:05-18:25)";"-"
"ТОРД-2706";"29.05.2026";"ПТ";"7 пара (18:35-19:55)";"-"
"ТОРД-2707п";"12.01.2026";"ПН";"1 пара (09:15-10:40)";"-"
"ТОРД-2707п";"12.01.2026";"ПН";"2 пара (10:50-12:15)";"-"
"ТОРД-2707п";"12.01.2026";"ПН";"3 пара (13:10-14:35)";"Иностранный язык в профессиональной деятельности — 1 п/г, Новосёлова Светлана Юрьевна, Лесная | Информатика — 2 п/г, Отрак Елена Сергеевна, Лесная"
"ТОРД-2707п";"12.01.2026";"ПН";"4 пара (14:45-16:10)";"Иностранный язык в профессиональной деятельности — 1 п/г, Новосёлова Светлана Юрьевна, Лесная | Информатика — 2 п/г, Отрак Елена Сергеевна, Лесная"
"ТОРД-2707п";"12.01.2026";"ПН";"5 пара (16:20-17:40)";"Иностранный язык в профессиональной деятельности — 1 п/г, Новосёлова Светлана Юрьевна, Лесная | Информатика — 2 п/г, Отрак Елена Сергеевна, Лесная"
"ТОРД-2707п";"12.01.2026";"ПН";"6 пара (17:50-19:10)";"Химия — вся группа, Семенова Лилиана Ивановна, Лесная"
"ТОРД-2707п";"12.01.2026";"ПН";"7 пара (19:20-20:40)";"Химия — вся группа, Семенова Лилиана Ивановна, Лесная"
"ТОРД-2707п";"13.01.2026";"ВТ";"1 пара (08:30-09:55)";"Химия — вся группа, Семенова Лилиана Ивановна, Лесная"
"ТОРД-2707п";"13.01.2026";"ВТ";"2 пара (10:05-11:30)";"Химия — вся группа, Семенова Лилиана Ивановна, Лесная"
"ТОРД-2707п";"13.01.2026";"ВТ";"3 пара (12:25-13:50)";"Физическая культура — вся группа, Потапова Регина Александровна, Лесная"
"ТОРД-2707п";"13.01.2026";"ВТ";"4 пара (14:00-15:25)";"Физическая культура — вся группа, Потапова Регина Александровна, Лесная"
"ТОРД-2707п";"13.01.2026";"ВТ";"5 пара (15:35-16:55)";"Физическая культура — вся группа, Потапова Регина Александровна, Лесная"
"ТОРД-2707п";"13.01.2026";"ВТ";"6 пара (17:05-18:25)";"-"
"ТОРД-2707п";"13.01.2026";"ВТ";"7 пара (18:35-19:55)";"-"
"ТОРД-2707п";"14.01.2026";"СР";"1 пара (08:30-09:55)";"-"
"ТОРД-2707п";"14.01.2026";"СР";"2 пара (10:05-11:30)";"-"
"ТОРД-2707п";"14.01.2026";"СР";"3 пара (12:25-13:50)";"Физическая культура — вся группа, Потапова Регина Александровна, Лесная"
"ТОРД-2707п";"14.01.2026";"СР";"4 пара (14:00-15:25)";"Физическая культура — вся группа, Потапова Регина Александровна, Лесная"
"ТОРД-2707п";"14.01.2026";"СР";"5 пара (15:35-16:55)";"Физическая культура — вся группа, Потапова Регина Александровна, Лесная"
"ТОРД-2707п";"14.01.2026";"СР";"6 пара (17:05-18:25)";"География — вся группа, Кропотова Анастасия Андреевна, Лесная"
"ТОРД-2707п";"14.01.2026";"СР";"7 пара (18:35-19:55)";"География — вся группа, Кропотова Анастасия Андреевна, Лесная"
"ТОРД-2707п";"15.01.2026";"ЧТ";"1 пара (08:30-09:55)";"УП.04 (УП утро 08:30-12:30) — 1 п/г, Самцов Андрей Евгеньевич, Лесная"
"ТОРД-2707п";"15.01.2026";"ЧТ";"2 пара (10:05-11:30)";"УП.04 (УП утро 08:30-12:30) — 1 п/г, Самцов Андрей Евгеньевич, Лесная"
"ТОРД-2707п";"15.01.2026";"ЧТ";"3 пара (12:25-13:50)";"Информатика — 2 п/г, Отрак Елена Сергеевна, Лесная"
"ТОРД-2707п";"15.01.2026";"ЧТ";"4 пара (14:00-15:25)";"Информатика — 2 п/г, Отрак Елена Сергеевна, Лесная"
"ТОРД-2707п";"15.01.2026";"ЧТ";"5 пара (15:35-16:55)";"Информатика — 2 п/г, Отрак Елена Сергеевна, Лесная"
"ТОРД-2707п";"15.01.2026";"ЧТ";"6 пара (17:05-18:25)";"Иностранный язык в профессиональной деятельности — 2 п/г, Давыдова Валентина Алексеевна, Лесная"
"ТОРД-2707п";"15.01.2026";"ЧТ";"7 пара (18:35-19:55)";"Иностранный язык в профессиональной деятельности — 2 п/г, Давыдова Валентина Алексеевна, Лесная"
"ТОРД-2707п";"16.01.2026";"ПТ";"1 пара (08:30-09:55)";"-"
"ТОРД-2707п";"16.01.2026";"ПТ";"2 пара (10:05-11:30)";"География — вся группа, Кропотова Анастасия Андреевна, Лесная"
"ТОРД-2707п";"16.01.2026";"ПТ";"3 пара (12:25-13:50)";"География — вся группа, Кропотова Анастасия Андреевна, Лесная"
"ТОРД-2707п";"16.01.2026";"ПТ";"4 пара (14:00-15:25)";"География — вся группа, Кропотова Анастасия Андреевна, Лесная"
"ТОРД-2707п";"16.01.2026";"ПТ";"5 пара (15:35-16:55)";"География — вся группа, Кропотова Анастасия Андреевна, Лесная"
"ТОРД-2707п";"16.01.2026";"ПТ";"6 пара (17:05-18:25)";"География — вся группа, Кропотова Анастасия Андреевна, Лесная"
"ТОРД-2707п";"16.01.2026";"ПТ";"7 пара (18:35-19:55)";"-"
"ТОРД-2707п";"17.01.2026";"СБ";"1 пара (08:30-09:45)";"Иностранный язык в профессиональной деятельности — 1 п/г, Новосёлова Светлана Юрьевна, Лесная | УП.04 (УП утро 08:30-12:00) — 2 п/г, Тимеров Валерий Вагизович, Лесная"
"ТОРД-2707п";"17.01.2026";"СБ";"2 пара (09:55-11:10)";"Иностранный язык в профессиональной деятельности — 1 п/г, Новосёлова Светлана Юрьевна, Лесная | УП.04 (УП утро 08:30-12:00) — 2 п/г, Тимеров Валерий Вагизович, Лесная"
"ТОРД-2707п";"17.01.2026";"СБ";"3 пара (11:30-12:45)";"Иностранный язык в профессиональной деятельности — 1 п/г, Новосёлова Светлана Юрьевна, Лесная"
"ТОРД-2707п";"17.01.2026";"СБ";"4 пара (12:55-14:10)";"Иностранный язык в профессиональной деятельности — 1 п/г, Новосёлова Светлана Юрьевна, Лесная"
"ТОРД-2707п";"17.01.2026";"СБ";"5 пара (14:20-15:30)";"Иностранный язык в профессиональной деятельности — 1 п/г, Новосёлова Светлана Юрьевна, Лесная"
"ТОРД-2707п";"17.01.2026";"СБ";"6 пара (15:40-16:50)";"-"
"ТОРД-2707п";"17.01.2026";"СБ";"7 пара (17:00-18:10)";"-"
"ТОРД-2707п";"19.01.2026";"ПН";"1 пара (09:15-10:40)";"Химия — вся группа, Семенова Лилиана Ивановна, Лесная"
"ТОРД-2707п";"19.01.2026";"ПН";"2 пара (10:50-12:15)";"Химия — вся группа, Семенова Лилиана Ивановна, Лесная"
"ТОРД-2707п";"19.01.2026";"ПН";"3 пара (13:10-14:35)";"Иностранный язык в профессиональной деятельности — 2 п/г, Давыдова Валентина Алексеевна, Лесная | Информатика — 1 п/г, Отрак Елена Сергеевна, Лесная"
"ТОРД-2707п";"19.01.2026";"ПН";"4 пара (14:45-16:10)";"Иностранный язык в профессиональной деятельности — 2 п/г, Давыдова Валентина Алексеевна, Лесная | Информатика — 1 п/г, Отрак Елена Сергеевна, Лесная"
"ТОРД-2707п";"19.01.2026";"ПН";"5 пара (16:20-17:40)";"Иностранный язык в профессиональной деятельности — 2 п/г, Давыдова Валентина Алексеевна, Лесная | ЛПЗ Компас 3D — 1 п/г, Кошелев Дмитрий Александрович, Лесная"
"ТОРД-2707п";"19.01.2026";"ПН";"6 пара (17:50-19:10)";"-"
"ТОРД-2707п";"19.01.2026";"ПН";"7 пара (19:20-20:40)";"-"
"ТОРД-2707п";"20.01.2026";"ВТ";"1 пара (08:30-09:55)";"Химия — вся группа, Семенова Лилиана Ивановна, Лесная"
"ТОРД-2707п";"20.01.2026";"ВТ";"2 пара (10:05-11:30)";"Химия — вся группа, Семенова Лилиана Ивановна, Лесная"
"ТОРД-2707п";"20.01.2026";"ВТ";"3 пара (12:25-13:50)";"Химия — вся группа, Семенова Лилиана Ивановна, Лесная"
"ТОРД-2707п";"20.01.2026";"ВТ";"4 пара (14:00-15:25)";"Химия — вся группа, Семенова Лилиана Ивановна, Лесная"
"ТОРД-2707п";"20.01.2026";"ВТ";"5 пара (15:35-16:55)";"Иностранный язык в профессиональной деятельности — 2 п/г, Давыдова Валентина Алексеевна, Лесная | Информатика — 1 п/г, Отрак Елена Сергеевна, Лесная"
"ТОРД-2707п";"20.01.2026";"ВТ";"6 пара (17:05-18:25)";"-"
"ТОРД-2707п";"20.01.2026";"ВТ";"7 пара (18:35-19:55)";"-"
"ТОРД-2707п";"21.01.2026";"СР";"1 пара (08:30-09:55)";"-"
"ТОРД-2707п";"21.01.2026";"СР";"2 пара (10:05-11:30)";"-"
"ТОРД-2707п";"21.01.2026";"СР";"3 пара (12:25-13:50)";"Физическая культура — вся группа, Потапова Регина Александровна, Лесная"
"ТОРД-2707п";"21.01.2026";"СР";"4 пара (14:00-15:25)";"Физическая культура — вся группа, Потапова Регина Александровна, Лесная"
"ТОРД-2707п";"21.01.2026";"СР";"5 пара (15:35-16:55)";"Физическая культура — вся группа, Потапова Регина Александровна, Лесная"
"ТОРД-2707п";"21.01.2026";"СР";"6 пара (17:05-18:25)";"Иностранный язык в профессиональной деятельности — 1 п/г, Новосёлова Светлана Юрьевна, Лесная | Иностранный язык в профессиональной деятельности — 2 п/г, Давыдова Валентина Алексеевна, Лесная"
"ТОРД-2707п";"21.01.2026";"СР";"7 пара (18:35-19:55)";"Иностранный язык в профессиональной деятельности — 1 п/г, Новосёлова Светлана Юрьевна, Лесная | Иностранный язык в профессиональной деятельности — 2 п/г, Давыдова Валентина Алексеевна, Лесная"
"ТОРД-2707п";"22.01.2026";"ЧТ";"1 пара (08:30-09:55)";"УП.04 (УП утро 08:30-12:30) — 1 п/г, Самцов Андрей Евгеньевич, Лесная"
"ТОРД-2707п";"22.01.2026";"ЧТ";"2 пара (10:05-11:30)";"УП.04 (УП утро 08:30-12:30) — 1 п/г, Самцов Андрей Евгеньевич, Лесная"
"ТОРД-2707п";"22.01.2026";"ЧТ";"3 пара (12:25-13:50)";"Информатика — 2 п/г, Отрак Елена Сергеевна, Лесная"
"ТОРД-2707п";"22.01.2026";"ЧТ";"4 пара (14:00-15:25)";"Информатика — 2 п/г, Отрак Елена Сергеевна, Лесная"
"ТОРД-2707п";"22.01.2026";"ЧТ";"5 пара (15:35-16:55)";"Информатика — 2 п/г, Отрак Елена Сергеевна, Лесная"
"ТОРД-2707п";"22.01.2026";"ЧТ";"6 пара (17:05-18:25)";"Иностранный язык в профессиональной деятельности — 2 п/г, Давыдова Валентина Алексеевна, Лесная"
"ТОРД-2707п";"22.01.2026";"ЧТ";"7 пара (18:35-19:55)";"Иностранный язык в профессиональной деятельности — 2 п/г, Давыдова Валентина Алексеевна, Лесная"
"ТОРД-2707п";"23.01.2026";"ПТ";"1 пара (08:30-09:55)";"-"
"ТОРД-2707п";"23.01.2026";"ПТ";"2 пара (10:05-11:30)";"-"
"ТОРД-2707п";"23.01.2026";"ПТ";"3 пара (12:25-13:50)";"Математика — вся группа, Абрамчук Раида Филимазовна, Лесная"
"ТОРД-2707п";"23.01.2026";"ПТ";"4 пара (14:00-15:25)";"Математика — вся группа, Абрамчук Раида Филимазовна, Лесная"
"ТОРД-2707п";"23.01.2026";"ПТ";"5 пара (15:35-16:55)";"Физическая культура — вся группа, Потапова Регина Александровна, Лесная"
"ТОРД-2707п";"23.01.2026";"ПТ";"6 пара (17:05-18:25)";"Иностранный язык в профессиональной деятельности — 1 п/г, Новосёлова Светлана Юрьевна, Лесная | Иностранный язык в профессиональной деятельности — 2 п/г, Давыдова Валентина Алексеевна, Лесная"
"ТОРД-2707п";"23.01.2026";"ПТ";"7 пара (18:35-19:55)";"Иностранный язык в профессиональной деятельности — 1 п/г, Новосёлова Светлана Юрьевна, Лесная | Иностранный язык в профессиональной деятельности — 2 п/г, Давыдова Валентина Алексеевна, Лесная"
"ТОРД-2707п";"24.01.2026";"СБ";"1 пара (08:30-09:45)";"УП.04 (УП утро 08:30-12:00) — 2 п/г, Тимеров Валерий Вагизович, Лесная"
"ТОРД-2707п";"24.01.2026";"СБ";"2 пара (09:55-11:10)";"УП.04 (УП утро 08:30-12:00) — 2 п/г, Тимеров Валерий Вагизович, Лесная"
"ТОРД-2707п";"24.01.2026";"СБ";"3 пара (11:30-12:45)";"ЛПЗ Компас 3D — 1 п/г, Кошелев Дмитрий Александрович, Лесная"
"ТОРД-2707п";"24.01.2026";"СБ";"4 пара (12:55-14:10)";"ЛПЗ Компас 3D — 1 п/г, Кошелев Дмитрий Александрович, Лесная"
"ТОРД-2707п";"24.01.2026";"СБ";"5 пара (14:20-15:30)";"ЛПЗ Компас 3D — 1 п/г, Кошелев Дмитрий Александрович, Лесная"
"ТОРД-2707п";"24.01.2026";"СБ";"6 пара (15:40-16:50)";"Информатика — 1 п/г, Отрак Елена Сергеевна, Лесная"
"ТОРД-2707п";"24.01.2026";"СБ";"7 пара (17:00-18:10)";"Иностранный язык в профессиональной деятельности — 1 п/г, Новосёлова Светлана Юрьевна, Лесная"
"ТОРД-2707п";"26.01.2026";"ПН";"1 пара (09:15-10:40)";"Иностранный язык в профессиональной деятельности — 2 п/г, Давыдова Валентина Алексеевна, Лесная"
"ТОРД-2707п";"26.01.2026";"ПН";"2 пара (10:50-12:15)";"Иностранный язык в профессиональной деятельности — 2 п/г, Давыдова Валентина Алексеевна, Лесная"
"ТОРД-2707п";"26.01.2026";"ПН";"3 пара (13:10-14:35)";"Иностранный язык в профессиональной деятельности — 2 п/г, Давыдова Валентина Алексеевна, Лесная | ЛПЗ Компас 3D — 1 п/г, Кошелев Дмитрий Александрович, Лесная"
"ТОРД-2707п";"26.01.2026";"ПН";"4 пара (14:45-16:10)";"Иностранный язык в профессиональной деятельности — 2 п/г, Давыдова Валентина Алексеевна, Лесная | ЛПЗ Компас 3D — 1 п/г, Кошелев Дмитрий Александрович, Лесная"
"ТОРД-2707п";"26.01.2026";"ПН";"5 пара (16:20-17:40)";"Иностранный язык в профессиональной деятельности — 2 п/г, Давыдова Валентина Алексеевна, Лесная | Информатика — 1 п/г, Отрак Елена Сергеевна, Лесная"
"ТОРД-2707п";"26.01.2026";"ПН";"6 пара (17:50-19:10)";"Иностранный язык в профессиональной деятельности — 1 п/г, Новосёлова Светлана Юрьевна, Лесная"
"ТОРД-2707п";"26.01.2026";"ПН";"7 пара (19:20-20:40)";"Иностранный язык в профессиональной деятельности — 1 п/г, Новосёлова Светлана Юрьевна, Лесная"
"ТОРД-2707п";"27.01.2026";"ВТ";"1 пара (08:30-09:55)";"Иностранный язык в профессиональной деятельности — 2 п/г, Давыдова Валентина Алексеевна, Лесная"
"ТОРД-2707п";"27.01.2026";"ВТ";"2 пара (10:05-11:30)";"Иностранный язык в профессиональной деятельности — 2 п/г, Давыдова Валентина Алексеевна, Лесная"
"ТОРД-2707п";"27.01.2026";"ВТ";"3 пара (12:25-13:50)";"Иностранный язык в профессиональной деятельности — 2 п/г, Давыдова Валентина Алексеевна, Лесная | Информатика — 1 п/г, Отрак Елена Сергеевна, Лесная"
"ТОРД-2707п";"27.01.2026";"ВТ";"4 пара (14:00-15:25)";"Математика — вся группа, Абрамчук Раида Филимазовна, Лесная"
"ТОРД-2707п";"27.01.2026";"ВТ";"5 пара (15:35-16:55)";"Иностранный язык в профессиональной деятельности — 1 п/г, Новосёлова Светлана Юрьевна, Лесная | ЛПЗ Компас 3D — 2 п/г, Кошелев Дмитрий Александрович, Лесная"
"ТОРД-2707п";"27.01.2026";"ВТ";"6 пара (17:05-18:25)";"Иностранный язык в профессиональной деятельности — 1 п/г, Новосёлова Светлана Юрьевна, Лесная"
"ТОРД-2707п";"27.01.2026";"ВТ";"7 пара (18:35-19:55)";"Иностранный язык в профессиональной деятельности — 1 п/г, Новосёлова Светлана Юрьевна, Лесная"
"ТОРД-2707п";"28.01.2026";"СР";"1 пара (08:30-09:55)";"Иностранный язык в профессиональной деятельности — 1 п/г, Новосёлова Светлана Юрьевна, Лесная"
"ТОРД-2707п";"28.01.2026";"СР";"2 пара (10:05-11:30)";"Иностранный язык в профессиональной деятельности — 1 п/г, Новосёлова Светлана Юрьевна, Лесная"
"ТОРД-2707п";"28.01.2026";"СР";"3 пара (12:25-13:50)";"Иностранный язык в профессиональной деятельности — 1 п/г, Новосёлова Светлана Юрьевна, Лесная | ЛПЗ ВМДК.04.02 Диагностика, техническое обслуживание и ремонт мехатронных систем автомобиля — 2 п/г, Тимеров Валерий Вагизович, Лесная"
"ТОРД-2707п";"28.01.2026";"СР";"4 пара (14:00-15:25)";"Иностранный язык в профессиональной деятельности — 1 п/г, Новосёлова Светлана Юрьевна, Лесная | ЛПЗ ВМДК.04.02 Диагностика, техническое обслуживание и ремонт мехатронных систем автомобиля — 2 п/г, Тимеров Валерий Вагизович, Лесная"
"ТОРД-2707п";"28.01.2026";"СР";"5 пара (15:35-16:55)";"Иностранный язык в профессиональной деятельности — 1 п/г, Новосёлова Светлана Юрьевна, Лесная | ЛПЗ ВМДК.04.02 Диагностика, техническое обслуживание и ремонт мехатронных систем автомобиля — 2 п/г, Тимеров Валерий Вагизович, Лесная"
"ТОРД-2707п";"28.01.2026";"СР";"6 пара (17:05-18:25)";"Иностранный язык в профессиональной деятельности — 2 п/г, Давыдова Валентина Алексеевна, Лесная"
"ТОРД-2707п";"28.01.2026";"СР";"7 пара (18:35-19:55)";"Иностранный язык в профессиональной деятельности — 2 п/г, Давыдова Валентина Алексеевна, Лесная"
"ТОРД-2707п";"29.01.2026";"ЧТ";"1 пара (08:30-09:55)";"УП.04 (УП утро 08:30-12:30) — 1 п/г, Самцов Андрей Евгеньевич, Лесная"
"ТОРД-2707п";"29.01.2026";"ЧТ";"2 пара (10:05-11:30)";"ЛПЗ Компас 3D — 2 п/г, Кошелев Дмитрий Александрович, Лесная | УП.04 (УП утро 08:30-12:30) — 1 п/г, Самцов Андрей Евгеньевич, Лесная"
"ТОРД-2707п";"29.01.2026";"ЧТ";"3 пара (12:25-13:50)";"ЛПЗ Компас 3D — 2 п/г, Кошелев Дмитрий Александрович, Лесная"
"ТОРД-2707п";"29.01.2026";"ЧТ";"4 пара (14:00-15:25)";"ЛПЗ МДК.01.01 Устройство автомобилей — 2 п/г, Подчиненнов Александр Юрьевич, Лесная"
"ТОРД-2707п";"29.01.2026";"ЧТ";"5 пара (15:35-16:55)";"ЛПЗ МДК.01.01 Устройство автомобилей — 2 п/г, Подчиненнов Александр Юрьевич, Лесная"
"ТОРД-2707п";"29.01.2026";"ЧТ";"6 пара (17:05-18:25)";"Иностранный язык в профессиональной деятельности — 2 п/г, Давыдова Валентина Алексеевна, Лесная"
"ТОРД-2707п";"29.01.2026";"ЧТ";"7 пара (18:35-19:55)";"-"
"ТОРД-2707п";"30.01.2026";"ПТ";"1 пара (08:30-09:55)";"-"
"ТОРД-2707п";"30.01.2026";"ПТ";"2 пара (10:05-11:30)";"-"
"ТОРД-2707п";"30.01.2026";"ПТ";"3 пара (12:25-13:50)";"Математика — вся группа, Абрамчук Раида Филимазовна, Лесная"
"ТОРД-2707п";"30.01.2026";"ПТ";"4 пара (14:00-15:25)";"Математика — вся группа, Абрамчук Раида Филимазовна, Лесная"
"ТОРД-2707п";"30.01.2026";"ПТ";"5 пара (15:35-16:55)";"Физическая культура — вся группа, Потапова Регина Александровна, Лесная"
"ТОРД-2707п";"30.01.2026";"ПТ";"6 пара (17:05-18:25)";"Физическая культура — вся группа, Потапова Регина Александровна, Лесная"
"ТОРД-2707п";"30.01.2026";"ПТ";"7 пара (18:35-19:55)";"Физическая культура — вся группа, Потапова Регина Александровна, Лесная"
"ТОРД-2707п";"31.01.2026";"СБ";"1 пара (08:30-09:45)";"Информатика — 1 п/г, Отрак Елена Сергеевна, Лесная | УП.04 (УП утро 08:30-12:00) — 2 п/г, Тимеров Валерий Вагизович, Лесная"
"ТОРД-2707п";"31.01.2026";"СБ";"2 пара (09:55-11:10)";"Информатика — 1 п/г, Отрак Елена Сергеевна, Лесная | УП.04 (УП утро 08:30-12:00) — 2 п/г, Тимеров Валерий Вагизович, Лесная"
"ТОРД-2707п";"31.01.2026";"СБ";"3 пара (11:30-12:45)";"Информатика — 1 п/г, Отрак Елена Сергеевна, Лесная"
"ТОРД-2707п";"31.01.2026";"СБ";"4 пара (12:55-14:10)";"ЛПЗ Компас 3D — 1 п/г, Кошелев Дмитрий Александрович, Лесная"
"ТОРД-2707п";"31.01.2026";"СБ";"5 пара (14:20-15:30)";"ЛПЗ Компас 3D — 1 п/г, Кошелев Дмитрий Александрович, Лесная"
"ТОРД-2707п";"31.01.2026";"СБ";"6 пара (15:40-16:50)";"-"
"ТОРД-2707п";"31.01.2026";"СБ";"7 пара (17:00-18:10)";"-"
"ТОРД-2707п";"02.02.2026";"ПН";"1 пара (09:15-10:40)";"-"
"ТОРД-2707п";"02.02.2026";"ПН";"2 пара (10:50-12:15)";"-"
"ТОРД-2707п";"02.02.2026";"ПН";"3 пара (13:10-14:35)";"Математика — вся группа, Абрамчук Раида Филимазовна, Лесная"
"ТОРД-2707п";"02.02.2026";"ПН";"4 пара (14:45-16:10)";"Математика — вся группа, Абрамчук Раида Филимазовна, Лесная"
"ТОРД-2707п";"02.02.2026";"ПН";"5 пара (16:20-17:40)";"Математика — вся группа, Абрамчук Раида Филимазовна, Лесная"
"ТОРД-2707п";"02.02.2026";"ПН";"6 пара (17:50-19:10)";"Физическая культура — вся группа, Потапова Регина Александровна, Лесная"
"ТОРД-2707п";"02.02.2026";"ПН";"7 пара (19:20-20:40)";"Физическая культура — вся группа, Потапова Регина Александровна, Лесная"
"ТОРД-2707п";"03.02.2026";"ВТ";"1 пара (08:30-09:55)";"-"
"ТОРД-2707п";"03.02.2026";"ВТ";"2 пара (10:05-11:30)";"-"
"ТОРД-2707п";"03.02.2026";"ВТ";"3 пара (12:25-13:50)";"Информатика теория — вся группа, Отрак Елена Сергеевна, Лесная"
"ТОРД-2707п";"03.02.2026";"ВТ";"4 пара (14:00-15:25)";"Инженерная графика — вся группа, Саламатина Вера Викторовна, Лесная"
"ТОРД-2707п";"03.02.2026";"ВТ";"5 пара (15:35-16:55)";"Инженерная графика — вся группа, Саламатина Вера Викторовна, Лесная"
"ТОРД-2707п";"03.02.2026";"ВТ";"6 пара (17:05-18:25)";"Физическая культура — вся группа, Потапова Регина Александровна, Лесная"
"ТОРД-2707п";"03.02.2026";"ВТ";"7 пара (18:35-19:55)";"Физическая культура — вся группа, Потапова Регина Александровна, Лесная"
"ТОРД-2707п";"04.02.2026";"СР";"1 пара (08:30-09:55)";"-"
"ТОРД-2707п";"04.02.2026";"СР";"2 пара (10:05-11:30)";"-"
"ТОРД-2707п";"04.02.2026";"СР";"3 пара (12:25-13:50)";"Математика — вся группа, Абрамчук Раида Филимазовна, Лесная"
"ТОРД-2707п";"04.02.2026";"СР";"4 пара (14:00-15:25)";"Математика — вся группа, Абрамчук Раида Филимазовна, Лесная"
"ТОРД-2707п";"04.02.2026";"СР";"5 пара (15:35-16:55)";"Инженерная графика — вся группа, Саламатина Вера Викторовна, Лесная"
"ТОРД-2707п";"04.02.2026";"СР";"6 пара (17:05-18:25)";"Физическая культура — вся группа, Потапова Регина Александровна, Лесная"
"ТОРД-2707п";"04.02.2026";"СР";"7 пара (18:35-19:55)";"Физическая культура — вся группа, Потапова Регина Александровна, Лесная"
"ТОРД-2707п";"05.02.2026";"ЧТ";"1 пара (08:30-09:55)";"ЛПЗ Компас 3D — 2 п/г, Кошелев Дмитрий Александрович, Лесная | УП.04 (УП утро 08:30-12:30) — 1 п/г, Самцов Андрей Евгеньевич, Лесная"
"ТОРД-2707п";"05.02.2026";"ЧТ";"2 пара (10:05-11:30)";"ЛПЗ Компас 3D — 2 п/г, Кошелев Дмитрий Александрович, Лесная | УП.04 (УП утро 08:30-12:30) — 1 п/г, Самцов Андрей Евгеньевич, Лесная"
"ТОРД-2707п";"05.02.2026";"ЧТ";"3 пара (12:25-13:50)";"ЛПЗ Компас 3D — 2 п/г, Кошелев Дмитрий Александрович, Лесная"
"ТОРД-2707п";"05.02.2026";"ЧТ";"4 пара (14:00-15:25)";"ЛПЗ Компас 3D — 2 п/г, Кошелев Дмитрий Александрович, Лесная"
"ТОРД-2707п";"05.02.2026";"ЧТ";"5 пара (15:35-16:55)";"ЛПЗ Компас 3D — 2 п/г, Кошелев Дмитрий Александрович, Лесная"
"ТОРД-2707п";"05.02.2026";"ЧТ";"6 пара (17:05-18:25)";"-"
"ТОРД-2707п";"05.02.2026";"ЧТ";"7 пара (18:35-19:55)";"-"
"ТОРД-2707п";"06.02.2026";"ПТ";"1 пара (08:30-09:55)";"Физическая культура — вся группа, Потапова Регина Александровна, Лесная"
"ТОРД-2707п";"06.02.2026";"ПТ";"2 пара (10:05-11:30)";"Физическая культура — вся группа, Потапова Регина Александровна, Лесная"
"ТОРД-2707п";"06.02.2026";"ПТ";"3 пара (12:25-13:50)";"Физическая культура — вся группа, Потапова Регина Александровна, Лесная"
"ТОРД-2707п";"06.02.2026";"ПТ";"4 пара (14:00-15:25)";"Физическая культура — вся группа, Потапова Регина Александровна, Лесная"
"ТОРД-2707п";"06.02.2026";"ПТ";"5 пара (15:35-16:55)";"Инженерная графика — вся группа, Саламатина Вера Викторовна, Лесная"
"ТОРД-2707п";"06.02.2026";"ПТ";"6 пара (17:05-18:25)";"-"
"ТОРД-2707п";"06.02.2026";"ПТ";"7 пара (18:35-19:55)";"-"
"ТОРД-2707п";"07.02.2026";"СБ";"1 пара (08:30-09:45)";"УП.04 (УП утро 08:30-12:00) — 2 п/г, Тимеров Валерий Вагизович, Лесная"
"ТОРД-2707п";"07.02.2026";"СБ";"2 пара (09:55-11:10)";"УП.04 (УП утро 08:30-12:00) — 2 п/г, Тимеров Валерий Вагизович, Лесная"
"ТОРД-2707п";"07.02.2026";"СБ";"3 пара (11:30-12:45)";"ЛПЗ МДК.01.01 Устройство автомобилей — 1 п/г, Подчиненнов Александр Юрьевич, Лесная"
"ТОРД-2707п";"07.02.2026";"СБ";"4 пара (12:55-14:10)";"ЛПЗ Компас 3D — 1 п/г, Кошелев Дмитрий Александрович, Лесная"
"ТОРД-2707п";"07.02.2026";"СБ";"5 пара (14:20-15:30)";"ЛПЗ Компас 3D — 1 п/г, Кошелев Дмитрий Александрович, Лесная"
"ТОРД-2707п";"07.02.2026";"СБ";"6 пара (15:40-16:50)";"ЛПЗ Компас 3D — 1 п/г, Кошелев Дмитрий Александрович, Лесная"
"ТОРД-2707п";"07.02.2026";"СБ";"7 пара (17:00-18:10)";"ЛПЗ Компас 3D — 1 п/г, Кошелев Дмитрий Александрович, Лесная"
"ТОРД-2707п";"09.02.2026";"ПН";"1 пара (09:15-10:40)";"Инженерная графика — вся группа, Саламатина Вера Викторовна, Лесная"
"ТОРД-2707п";"09.02.2026";"ПН";"2 пара (10:50-12:15)";"Инженерная графика — вся группа, Саламатина Вера Викторовна, Лесная"
"ТОРД-2707п";"09.02.2026";"ПН";"3 пара (13:10-14:35)";"Инженерная графика — вся группа, Саламатина Вера Викторовна, Лесная"
"ТОРД-2707п";"09.02.2026";"ПН";"4 пара (14:45-16:10)";"Техническая механика — вся группа, Абрамчук Раида Филимазовна, Лесная"
"ТОРД-2707п";"09.02.2026";"ПН";"5 пара (16:20-17:40)";"Техническая механика — вся группа, Абрамчук Раида Филимазовна, Лесная"
"ТОРД-2707п";"09.02.2026";"ПН";"6 пара (17:50-19:10)";"-"
"ТОРД-2707п";"09.02.2026";"ПН";"7 пара (19:20-20:40)";"-"
"ТОРД-2707п";"10.02.2026";"ВТ";"1 пара (08:30-09:55)";"-"
"ТОРД-2707п";"10.02.2026";"ВТ";"2 пара (10:05-11:30)";"-"
"ТОРД-2707п";"10.02.2026";"ВТ";"3 пара (12:25-13:50)";"Электротехника и электроника — вся группа, Динмухаметов Владислав Дуферович, Лесная"
"ТОРД-2707п";"10.02.2026";"ВТ";"4 пара (14:00-15:25)";"Техническая механика — вся группа, Абрамчук Раида Филимазовна, Лесная"
"ТОРД-2707п";"10.02.2026";"ВТ";"5 пара (15:35-16:55)";"Электротехника и электроника — вся группа, Динмухаметов Владислав Дуферович, Лесная"
"ТОРД-2707п";"10.02.2026";"ВТ";"6 пара (17:05-18:25)";"Инженерная графика — вся группа, Саламатина Вера Викторовна, Лесная"
"ТОРД-2707п";"10.02.2026";"ВТ";"7 пара (18:35-19:55)";"Инженерная графика — вся группа, Саламатина Вера Викторовна, Лесная"
"ТОРД-2707п";"11.02.2026";"СР";"1 пара (08:30-09:55)";"Инженерная графика — вся группа, Саламатина Вера Викторовна, Лесная"
"ТОРД-2707п";"11.02.2026";"СР";"2 пара (10:05-11:30)";"Инженерная графика — вся группа, Саламатина Вера Викторовна, Лесная"
"ТОРД-2707п";"11.02.2026";"СР";"3 пара (12:25-13:50)";"Инженерная графика — вся группа, Саламатина Вера Викторовна, Лесная"
"ТОРД-2707п";"11.02.2026";"СР";"4 пара (14:00-15:25)";"Инженерная графика — вся группа, Саламатина Вера Викторовна, Лесная"
"ТОРД-2707п";"11.02.2026";"СР";"5 пара (15:35-16:55)";"Инженерная графика — вся группа, Саламатина Вера Викторовна, Лесная"
"ТОРД-2707п";"11.02.2026";"СР";"6 пара (17:05-18:25)";"-"
"ТОРД-2707п";"11.02.2026";"СР";"7 пара (18:35-19:55)";"-"
"ТОРД-2707п";"12.02.2026";"ЧТ";"1 пара (08:30-09:55)";"УП.04 (УП утро 08:30-12:30) — 1 п/г, Самцов Андрей Евгеньевич, Лесная"
"ТОРД-2707п";"12.02.2026";"ЧТ";"2 пара (10:05-11:30)";"УП.04 (УП утро 08:30-12:30) — 1 п/г, Самцов Андрей Евгеньевич, Лесная"
"ТОРД-2707п";"12.02.2026";"ЧТ";"3 пара (12:25-13:50)";"ЛПЗ МДК.01.01 Устройство автомобилей — 2 п/г, Подчиненнов Александр Юрьевич, Лесная"
"ТОРД-2707п";"12.02.2026";"ЧТ";"4 пара (14:00-15:25)";"ЛПЗ Компас 3D — 2 п/г, Кошелев Дмитрий Александрович, Лесная"
"ТОРД-2707п";"12.02.2026";"ЧТ";"5 пара (15:35-16:55)";"ЛПЗ Компас 3D — 2 п/г, Кошелев Дмитрий Александрович, Лесная"
"ТОРД-2707п";"12.02.2026";"ЧТ";"6 пара (17:05-18:25)";"ЛПЗ Компас 3D — 2 п/г, Кошелев Дмитрий Александрович, Лесная"
"ТОРД-2707п";"12.02.2026";"ЧТ";"7 пара (18:35-19:55)";"ЛПЗ Компас 3D — 2 п/г, Кошелев Дмитрий Александрович, Лесная"
"ТОРД-2707п";"13.02.2026";"ПТ";"1 пара (08:30-09:55)";"Инженерная графика — вся группа, Саламатина Вера Викторовна, Лесная"
"ТОРД-2707п";"13.02.2026";"ПТ";"2 пара (10:05-11:30)";"Инженерная графика — вся группа, Саламатина Вера Викторовна, Лесная"
"ТОРД-2707п";"13.02.2026";"ПТ";"3 пара (12:25-13:50)";"Инженерная графика — вся группа, Саламатина Вера Викторовна, Лесная"
"ТОРД-2707п";"13.02.2026";"ПТ";"4 пара (14:00-15:25)";"Инженерная графика — вся группа, Саламатина Вера Викторовна, Лесная"
"ТОРД-2707п";"13.02.2026";"ПТ";"5 пара (15:35-16:55)";"Инженерная графика — вся группа, Саламатина Вера Викторовна, Лесная"
"ТОРД-2707п";"13.02.2026";"ПТ";"6 пара (17:05-18:25)";"-"
"ТОРД-2707п";"13.02.2026";"ПТ";"7 пара (18:35-19:55)";"-"
"ТОРД-2707п";"14.02.2026";"СБ";"1 пара (08:30-09:45)";"УП.04 (УП утро 08:30-12:00) — 2 п/г, Тимеров Валерий Вагизович, Лесная"
"ТОРД-2707п";"14.02.2026";"СБ";"2 пара (09:55-11:10)";"УП.04 (УП утро 08:30-12:00) — 2 п/г, Тимеров Валерий Вагизович, Лесная"
"ТОРД-2707п";"14.02.2026";"СБ";"3 пара (11:30-12:45)";"ЛПЗ МДК.01.01 Устройство автомобилей — 1 п/г, Подчиненнов Александр Юрьевич, Лесная"
"ТОРД-2707п";"14.02.2026";"СБ";"4 пара (12:55-14:10)";"ЛПЗ Компас 3D — 1 п/г, Кошелев Дмитрий Александрович, Лесная"
"ТОРД-2707п";"14.02.2026";"СБ";"5 пара (14:20-15:30)";"ЛПЗ Компас 3D — 1 п/г, Кошелев Дмитрий Александрович, Лесная"
"ТОРД-2707п";"14.02.2026";"СБ";"6 пара (15:40-16:50)";"ЛПЗ Компас 3D — 1 п/г, Кошелев Дмитрий Александрович, Лесная"
"ТОРД-2707п";"14.02.2026";"СБ";"7 пара (17:00-18:10)";"ЛПЗ Компас 3D — 1 п/г, Кошелев Дмитрий Александрович, Лесная"
"ТОРД-2707п";"16.02.2026";"ПН";"1 пара (09:15-10:40)";"-"
"ТОРД-2707п";"16.02.2026";"ПН";"2 пара (10:50-12:15)";"-"
"ТОРД-2707п";"16.02.2026";"ПН";"3 пара (13:10-14:35)";"Электротехника и электроника — вся группа, Динмухаметов Владислав Дуферович, Лесная"
"ТОРД-2707п";"16.02.2026";"ПН";"4 пара (14:45-16:10)";"Электротехника и электроника — вся группа, Динмухаметов Владислав Дуферович, Лесная"
"ТОРД-2707п";"16.02.2026";"ПН";"5 пара (16:20-17:40)";"Электротехника и электроника — вся группа, Динмухаметов Владислав Дуферович, Лесная"
"ТОРД-2707п";"16.02.2026";"ПН";"6 пара (17:50-19:10)";"Инженерная графика — вся группа, Саламатина Вера Викторовна, Лесная"
"ТОРД-2707п";"16.02.2026";"ПН";"7 пара (19:20-20:40)";"Инженерная графика — вся группа, Саламатина Вера Викторовна, Лесная"
"ТОРД-2707п";"17.02.2026";"ВТ";"1 пара (08:30-09:55)";"-"
"ТОРД-2707п";"17.02.2026";"ВТ";"2 пара (10:05-11:30)";"Инженерная графика — вся группа, Саламатина Вера Викторовна, Лесная"
"ТОРД-2707п";"17.02.2026";"ВТ";"3 пара (12:25-13:50)";"Инженерная графика — вся группа, Саламатина Вера Викторовна, Лесная"
"ТОРД-2707п";"17.02.2026";"ВТ";"4 пара (14:00-15:25)";"Инженерная графика — вся группа, Саламатина Вера Викторовна, Лесная"
"ТОРД-2707п";"17.02.2026";"ВТ";"5 пара (15:35-16:55)";"Инженерная графика — вся группа, Саламатина Вера Викторовна, Лесная"
"ТОРД-2707п";"17.02.2026";"ВТ";"6 пара (17:05-18:25)";"Инженерная графика — вся группа, Саламатина Вера Викторовна, Лесная"
"ТОРД-2707п";"17.02.2026";"ВТ";"7 пара (18:35-19:55)";"-"
"ТОРД-2707п";"18.02.2026";"СР";"1 пара (08:30-09:55)";"Инженерная графика — вся группа, Саламатина Вера Викторовна, Лесная"
"ТОРД-2707п";"18.02.2026";"СР";"2 пара (10:05-11:30)";"Инженерная графика — вся группа, Саламатина Вера Викторовна, Лесная"
"ТОРД-2707п";"18.02.2026";"СР";"3 пара (12:25-13:50)";"Электротехника и электроника — вся группа, Динмухаметов Владислав Дуферович, Лесная"
"ТОРД-2707п";"18.02.2026";"СР";"4 пара (14:00-15:25)";"Электротехника и электроника — вся группа, Динмухаметов Владислав Дуферович, Лесная"
"ТОРД-2707п";"18.02.2026";"СР";"5 пара (15:35-16:55)";"Электротехника и электроника — вся группа, Динмухаметов Владислав Дуферович, Лесная"
"ТОРД-2707п";"18.02.2026";"СР";"6 пара (17:05-18:25)";"-"
"ТОРД-2707п";"18.02.2026";"СР";"7 пара (18:35-19:55)";"-"
"ТОРД-2707п";"19.02.2026";"ЧТ";"1 пара (08:30-09:55)";"УП.04 (УП утро 08:30-12:30) — 1 п/г, Самцов Андрей Евгеньевич, Лесная"
"ТОРД-2707п";"19.02.2026";"ЧТ";"2 пара (10:05-11:30)";"УП.04 (УП утро 08:30-12:30) — 1 п/г, Самцов Андрей Евгеньевич, Лесная"
"ТОРД-2707п";"19.02.2026";"ЧТ";"3 пара (12:25-13:50)";"ЛПЗ МДК.01.01 Устройство автомобилей — 2 п/г, Подчиненнов Александр Юрьевич, Лесная"
"ТОРД-2707п";"19.02.2026";"ЧТ";"4 пара (14:00-15:25)";"ЛПЗ Компас 3D — 2 п/г, Кошелев Дмитрий Александрович, Лесная"
"ТОРД-2707п";"19.02.2026";"ЧТ";"5 пара (15:35-16:55)";"ЛПЗ Компас 3D — 2 п/г, Кошелев Дмитрий Александрович, Лесная"
"ТОРД-2707п";"19.02.2026";"ЧТ";"6 пара (17:05-18:25)";"ЛПЗ Компас 3D — 2 п/г, Кошелев Дмитрий Александрович, Лесная"
"ТОРД-2707п";"19.02.2026";"ЧТ";"7 пара (18:35-19:55)";"ЛПЗ Компас 3D — 2 п/г, Кошелев Дмитрий Александрович, Лесная"
"ТОРД-2707п";"20.02.2026";"ПТ";"1 пара (08:30-09:55)";"Техническая механика — вся группа, Абрамчук Раида Филимазовна, Лесная"
"ТОРД-2707п";"20.02.2026";"ПТ";"2 пара (10:05-11:30)";"Техническая механика — вся группа, Абрамчук Раида Филимазовна, Лесная"
"ТОРД-2707п";"20.02.2026";"ПТ";"3 пара (12:25-13:50)";"Техническая механика — вся группа, Абрамчук Раида Филимазовна, Лесная"
"ТОРД-2707п";"20.02.2026";"ПТ";"4 пара (14:00-15:25)";"Техническая механика — вся группа, Абрамчук Раида Филимазовна, Лесная"
"ТОРД-2707п";"20.02.2026";"ПТ";"5 пара (15:35-16:55)";"Техническая механика — вся группа, Абрамчук Раида Филимазовна, Лесная"
"ТОРД-2707п";"20.02.2026";"ПТ";"6 пара (17:05-18:25)";"-"
"ТОРД-2707п";"20.02.2026";"ПТ";"7 пара (18:35-19:55)";"-"
"ТОРД-2707п";"21.02.2026";"СБ";"1 пара (08:30-09:45)";"ЛПЗ МДК.01.01 Устройство автомобилей — 1 п/г, Подчиненнов Александр Юрьевич, Лесная | УП.04 (УП утро 08:30-12:00) — 2 п/г, Тимеров Валерий Вагизович, Лесная"
"ТОРД-2707п";"21.02.2026";"СБ";"2 пара (09:55-11:10)";"ЛПЗ МДК.01.01 Устройство автомобилей — 1 п/г, Подчиненнов Александр Юрьевич, Лесная | УП.04 (УП утро 08:30-12:00) — 2 п/г, Тимеров Валерий Вагизович, Лесная"
"ТОРД-2707п";"21.02.2026";"СБ";"3 пара (11:30-12:45)";"ЛПЗ МДК.01.01 Устройство автомобилей — 1 п/г, Подчиненнов Александр Юрьевич, Лесная"
"ТОРД-2707п";"21.02.2026";"СБ";"4 пара (12:55-14:10)";"ЛПЗ Компас 3D — 1 п/г, Кошелев Дмитрий Александрович, Лесная"
"ТОРД-2707п";"21.02.2026";"СБ";"5 пара (14:20-15:30)";"ЛПЗ ВМДК.04.01 Слесарное дело и технические измерения — 1 п/г, Самцов Андрей Евгеньевич, Лесная"
"ТОРД-2707п";"21.02.2026";"СБ";"6 пара (15:40-16:50)";"-"
"ТОРД-2707п";"21.02.2026";"СБ";"7 пара (17:00-18:10)";"-"
"ТОРД-2707п";"23.02.2026";"ПН";"1 пара (09:15-10:40)";"-"
"ТОРД-2707п";"23.02.2026";"ПН";"2 пара (10:50-12:15)";"-"
"ТОРД-2707п";"23.02.2026";"ПН";"3 пара (13:10-14:35)";"Электротехника и электроника — вся группа, Динмухаметов Владислав Дуферович, Лесная"
"ТОРД-2707п";"23.02.2026";"ПН";"4 пара (14:45-16:10)";"Электротехника и электроника — вся группа, Динмухаметов Владислав Дуферович, Лесная"
"ТОРД-2707п";"23.02.2026";"ПН";"5 пара (16:20-17:40)";"Электротехника и электроника — вся группа, Динмухаметов Владислав Дуферович, Лесная"
"ТОРД-2707п";"23.02.2026";"ПН";"6 пара (17:50-19:10)";"Техническая механика — вся группа, Абрамчук Раида Филимазовна, Лесная"
"ТОРД-2707п";"23.02.2026";"ПН";"7 пара (19:20-20:40)";"Техническая механика — вся группа, Абрамчук Раида Филимазовна, Лесная"
"ТОРД-2707п";"24.02.2026";"ВТ";"1 пара (08:30-09:55)";"Техническая механика — вся группа, Абрамчук Раида Филимазовна, Лесная"
"ТОРД-2707п";"24.02.2026";"ВТ";"2 пара (10:05-11:30)";"Техническая механика — вся группа, Абрамчук Раида Филимазовна, Лесная"
"ТОРД-2707п";"24.02.2026";"ВТ";"3 пара (12:25-13:50)";"Техническая механика — вся группа, Абрамчук Раида Филимазовна, Лесная"
"ТОРД-2707п";"24.02.2026";"ВТ";"4 пара (14:00-15:25)";"Техническая механика — вся группа, Абрамчук Раида Филимазовна, Лесная"
"ТОРД-2707п";"24.02.2026";"ВТ";"5 пара (15:35-16:55)";"Техническая механика — вся группа, Абрамчук Раида Филимазовна, Лесная"
"ТОРД-2707п";"24.02.2026";"ВТ";"6 пара (17:05-18:25)";"-"
"ТОРД-2707п";"24.02.2026";"ВТ";"7 пара (18:35-19:55)";"-"
"ТОРД-2707п";"25.02.2026";"СР";"1 пара (08:30-09:55)";"ЛПЗ МДК.01.01 Устройство автомобилей — 2 п/г, Подчиненнов Александр Юрьевич, Лесная | УП.04 (УП утро 08:30-12:30) — 1 п/г, Самцов Андрей Евгеньевич, Лесная"
"ТОРД-2707п";"25.02.2026";"СР";"2 пара (10:05-11:30)";"ЛПЗ МДК.01.01 Устройство автомобилей — 2 п/г, Подчиненнов Александр Юрьевич, Лесная | УП.04 (УП утро 08:30-12:30) — 1 п/г, Самцов Андрей Евгеньевич, Лесная"
"ТОРД-2707п";"25.02.2026";"СР";"3 пара (12:25-13:50)";"ЛПЗ МДК.01.01 Устройство автомобилей — 2 п/г, Подчиненнов Александр Юрьевич, Лесная"
"ТОРД-2707п";"25.02.2026";"СР";"4 пара (14:00-15:25)";"ЛПЗ Компас 3D — 2 п/г, Кошелев Дмитрий Александрович, Лесная"
"ТОРД-2707п";"25.02.2026";"СР";"5 пара (15:35-16:55)";"ЛПЗ МДК.01.01 Устройство автомобилей — 2 п/г, Подчиненнов Александр Юрьевич, Лесная"
"ТОРД-2707п";"25.02.2026";"СР";"6 пара (17:05-18:25)";"-"
"ТОРД-2707п";"25.02.2026";"СР";"7 пара (18:35-19:55)";"-"
"ТОРД-2707п";"26.02.2026";"ЧТ";"1 пара (08:30-09:55)";"Техническая механика — вся группа, Абрамчук Раида Филимазовна, Лесная"
"ТОРД-2707п";"26.02.2026";"ЧТ";"2 пара (10:05-11:30)";"Техническая механика — вся группа, Абрамчук Раида Филимазовна, Лесная"
"ТОРД-2707п";"26.02.2026";"ЧТ";"3 пара (12:25-13:50)";"Техническая механика — вся группа, Абрамчук Раида Филимазовна, Лесная"
"ТОРД-2707п";"26.02.2026";"ЧТ";"4 пара (14:00-15:25)";"Техническая механика — вся группа, Абрамчук Раида Филимазовна, Лесная"
"ТОРД-2707п";"26.02.2026";"ЧТ";"5 пара (15:35-16:55)";"Техническая механика — вся группа, Абрамчук Раида Филимазовна, Лесная"
"ТОРД-2707п";"26.02.2026";"ЧТ";"6 пара (17:05-18:25)";"-"
"ТОРД-2707п";"26.02.2026";"ЧТ";"7 пара (18:35-19:55)";"-"
"ТОРД-2707п";"27.02.2026";"ПТ";"1 пара (08:30-09:55)";"ЛПЗ ВМДК.04.01 Слесарное дело и технические измерения — 1 п/г, Самцов Андрей Евгеньевич, Лесная | УП.04 (УП утро 08:30-12:30) — 2 п/г, Тимеров Валерий Вагизович, Лесная"
"ТОРД-2707п";"27.02.2026";"ПТ";"2 пара (10:05-11:30)";"ЛПЗ ВМДК.04.01 Слесарное дело и технические измерения — 1 п/г, Самцов Андрей Евгеньевич, Лесная | УП.04 (УП утро 08:30-12:30) — 2 п/г, Тимеров Валерий Вагизович, Лесная"
"ТОРД-2707п";"27.02.2026";"ПТ";"3 пара (12:25-13:50)";"ЛПЗ ВМДК.04.01 Слесарное дело и технические измерения — 1 п/г, Самцов Андрей Евгеньевич, Лесная"
"ТОРД-2707п";"27.02.2026";"ПТ";"4 пара (14:00-15:25)";"ЛПЗ ВМДК.04.01 Слесарное дело и технические измерения — 1 п/г, Самцов Андрей Евгеньевич, Лесная"
"ТОРД-2707п";"27.02.2026";"ПТ";"5 пара (15:35-16:55)";"ЛПЗ ВМДК.04.01 Слесарное дело и технические измерения — 1 п/г, Самцов Андрей Евгеньевич, Лесная"
"ТОРД-2707п";"27.02.2026";"ПТ";"6 пара (17:05-18:25)";"-"
"ТОРД-2707п";"27.02.2026";"ПТ";"7 пара (18:35-19:55)";"-"
"ТОРД-2707п";"28.02.2026";"СБ";"1 пара (08:30-09:45)";"-"
"ТОРД-2707п";"28.02.2026";"СБ";"2 пара (09:55-11:10)";"-"
"ТОРД-2707п";"28.02.2026";"СБ";"3 пара (11:30-12:45)";"Электротехника и электроника — вся группа, Динмухаметов Владислав Дуферович, Лесная"
"ТОРД-2707п";"28.02.2026";"СБ";"4 пара (12:55-14:10)";"Электротехника и электроника — вся группа, Динмухаметов Владислав Дуферович, Лесная"
"ТОРД-2707п";"28.02.2026";"СБ";"5 пара (14:20-15:30)";"Электротехника и электроника — вся группа, Динмухаметов Владислав Дуферович, Лесная"
"ТОРД-2707п";"28.02.2026";"СБ";"6 пара (15:40-16:50)";"Техническая механика — вся группа, Абрамчук Раида Филимазовна, Лесная"
"ТОРД-2707п";"28.02.2026";"СБ";"7 пара (17:00-18:10)";"Техническая механика — вся группа, Абрамчук Раида Филимазовна, Лесная"
"ТОРД-2707п";"02.03.2026";"ПН";"1 пара (09:15-10:40)";"Техническая механика — вся группа, Абрамчук Раида Филимазовна, Лесная"
"ТОРД-2707п";"02.03.2026";"ПН";"2 пара (10:50-12:15)";"Техническая механика — вся группа, Абрамчук Раида Филимазовна, Лесная"
"ТОРД-2707п";"02.03.2026";"ПН";"3 пара (13:10-14:35)";"Техническая механика — вся группа, Абрамчук Раида Филимазовна, Лесная"
"ТОРД-2707п";"02.03.2026";"ПН";"4 пара (14:45-16:10)";"Техническая механика — вся группа, Абрамчук Раида Филимазовна, Лесная"
"ТОРД-2707п";"02.03.2026";"ПН";"5 пара (16:20-17:40)";"Техническая механика — вся группа, Абрамчук Раида Филимазовна, Лесная"
"ТОРД-2707п";"02.03.2026";"ПН";"6 пара (17:50-19:10)";"-"
"ТОРД-2707п";"02.03.2026";"ПН";"7 пара (19:20-20:40)";"-"
"ТОРД-2707п";"03.03.2026";"ВТ";"1 пара (08:30-09:55)";"УП.04 (УП утро 08:30-12:30) — 1 п/г, Самцов Андрей Евгеньевич, Лесная"
"ТОРД-2707п";"03.03.2026";"ВТ";"2 пара (10:05-11:30)";"УП.04 (УП утро 08:30-12:30) — 1 п/г, Самцов Андрей Евгеньевич, Лесная"
"ТОРД-2707п";"03.03.2026";"ВТ";"3 пара (12:25-13:50)";"ЛПЗ ВМДК.04.02 Диагностика, техническое обслуживание и ремонт мехатронных систем автомобиля — 2 п/г, Тимеров Валерий Вагизович, Лесная"
"ТОРД-2707п";"03.03.2026";"ВТ";"4 пара (14:00-15:25)";"ЛПЗ ВМДК.04.02 Диагностика, техническое обслуживание и ремонт мехатронных систем автомобиля — 2 п/г, Тимеров Валерий Вагизович, Лесная"
"ТОРД-2707п";"03.03.2026";"ВТ";"5 пара (15:35-16:55)";"ЛПЗ ВМДК.04.02 Диагностика, техническое обслуживание и ремонт мехатронных систем автомобиля — 2 п/г, Тимеров Валерий Вагизович, Лесная"
"ТОРД-2707п";"03.03.2026";"ВТ";"6 пара (17:05-18:25)";"ЛПЗ ВМДК.04.01 Слесарное дело и технические измерения — 2 п/г, Подчиненнов Александр Юрьевич, Лесная"
"ТОРД-2707п";"03.03.2026";"ВТ";"7 пара (18:35-19:55)";"ЛПЗ ВМДК.04.01 Слесарное дело и технические измерения — 2 п/г, Подчиненнов Александр Юрьевич, Лесная"
"ТОРД-2707п";"04.03.2026";"СР";"1 пара (08:30-09:55)";"Техническая механика — вся группа, Абрамчук Раида Филимазовна, Лесная"
"ТОРД-2707п";"04.03.2026";"СР";"2 пара (10:05-11:30)";"Техническая механика — вся группа, Абрамчук Раида Филимазовна, Лесная"
"ТОРД-2707п";"04.03.2026";"СР";"3 пара (12:25-13:50)";"Техническая механика — вся группа, Абрамчук Раида Филимазовна, Лесная"
"ТОРД-2707п";"04.03.2026";"СР";"4 пара (14:00-15:25)";"Техническая механика — вся группа, Абрамчук Раида Филимазовна, Лесная"
"ТОРД-2707п";"04.03.2026";"СР";"5 пара (15:35-16:55)";"Техническая механика — вся группа, Абрамчук Раида Филимазовна, Лесная"
"ТОРД-2707п";"04.03.2026";"СР";"6 пара (17:05-18:25)";"-"
"ТОРД-2707п";"04.03.2026";"СР";"7 пара (18:35-19:55)";"-"
"ТОРД-2707п";"05.03.2026";"ЧТ";"1 пара (08:30-09:55)";"ЛПЗ МДК.01.01 Устройство автомобилей — 1 п/г, Подчиненнов Александр Юрьевич, Лесная | УП.04 (УП утро 08:30-12:30) — 2 п/г, Тимеров Валерий Вагизович, Лесная"
"ТОРД-2707п";"05.03.2026";"ЧТ";"2 пара (10:05-11:30)";"ЛПЗ МДК.01.01 Устройство автомобилей — 1 п/г, Подчиненнов Александр Юрьевич, Лесная | УП.04 (УП утро 08:30-12:30) — 2 п/г, Тимеров Валерий Вагизович, Лесная"
"ТОРД-2707п";"05.03.2026";"ЧТ";"3 пара (12:25-13:50)";"ЛПЗ МДК.01.01 Устройство автомобилей — 1 п/г, Подчиненнов Александр Юрьевич, Лесная"
"ТОРД-2707п";"05.03.2026";"ЧТ";"4 пара (14:00-15:25)";"ЛПЗ ВМДК.04.01 Слесарное дело и технические измерения — 1 п/г, Самцов Андрей Евгеньевич, Лесная"
"ТОРД-2707п";"05.03.2026";"ЧТ";"5 пара (15:35-16:55)";"ЛПЗ ВМДК.04.01 Слесарное дело и технические измерения — 1 п/г, Самцов Андрей Евгеньевич, Лесная"
"ТОРД-2707п";"05.03.2026";"ЧТ";"6 пара (17:05-18:25)";"-"
"ТОРД-2707п";"05.03.2026";"ЧТ";"7 пара (18:35-19:55)";"-"
"ТОРД-2707п";"06.03.2026";"ПТ";"1 пара (08:30-09:55)";"-"
"ТОРД-2707п";"06.03.2026";"ПТ";"2 пара (10:05-11:30)";"-"
"ТОРД-2707п";"06.03.2026";"ПТ";"3 пара (12:25-13:50)";"Электротехника и электроника — вся группа, Динмухаметов Владислав Дуферович, Лесная"
"ТОРД-2707п";"06.03.2026";"ПТ";"4 пара (14:00-15:25)";"Электротехника и электроника — вся группа, Динмухаметов Владислав Дуферович, Лесная"
"ТОРД-2707п";"06.03.2026";"ПТ";"5 пара (15:35-16:55)";"Электротехника и электроника — вся группа, Динмухаметов Владислав Дуферович, Лесная"
"ТОРД-2707п";"06.03.2026";"ПТ";"6 пара (17:05-18:25)";"Техническая механика — вся группа, Абрамчук Раида Филимазовна, Лесная"
"ТОРД-2707п";"06.03.2026";"ПТ";"7 пара (18:35-19:55)";"Техническая механика — вся группа, Абрамчук Раида Филимазовна, Лесная"
"ТОРД-2707п";"07.03.2026";"СБ";"1 пара (08:30-09:45)";"-"
"ТОРД-2707п";"07.03.2026";"СБ";"2 пара (09:55-11:10)";"-"
"ТОРД-2707п";"07.03.2026";"СБ";"3 пара (11:30-12:45)";"Электротехника и электроника — вся группа, Динмухаметов Владислав Дуферович, Лесная"
"ТОРД-2707п";"07.03.2026";"СБ";"4 пара (12:55-14:10)";"Электротехника и электроника — вся группа, Динмухаметов Владислав Дуферович, Лесная"
"ТОРД-2707п";"07.03.2026";"СБ";"5 пара (14:20-15:30)";"Электротехника и электроника — вся группа, Динмухаметов Владислав Дуферович, Лесная"
"ТОРД-2707п";"07.03.2026";"СБ";"6 пара (15:40-16:50)";"Техническая механика — вся группа, Абрамчук Раида Филимазовна, Лесная"
"ТОРД-2707п";"07.03.2026";"СБ";"7 пара (17:00-18:10)";"Техническая механика — вся группа, Абрамчук Раида Филимазовна, Лесная"
"ТОРД-2707п";"09.03.2026";"ПН";"1 пара (09:15-10:40)";"ЛПЗ ВМДК.04.01 Слесарное дело и технические измерения — 1 п/г, Самцов Андрей Евгеньевич, Лесная | УП.04 (УП утро 09:00-13:00) — 2 п/г, Тимеров Валерий Вагизович, Лесная"
"ТОРД-2707п";"09.03.2026";"ПН";"2 пара (10:50-12:15)";"ЛПЗ ВМДК.04.01 Слесарное дело и технические измерения — 1 п/г, Самцов Андрей Евгеньевич, Лесная | УП.04 (УП утро 09:00-13:00) — 2 п/г, Тимеров Валерий Вагизович, Лесная"
"ТОРД-2707п";"09.03.2026";"ПН";"3 пара (13:10-14:35)";"ЛПЗ ВМДК.04.01 Слесарное дело и технические измерения — 1 п/г, Самцов Андрей Евгеньевич, Лесная"
"ТОРД-2707п";"09.03.2026";"ПН";"4 пара (14:45-16:10)";"ЛПЗ ВМДК.04.01 Слесарное дело и технические измерения — 1 п/г, Самцов Андрей Евгеньевич, Лесная"
"ТОРД-2707п";"09.03.2026";"ПН";"5 пара (16:20-17:40)";"ЛПЗ ВМДК.04.01 Слесарное дело и технические измерения — 1 п/г, Самцов Андрей Евгеньевич, Лесная"
"ТОРД-2707п";"09.03.2026";"ПН";"6 пара (17:50-19:10)";"-"
"ТОРД-2707п";"09.03.2026";"ПН";"7 пара (19:20-20:40)";"-"
"ТОРД-2707п";"10.03.2026";"ВТ";"1 пара (08:30-09:55)";"Техническая механика — вся группа, Абрамчук Раида Филимазовна, Лесная"
"ТОРД-2707п";"10.03.2026";"ВТ";"2 пара (10:05-11:30)";"Техническая механика — вся группа, Абрамчук Раида Филимазовна, Лесная"
"ТОРД-2707п";"10.03.2026";"ВТ";"3 пара (12:25-13:50)";"ВМДК.04.01 Слесарное дело и технические измерения — вся группа, Самцов Андрей Евгеньевич, Лесная"
"ТОРД-2707п";"10.03.2026";"ВТ";"4 пара (14:00-15:25)";"Компас 3D — вся группа, Кошелев Дмитрий Александрович, Лесная"
"ТОРД-2707п";"10.03.2026";"ВТ";"5 пара (15:35-16:55)";"Компас 3D — вся группа, Кошелев Дмитрий Александрович, Лесная"
"ТОРД-2707п";"10.03.2026";"ВТ";"6 пара (17:05-18:25)";"-"
"ТОРД-2707п";"10.03.2026";"ВТ";"7 пара (18:35-19:55)";"-"
"ТОРД-2707п";"11.03.2026";"СР";"1 пара (08:30-09:55)";"Техническая механика — вся группа, Абрамчук Раида Филимазовна, Лесная"
"ТОРД-2707п";"11.03.2026";"СР";"2 пара (10:05-11:30)";"Техническая механика — вся группа, Абрамчук Раида Филимазовна, Лесная"
"ТОРД-2707п";"11.03.2026";"СР";"3 пара (12:25-13:50)";"ВМДК.04.01 Слесарное дело и технические измерения — вся группа, Самцов Андрей Евгеньевич, Лесная"
"ТОРД-2707п";"11.03.2026";"СР";"4 пара (14:00-15:25)";"ВМДК.04.01 Слесарное дело и технические измерения — вся группа, Самцов Андрей Евгеньевич, Лесная"
"ТОРД-2707п";"11.03.2026";"СР";"5 пара (15:35-16:55)";"ВМДК.04.01 Слесарное дело и технические измерения — вся группа, Самцов Андрей Евгеньевич, Лесная"
"ТОРД-2707п";"11.03.2026";"СР";"6 пара (17:05-18:25)";"-"
"ТОРД-2707п";"11.03.2026";"СР";"7 пара (18:35-19:55)";"-"
"ТОРД-2707п";"12.03.2026";"ЧТ";"1 пара (08:30-09:55)";"Техническая механика — вся группа, Абрамчук Раида Филимазовна, Лесная"
"ТОРД-2707п";"12.03.2026";"ЧТ";"2 пара (10:05-11:30)";"Техническая механика — вся группа, Абрамчук Раида Филимазовна, Лесная"
"ТОРД-2707п";"12.03.2026";"ЧТ";"3 пара (12:25-13:50)";"ВМДК.04.01 Слесарное дело и технические измерения — вся группа, Самцов Андрей Евгеньевич, Лесная"
"ТОРД-2707п";"12.03.2026";"ЧТ";"4 пара (14:00-15:25)";"ВМДК.04.01 Слесарное дело и технические измерения — вся группа, Самцов Андрей Евгеньевич, Лесная"
"ТОРД-2707п";"12.03.2026";"ЧТ";"5 пара (15:35-16:55)";"Техническая механика — вся группа, Абрамчук Раида Филимазовна, Лесная"
"ТОРД-2707п";"12.03.2026";"ЧТ";"6 пара (17:05-18:25)";"-"
"ТОРД-2707п";"12.03.2026";"ЧТ";"7 пара (18:35-19:55)";"-"
"ТОРД-2707п";"13.03.2026";"ПТ";"1 пара (08:30-09:55)";"Техническая механика — вся группа, Абрамчук Раида Филимазовна, Лесная"
"ТОРД-2707п";"13.03.2026";"ПТ";"2 пара (10:05-11:30)";"Техническая механика — вся группа, Абрамчук Раида Филимазовна, Лесная"
"ТОРД-2707п";"13.03.2026";"ПТ";"3 пара (12:25-13:50)";"Техническая механика — вся группа, Абрамчук Раида Филимазовна, Лесная"
"ТОРД-2707п";"13.03.2026";"ПТ";"4 пара (14:00-15:25)";"ВМДК.04.01 Слесарное дело и технические измерения — вся группа, Самцов Андрей Евгеньевич, Лесная"
"ТОРД-2707п";"13.03.2026";"ПТ";"5 пара (15:35-16:55)";"ВМДК.04.01 Слесарное дело и технические измерения — вся группа, Самцов Андрей Евгеньевич, Лесная"
"ТОРД-2707п";"13.03.2026";"ПТ";"6 пара (17:05-18:25)";"-"
"ТОРД-2707п";"13.03.2026";"ПТ";"7 пара (18:35-19:55)";"-"
"ТОРД-2707п";"14.03.2026";"СБ";"1 пара (08:30-09:45)";"Техническая механика — вся группа, Абрамчук Раида Филимазовна, Лесная"
"ТОРД-2707п";"14.03.2026";"СБ";"2 пара (09:55-11:10)";"Техническая механика — вся группа, Абрамчук Раида Филимазовна, Лесная"
"ТОРД-2707п";"14.03.2026";"СБ";"3 пара (11:30-12:45)";"ВМДК.04.01 Слесарное дело и технические измерения — вся группа, Самцов Андрей Евгеньевич, Лесная"
"ТОРД-2707п";"14.03.2026";"СБ";"4 пара (12:55-14:10)";"ВМДК.04.01 Слесарное дело и технические измерения — вся группа, Самцов Андрей Евгеньевич, Лесная"
"ТОРД-2707п";"14.03.2026";"СБ";"5 пара (14:20-15:30)";"Техническая механика — вся группа, Абрамчук Раида Филимазовна, Лесная"
"ТОРД-2707п";"14.03.2026";"СБ";"6 пара (15:40-16:50)";"-"
"ТОРД-2707п";"14.03.2026";"СБ";"7 пара (17:00-18:10)";"-"
"ТОРД-2707п";"16.03.2026";"ПН";"1 пара (09:15-10:40)";"ЛПЗ ВМДК.04.01 Слесарное дело и технические измерения — 1 п/г, Самцов Андрей Евгеньевич, Лесная | УП.04 (УП утро 09:00-13:00) — 2 п/г, Тимеров Валерий Вагизович, Лесная"
"ТОРД-2707п";"16.03.2026";"ПН";"2 пара (10:50-12:15)";"ЛПЗ ВМДК.04.01 Слесарное дело и технические измерения — 1 п/г, Самцов Андрей Евгеньевич, Лесная | УП.04 (УП утро 09:00-13:00) — 2 п/г, Тимеров Валерий Вагизович, Лесная"
"ТОРД-2707п";"16.03.2026";"ПН";"3 пара (13:10-14:35)";"ЛПЗ ВМДК.04.01 Слесарное дело и технические измерения — 1 п/г, Самцов Андрей Евгеньевич, Лесная"
"ТОРД-2707п";"16.03.2026";"ПН";"4 пара (14:45-16:10)";"ЛПЗ ВМДК.04.01 Слесарное дело и технические измерения — 1 п/г, Самцов Андрей Евгеньевич, Лесная"
"ТОРД-2707п";"16.03.2026";"ПН";"5 пара (16:20-17:40)";"ЛПЗ ВМДК.04.01 Слесарное дело и технические измерения — 1 п/г, Самцов Андрей Евгеньевич, Лесная"
"ТОРД-2707п";"16.03.2026";"ПН";"6 пара (17:50-19:10)";"-"
"ТОРД-2707п";"16.03.2026";"ПН";"7 пара (19:20-20:40)";"-"
"ТОРД-2707п";"17.03.2026";"ВТ";"1 пара (08:30-09:55)";"Техническая механика — вся группа, Абрамчук Раида Филимазовна, Лесная"
"ТОРД-2707п";"17.03.2026";"ВТ";"2 пара (10:05-11:30)";"Техническая механика — вся группа, Абрамчук Раида Филимазовна, Лесная"
"ТОРД-2707п";"17.03.2026";"ВТ";"3 пара (12:25-13:50)";"Техническая механика — вся группа, Абрамчук Раида Филимазовна, Лесная"
"ТОРД-2707п";"17.03.2026";"ВТ";"4 пара (14:00-15:25)";"Техническая механика — вся группа, Абрамчук Раида Филимазовна, Лесная"
"ТОРД-2707п";"17.03.2026";"ВТ";"5 пара (15:35-16:55)";"МДК.01.01 Устройство автомобилей — вся группа, Абрамчук Раида Филимазовна, Лесная"
"ТОРД-2707п";"17.03.2026";"ВТ";"6 пара (17:05-18:25)";"-"
"ТОРД-2707п";"17.03.2026";"ВТ";"7 пара (18:35-19:55)";"-"
"ТОРД-2707п";"18.03.2026";"СР";"1 пара (08:30-09:55)";"МДК.01.01 Устройство автомобилей — вся группа, Абрамчук Раида Филимазовна, Лесная"
"ТОРД-2707п";"18.03.2026";"СР";"2 пара (10:05-11:30)";"МДК.01.01 Устройство автомобилей — вся группа, Абрамчук Раида Филимазовна, Лесная"
"ТОРД-2707п";"18.03.2026";"СР";"3 пара (12:25-13:50)";"МДК.01.01 Устройство автомобилей — вся группа, Абрамчук Раида Филимазовна, Лесная"
"ТОРД-2707п";"18.03.2026";"СР";"4 пара (14:00-15:25)";"МДК.01.01 Устройство автомобилей — вся группа, Абрамчук Раида Филимазовна, Лесная"
"ТОРД-2707п";"18.03.2026";"СР";"5 пара (15:35-16:55)";"МДК.01.01 Устройство автомобилей — вся группа, Абрамчук Раида Филимазовна, Лесная"
"ТОРД-2707п";"18.03.2026";"СР";"6 пара (17:05-18:25)";"-"
"ТОРД-2707п";"18.03.2026";"СР";"7 пара (18:35-19:55)";"-"
"ТОРД-2707п";"19.03.2026";"ЧТ";"1 пара (08:30-09:55)";"МДК.01.01 Устройство автомобилей — вся группа, Абрамчук Раида Филимазовна, Лесная"
"ТОРД-2707п";"19.03.2026";"ЧТ";"2 пара (10:05-11:30)";"МДК.01.01 Устройство автомобилей — вся группа, Абрамчук Раида Филимазовна, Лесная"
"ТОРД-2707п";"19.03.2026";"ЧТ";"3 пара (12:25-13:50)";"МДК.01.01 Устройство автомобилей — вся группа, Абрамчук Раида Филимазовна, Лесная"
"ТОРД-2707п";"19.03.2026";"ЧТ";"4 пара (14:00-15:25)";"МДК.01.01 Устройство автомобилей — вся группа, Абрамчук Раида Филимазовна, Лесная"
"ТОРД-2707п";"19.03.2026";"ЧТ";"5 пара (15:35-16:55)";"МДК.01.01 Устройство автомобилей — вся группа, Абрамчук Раида Филимазовна, Лесная"
"ТОРД-2707п";"19.03.2026";"ЧТ";"6 пара (17:05-18:25)";"-"
"ТОРД-2707п";"19.03.2026";"ЧТ";"7 пара (18:35-19:55)";"-"
"ТОРД-2707п";"20.03.2026";"ПТ";"1 пара (08:30-09:55)";"МДК.01.01 Устройство автомобилей — вся группа, Абрамчук Раида Филимазовна, Лесная"
"ТОРД-2707п";"20.03.2026";"ПТ";"2 пара (10:05-11:30)";"МДК.01.01 Устройство автомобилей — вся группа, Абрамчук Раида Филимазовна, Лесная"
"ТОРД-2707п";"20.03.2026";"ПТ";"3 пара (12:25-13:50)";"МДК.01.01 Устройство автомобилей — вся группа, Абрамчук Раида Филимазовна, Лесная"
"ТОРД-2707п";"20.03.2026";"ПТ";"4 пара (14:00-15:25)";"МДК.01.01 Устройство автомобилей — вся группа, Абрамчук Раида Филимазовна, Лесная"
"ТОРД-2707п";"20.03.2026";"ПТ";"5 пара (15:35-16:55)";"ЛПЗ ВМДК.04.01 Слесарное дело и технические измерения — 2 п/г, Подчиненнов Александр Юрьевич, Лесная | ЛПЗ ВМДК.04.02 Диагностика, техническое обслуживание и ремонт мехатронных систем автомобиля — 1 п/г, Тимеров Валерий Вагизович, Лесная"
"ТОРД-2707п";"20.03.2026";"ПТ";"6 пара (17:05-18:25)";"-"
"ТОРД-2707п";"20.03.2026";"ПТ";"7 пара (18:35-19:55)";"-"
"ТОРД-2707п";"21.03.2026";"СБ";"1 пара (08:30-09:45)";"-"
"ТОРД-2707п";"21.03.2026";"СБ";"2 пара (09:55-11:10)";"-"
"ТОРД-2707п";"21.03.2026";"СБ";"3 пара (11:30-12:45)";"ВМДК.04.02 Диагностика, техническое обслуживание и ремонт мехатронных систем автомобиля — вся группа, Тимеров Валерий Вагизович, Лесная"
"ТОРД-2707п";"21.03.2026";"СБ";"4 пара (12:55-14:10)";"ЛПЗ ВМДК.04.01 Слесарное дело и технические измерения — 2 п/г, Подчиненнов Александр Юрьевич, Лесная | ЛПЗ ВМДК.04.02 Диагностика, техническое обслуживание и ремонт мехатронных систем автомобиля — 1 п/г, Тимеров Валерий Вагизович, Лесная"
"ТОРД-2707п";"21.03.2026";"СБ";"5 пара (14:20-15:30)";"ЛПЗ ВМДК.04.01 Слесарное дело и технические измерения — 2 п/г, Подчиненнов Александр Юрьевич, Лесная | ЛПЗ ВМДК.04.02 Диагностика, техническое обслуживание и ремонт мехатронных систем автомобиля — 1 п/г, Тимеров Валерий Вагизович, Лесная"
"ТОРД-2707п";"21.03.2026";"СБ";"6 пара (15:40-16:50)";"Электротехника и электроника — вся группа, Динмухаметов Владислав Дуферович, Лесная"
"ТОРД-2707п";"21.03.2026";"СБ";"7 пара (17:00-18:10)";"Электротехника и электроника — вся группа, Динмухаметов Владислав Дуферович, Лесная"
"ТОРД-2707п";"23.03.2026";"ПН";"1 пара (09:15-10:40)";"УП.04 (УП утро 09:00-13:00) — 2 п/г, Тимеров Валерий Вагизович, Лесная"
"ТОРД-2707п";"23.03.2026";"ПН";"2 пара (10:50-12:15)";"УП.04 (УП утро 09:00-13:00) — 2 п/г, Тимеров Валерий Вагизович, Лесная"
"ТОРД-2707п";"23.03.2026";"ПН";"3 пара (13:10-14:35)";"ЛПЗ ВМДК.04.02 Диагностика, техническое обслуживание и ремонт мехатронных систем автомобиля — 1 п/г, Тимеров Валерий Вагизович, Лесная"
"ТОРД-2707п";"23.03.2026";"ПН";"4 пара (14:45-16:10)";"ЛПЗ ВМДК.04.02 Диагностика, техническое обслуживание и ремонт мехатронных систем автомобиля — 1 п/г, Тимеров Валерий Вагизович, Лесная"
"ТОРД-2707п";"23.03.2026";"ПН";"5 пара (16:20-17:40)";"ЛПЗ ВМДК.04.02 Диагностика, техническое обслуживание и ремонт мехатронных систем автомобиля — 1 п/г, Тимеров Валерий Вагизович, Лесная"
"ТОРД-2707п";"23.03.2026";"ПН";"6 пара (17:50-19:10)";"ЛПЗ ВМДК.04.01 Слесарное дело и технические измерения — 1 п/г, Самцов Андрей Евгеньевич, Лесная"
"ТОРД-2707п";"23.03.2026";"ПН";"7 пара (19:20-20:40)";"ЛПЗ ВМДК.04.01 Слесарное дело и технические измерения — 1 п/г, Самцов Андрей Евгеньевич, Лесная"
"ТОРД-2707п";"24.03.2026";"ВТ";"1 пара (08:30-09:55)";"-"
"ТОРД-2707п";"24.03.2026";"ВТ";"2 пара (10:05-11:30)";"-"
"ТОРД-2707п";"24.03.2026";"ВТ";"3 пара (12:25-13:50)";"-"
"ТОРД-2707п";"24.03.2026";"ВТ";"4 пара (14:00-15:25)";"-"
"ТОРД-2707п";"24.03.2026";"ВТ";"5 пара (15:35-16:55)";"-"
"ТОРД-2707п";"24.03.2026";"ВТ";"6 пара (17:05-18:25)";"ВМДК.04.01 Слесарное дело и технические измерения — вся группа, Самцов Андрей Евгеньевич, Лесная"
"ТОРД-2707п";"24.03.2026";"ВТ";"7 пара (18:35-19:55)";"ВМДК.04.01 Слесарное дело и технические измерения — вся группа, Самцов Андрей Евгеньевич, Лесная"
"ТОРД-2707п";"25.03.2026";"СР";"1 пара (08:30-09:55)";"-"
"ТОРД-2707п";"25.03.2026";"СР";"2 пара (10:05-11:30)";"-"
"ТОРД-2707п";"25.03.2026";"СР";"3 пара (12:25-13:50)";"-"
"ТОРД-2707п";"25.03.2026";"СР";"4 пара (14:00-15:25)";"-"
"ТОРД-2707п";"25.03.2026";"СР";"5 пара (15:35-16:55)";"-"
"ТОРД-2707п";"25.03.2026";"СР";"6 пара (17:05-18:25)";"ВМДК.04.01 Слесарное дело и технические измерения — вся группа, Самцов Андрей Евгеньевич, Лесная"
"ТОРД-2707п";"25.03.2026";"СР";"7 пара (18:35-19:55)";"ВМДК.04.01 Слесарное дело и технические измерения — вся группа, Самцов Андрей Евгеньевич, Лесная"
"ТОРД-2707п";"26.03.2026";"ЧТ";"1 пара (08:30-09:55)";"-"
"ТОРД-2707п";"26.03.2026";"ЧТ";"2 пара (10:05-11:30)";"-"
"ТОРД-2707п";"26.03.2026";"ЧТ";"3 пара (12:25-13:50)";"-"
"ТОРД-2707п";"26.03.2026";"ЧТ";"4 пара (14:00-15:25)";"ВМДК.04.01 Слесарное дело и технические измерения — вся группа, Самцов Андрей Евгеньевич, Лесная"
"ТОРД-2707п";"26.03.2026";"ЧТ";"5 пара (15:35-16:55)";"ВМДК.04.01 Слесарное дело и технические измерения — вся группа, Самцов Андрей Евгеньевич, Лесная"
"ТОРД-2707п";"26.03.2026";"ЧТ";"6 пара (17:05-18:25)";"ВМДК.04.01 Слесарное дело и технические измерения — вся группа, Самцов Андрей Евгеньевич, Лесная"
"ТОРД-2707п";"26.03.2026";"ЧТ";"7 пара (18:35-19:55)";"ВМДК.04.01 Слесарное дело и технические измерения — вся группа, Самцов Андрей Евгеньевич, Лесная"
"ТОРД-2707п";"27.03.2026";"ПТ";"1 пара (08:30-09:55)";"-"
"ТОРД-2707п";"27.03.2026";"ПТ";"2 пара (10:05-11:30)";"-"
"ТОРД-2707п";"27.03.2026";"ПТ";"3 пара (12:25-13:50)";"ВМДК.04.01 Слесарное дело и технические измерения — вся группа, Самцов Андрей Евгеньевич, Лесная"
"ТОРД-2707п";"27.03.2026";"ПТ";"4 пара (14:00-15:25)";"ВМДК.04.01 Слесарное дело и технические измерения — вся группа, Самцов Андрей Евгеньевич, Лесная"
"ТОРД-2707п";"27.03.2026";"ПТ";"5 пара (15:35-16:55)";"ЛПЗ ВМДК.04.01 Слесарное дело и технические измерения — 1 п/г, Самцов Андрей Евгеньевич, Лесная | ЛПЗ ВМДК.04.01 Слесарное дело и технические измерения — 2 п/г, Подчиненнов Александр Юрьевич, Лесная"
"ТОРД-2707п";"27.03.2026";"ПТ";"6 пара (17:05-18:25)";"ЛПЗ ВМДК.04.01 Слесарное дело и технические измерения — 1 п/г, Самцов Андрей Евгеньевич, Лесная | ЛПЗ ВМДК.04.01 Слесарное дело и технические измерения — 2 п/г, Подчиненнов Александр Юрьевич, Лесная"
"ТОРД-2707п";"27.03.2026";"ПТ";"7 пара (18:35-19:55)";"Электротехника и электроника — вся группа, Динмухаметов Владислав Дуферович, Лесная"
"ТОРД-2707п";"28.03.2026";"СБ";"1 пара (08:30-09:45)";"УП.01 (УП утро 08:30-12:00) — 2 п/г, Подчиненнов Александр Юрьевич, Лесная"
"ТОРД-2707п";"28.03.2026";"СБ";"2 пара (09:55-11:10)";"УП.01 (УП утро 08:30-12:00) — 2 п/г, Подчиненнов Александр Юрьевич, Лесная"
"ТОРД-2707п";"28.03.2026";"СБ";"3 пара (11:30-12:45)";"-"
"ТОРД-2707п";"28.03.2026";"СБ";"4 пара (12:55-14:10)";"-"
"ТОРД-2707п";"28.03.2026";"СБ";"5 пара (14:20-15:30)";"ЛПЗ ВМДК.04.01 Слесарное дело и технические измерения — 1 п/г, Самцов Андрей Евгеньевич, Лесная"
"ТОРД-2707п";"28.03.2026";"СБ";"6 пара (15:40-16:50)";"ЛПЗ ВМДК.04.02 Диагностика, техническое обслуживание и ремонт мехатронных систем автомобиля — 1 п/г, Тимеров Валерий Вагизович, Лесная"
"ТОРД-2707п";"28.03.2026";"СБ";"7 пара (17:00-18:10)";"ЛПЗ ВМДК.04.02 Диагностика, техническое обслуживание и ремонт мехатронных систем автомобиля — 1 п/г, Тимеров Валерий Вагизович, Лесная"
"ТОРД-2707п";"30.03.2026";"ПН";"1 пара (09:15-10:40)";"-"
"ТОРД-2707п";"30.03.2026";"ПН";"2 пара (10:50-12:15)";"-"
"ТОРД-2707п";"30.03.2026";"ПН";"3 пара (13:10-14:35)";"-"
"ТОРД-2707п";"30.03.2026";"ПН";"4 пара (14:45-16:10)";"-"
"ТОРД-2707п";"30.03.2026";"ПН";"5 пара (16:20-17:40)";"-"
"ТОРД-2707п";"30.03.2026";"ПН";"6 пара (17:50-19:10)";"Электротехника и электроника — вся группа, Динмухаметов Владислав Дуферович, Лесная"
"ТОРД-2707п";"30.03.2026";"ПН";"7 пара (19:20-20:40)";"Электротехника и электроника — вся группа, Динмухаметов Владислав Дуферович, Лесная"
"ТОРД-2707п";"31.03.2026";"ВТ";"1 пара (08:30-09:55)";"-"
"ТОРД-2707п";"31.03.2026";"ВТ";"2 пара (10:05-11:30)";"-"
"ТОРД-2707п";"31.03.2026";"ВТ";"3 пара (12:25-13:50)";"-"
"ТОРД-2707п";"31.03.2026";"ВТ";"4 пара (14:00-15:25)";"-"
"ТОРД-2707п";"31.03.2026";"ВТ";"5 пара (15:35-16:55)";"-"
"ТОРД-2707п";"31.03.2026";"ВТ";"6 пара (17:05-18:25)";"Электротехника и электроника — вся группа, Динмухаметов Владислав Дуферович, Лесная"
"ТОРД-2707п";"31.03.2026";"ВТ";"7 пара (18:35-19:55)";"Электротехника и электроника — вся группа, Динмухаметов Владислав Дуферович, Лесная"
"ТОРД-2707п";"01.04.2026";"СР";"1 пара (08:30-09:55)";"-"
"ТОРД-2707п";"01.04.2026";"СР";"2 пара (10:05-11:30)";"-"
"ТОРД-2707п";"01.04.2026";"СР";"3 пара (12:25-13:50)";"-"
"ТОРД-2707п";"01.04.2026";"СР";"4 пара (14:00-15:25)";"ВМДК.04.02 Диагностика, техническое обслуживание и ремонт мехатронных систем автомобиля — вся группа, Тимеров Валерий Вагизович, Лесная"
"ТОРД-2707п";"01.04.2026";"СР";"5 пара (15:35-16:55)";"ВМДК.04.02 Диагностика, техническое обслуживание и ремонт мехатронных систем автомобиля — вся группа, Тимеров Валерий Вагизович, Лесная"
"ТОРД-2707п";"01.04.2026";"СР";"6 пара (17:05-18:25)";"Электротехника и электроника — вся группа, Динмухаметов Владислав Дуферович, Лесная"
"ТОРД-2707п";"01.04.2026";"СР";"7 пара (18:35-19:55)";"Электротехника и электроника — вся группа, Динмухаметов Владислав Дуферович, Лесная"
"ТОРД-2707п";"02.04.2026";"ЧТ";"1 пара (08:30-09:55)";"ЛПЗ ВМДК.04.02 Диагностика, техническое обслуживание и ремонт мехатронных систем автомобиля — 1 п/г, Тимеров Валерий Вагизович, Лесная"
"ТОРД-2707п";"02.04.2026";"ЧТ";"2 пара (10:05-11:30)";"ЛПЗ ВМДК.04.02 Диагностика, техническое обслуживание и ремонт мехатронных систем автомобиля — 1 п/г, Тимеров Валерий Вагизович, Лесная"
"ТОРД-2707п";"02.04.2026";"ЧТ";"3 пара (12:25-13:50)";"ВМДК.04.02 Диагностика, техническое обслуживание и ремонт мехатронных систем автомобиля — вся группа, Тимеров Валерий Вагизович, Лесная"
"ТОРД-2707п";"02.04.2026";"ЧТ";"4 пара (14:00-15:25)";"ВМДК.04.02 Диагностика, техническое обслуживание и ремонт мехатронных систем автомобиля — вся группа, Тимеров Валерий Вагизович, Лесная"
"ТОРД-2707п";"02.04.2026";"ЧТ";"5 пара (15:35-16:55)";"ВМДК.04.02 Диагностика, техническое обслуживание и ремонт мехатронных систем автомобиля — вся группа, Тимеров Валерий Вагизович, Лесная"
"ТОРД-2707п";"02.04.2026";"ЧТ";"6 пара (17:05-18:25)";"ЛПЗ ВМДК.04.01 Слесарное дело и технические измерения — 2 п/г, Подчиненнов Александр Юрьевич, Лесная"
"ТОРД-2707п";"02.04.2026";"ЧТ";"7 пара (18:35-19:55)";"ЛПЗ ВМДК.04.01 Слесарное дело и технические измерения — 2 п/г, Подчиненнов Александр Юрьевич, Лесная"
"ТОРД-2707п";"03.04.2026";"ПТ";"1 пара (08:30-09:55)";"УП.01 (УП утро 08:30-12:30) — 2 п/г, Подчиненнов Александр Юрьевич, Лесная"
"ТОРД-2707п";"03.04.2026";"ПТ";"2 пара (10:05-11:30)";"УП.01 (УП утро 08:30-12:30) — 2 п/г, Подчиненнов Александр Юрьевич, Лесная"
"ТОРД-2707п";"03.04.2026";"ПТ";"3 пара (12:25-13:50)";"-"
"ТОРД-2707п";"03.04.2026";"ПТ";"4 пара (14:00-15:25)";"-"
"ТОРД-2707п";"03.04.2026";"ПТ";"5 пара (15:35-16:55)";"-"
"ТОРД-2707п";"03.04.2026";"ПТ";"6 пара (17:05-18:25)";"ЛПЗ ВМДК.04.02 Диагностика, техническое обслуживание и ремонт мехатронных систем автомобиля — 1 п/г, Тимеров Валерий Вагизович, Лесная"
"ТОРД-2707п";"03.04.2026";"ПТ";"7 пара (18:35-19:55)";"ЛПЗ ВМДК.04.02 Диагностика, техническое обслуживание и ремонт мехатронных систем автомобиля — 1 п/г, Тимеров Валерий Вагизович, Лесная"
"ТОРД-2707п";"04.04.2026";"СБ";"1 пара (08:30-09:45)";"ВМДК.04.02 Диагностика, техническое обслуживание и ремонт мехатронных систем автомобиля — вся группа, Тимеров Валерий Вагизович, Лесная"
"ТОРД-2707п";"04.04.2026";"СБ";"2 пара (09:55-11:10)";"ВМДК.04.02 Диагностика, техническое обслуживание и ремонт мехатронных систем автомобиля — вся группа, Тимеров Валерий Вагизович, Лесная"
"ТОРД-2707п";"04.04.2026";"СБ";"3 пара (11:30-12:45)";"-"
"ТОРД-2707п";"04.04.2026";"СБ";"4 пара (12:55-14:10)";"-"
"ТОРД-2707п";"04.04.2026";"СБ";"5 пара (14:20-15:30)";"-"
"ТОРД-2707п";"04.04.2026";"СБ";"6 пара (15:40-16:50)";"-"
"ТОРД-2707п";"04.04.2026";"СБ";"7 пара (17:00-18:10)";"-"
"ТОРД-2707п";"06.04.2026";"ПН";"1 пара (09:15-10:40)";"-"
"ТОРД-2707п";"06.04.2026";"ПН";"2 пара (10:50-12:15)";"-"
"ТОРД-2707п";"06.04.2026";"ПН";"3 пара (13:10-14:35)";"-"
"ТОРД-2707п";"06.04.2026";"ПН";"4 пара (14:45-16:10)";"-"
"ТОРД-2707п";"06.04.2026";"ПН";"5 пара (16:20-17:40)";"-"
"ТОРД-2707п";"06.04.2026";"ПН";"6 пара (17:50-19:10)";"ВМДК.04.02 Диагностика, техническое обслуживание и ремонт мехатронных систем автомобиля — вся группа, Тимеров Валерий Вагизович, Лесная"
"ТОРД-2707п";"06.04.2026";"ПН";"7 пара (19:20-20:40)";"ВМДК.04.02 Диагностика, техническое обслуживание и ремонт мехатронных систем автомобиля — вся группа, Тимеров Валерий Вагизович, Лесная"
"ТОРД-2707п";"07.04.2026";"ВТ";"1 пара (08:30-09:55)";"-"
"ТОРД-2707п";"07.04.2026";"ВТ";"2 пара (10:05-11:30)";"-"
"ТОРД-2707п";"07.04.2026";"ВТ";"3 пара (12:25-13:50)";"-"
"ТОРД-2707п";"07.04.2026";"ВТ";"4 пара (14:00-15:25)";"-"
"ТОРД-2707п";"07.04.2026";"ВТ";"5 пара (15:35-16:55)";"-"
"ТОРД-2707п";"07.04.2026";"ВТ";"6 пара (17:05-18:25)";"ВМДК.04.02 Диагностика, техническое обслуживание и ремонт мехатронных систем автомобиля — вся группа, Тимеров Валерий Вагизович, Лесная"
"ТОРД-2707п";"07.04.2026";"ВТ";"7 пара (18:35-19:55)";"ВМДК.05.01 Основы законодательства в сфере дорожного движения — вся группа, Тимеров Валерий Вагизович, Лесная"
"ТОРД-2707п";"08.04.2026";"СР";"1 пара (08:30-09:55)";"-"
"ТОРД-2707п";"08.04.2026";"СР";"2 пара (10:05-11:30)";"-"
"ТОРД-2707п";"08.04.2026";"СР";"3 пара (12:25-13:50)";"-"
"ТОРД-2707п";"08.04.2026";"СР";"4 пара (14:00-15:25)";"-"
"ТОРД-2707п";"08.04.2026";"СР";"5 пара (15:35-16:55)";"-"
"ТОРД-2707п";"08.04.2026";"СР";"6 пара (17:05-18:25)";"ЛПЗ ВМДК.04.02 Диагностика, техническое обслуживание и ремонт мехатронных систем автомобиля — 2 п/г, Тимеров Валерий Вагизович, Лесная"
"ТОРД-2707п";"08.04.2026";"СР";"7 пара (18:35-19:55)";"ЛПЗ ВМДК.04.02 Диагностика, техническое обслуживание и ремонт мехатронных систем автомобиля — 2 п/г, Тимеров Валерий Вагизович, Лесная"
"ТОРД-2707п";"09.04.2026";"ЧТ";"1 пара (08:30-09:55)";"ЛПЗ ВМДК.04.02 Диагностика, техническое обслуживание и ремонт мехатронных систем автомобиля — 2 п/г, Тимеров Валерий Вагизович, Лесная"
"ТОРД-2707п";"09.04.2026";"ЧТ";"2 пара (10:05-11:30)";"ЛПЗ ВМДК.04.02 Диагностика, техническое обслуживание и ремонт мехатронных систем автомобиля — 2 п/г, Тимеров Валерий Вагизович, Лесная"
"ТОРД-2707п";"09.04.2026";"ЧТ";"3 пара (12:25-13:50)";"ЛПЗ ВМДК.04.02 Диагностика, техническое обслуживание и ремонт мехатронных систем автомобиля — 2 п/г, Тимеров Валерий Вагизович, Лесная"
"ТОРД-2707п";"09.04.2026";"ЧТ";"4 пара (14:00-15:25)";"ВМДК.05.01 Основы законодательства в сфере дорожного движения — вся группа, Тимеров Валерий Вагизович, Лесная"
"ТОРД-2707п";"09.04.2026";"ЧТ";"5 пара (15:35-16:55)";"ВМДК.05.01 Основы законодательства в сфере дорожного движения — вся группа, Тимеров Валерий Вагизович, Лесная"
"ТОРД-2707п";"09.04.2026";"ЧТ";"6 пара (17:05-18:25)";"-"
"ТОРД-2707п";"09.04.2026";"ЧТ";"7 пара (18:35-19:55)";"-"
"ТОРД-2707п";"10.04.2026";"ПТ";"1 пара (08:30-09:55)";"УП.01 (УП утро 08:30-12:30) — 2 п/г, Подчиненнов Александр Юрьевич, Лесная"
"ТОРД-2707п";"10.04.2026";"ПТ";"2 пара (10:05-11:30)";"УП.01 (УП утро 08:30-12:30) — 2 п/г, Подчиненнов Александр Юрьевич, Лесная"
"ТОРД-2707п";"10.04.2026";"ПТ";"3 пара (12:25-13:50)";"-"
"ТОРД-2707п";"10.04.2026";"ПТ";"4 пара (14:00-15:25)";"-"
"ТОРД-2707п";"10.04.2026";"ПТ";"5 пара (15:35-16:55)";"-"
"ТОРД-2707п";"10.04.2026";"ПТ";"6 пара (17:05-18:25)";"-"
"ТОРД-2707п";"10.04.2026";"ПТ";"7 пара (18:35-19:55)";"-"
"ТОРД-2707п";"11.04.2026";"СБ";"1 пара (08:30-09:45)";"-"
"ТОРД-2707п";"11.04.2026";"СБ";"2 пара (09:55-11:10)";"-"
"ТОРД-2707п";"11.04.2026";"СБ";"3 пара (11:30-12:45)";"-"
"ТОРД-2707п";"11.04.2026";"СБ";"4 пара (12:55-14:10)";"-"
"ТОРД-2707п";"11.04.2026";"СБ";"5 пара (14:20-15:30)";"-"
"ТОРД-2707п";"11.04.2026";"СБ";"6 пара (15:40-16:50)";"ЛПЗ ВМДК.04.02 Диагностика, техническое обслуживание и ремонт мехатронных систем автомобиля — 2 п/г, Тимеров Валерий Вагизович, Лесная"
"ТОРД-2707п";"11.04.2026";"СБ";"7 пара (17:00-18:10)";"ЛПЗ ВМДК.04.01 Слесарное дело и технические измерения — 2 п/г, Подчиненнов Александр Юрьевич, Лесная"
"ТОРД-2707п";"13.04.2026";"ПН";"1 пара (09:15-10:40)";"-"
"ТОРД-2707п";"13.04.2026";"ПН";"2 пара (10:50-12:15)";"-"
"ТОРД-2707п";"13.04.2026";"ПН";"3 пара (13:10-14:35)";"-"
"ТОРД-2707п";"13.04.2026";"ПН";"4 пара (14:45-16:10)";"-"
"ТОРД-2707п";"13.04.2026";"ПН";"5 пара (16:20-17:40)";"-"
"ТОРД-2707п";"13.04.2026";"ПН";"6 пара (17:50-19:10)";"ВМДК.05.01 Основы законодательства в сфере дорожного движения — вся группа, Тимеров Валерий Вагизович, Лесная"
"ТОРД-2707п";"13.04.2026";"ПН";"7 пара (19:20-20:40)";"ВМДК.05.01 Основы законодательства в сфере дорожного движения — вся группа, Тимеров Валерий Вагизович, Лесная"
"ТОРД-2707п";"14.04.2026";"ВТ";"1 пара (08:30-09:55)";"-"
"ТОРД-2707п";"14.04.2026";"ВТ";"2 пара (10:05-11:30)";"-"
"ТОРД-2707п";"14.04.2026";"ВТ";"3 пара (12:25-13:50)";"-"
"ТОРД-2707п";"14.04.2026";"ВТ";"4 пара (14:00-15:25)";"-"
"ТОРД-2707п";"14.04.2026";"ВТ";"5 пара (15:35-16:55)";"-"
"ТОРД-2707п";"14.04.2026";"ВТ";"6 пара (17:05-18:25)";"ЛПЗ ВМДК.04.01 Слесарное дело и технические измерения — 2 п/г, Подчиненнов Александр Юрьевич, Лесная"
"ТОРД-2707п";"14.04.2026";"ВТ";"7 пара (18:35-19:55)";"ЛПЗ ВМДК.04.01 Слесарное дело и технические измерения — 2 п/г, Подчиненнов Александр Юрьевич, Лесная"
"ТОРД-2707п";"15.04.2026";"СР";"1 пара (08:30-09:55)";"ВМДК.05.01 Основы законодательства в сфере дорожного движения — вся группа, Тимеров Валерий Вагизович, Лесная"
"ТОРД-2707п";"15.04.2026";"СР";"2 пара (10:05-11:30)";"ВМДК.05.01 Основы законодательства в сфере дорожного движения — вся группа, Тимеров Валерий Вагизович, Лесная"
"ТОРД-2707п";"15.04.2026";"СР";"3 пара (12:25-13:50)";"ВМДК.05.01 Основы законодательства в сфере дорожного движения — вся группа, Тимеров Валерий Вагизович, Лесная"
"ТОРД-2707п";"15.04.2026";"СР";"4 пара (14:00-15:25)";"ВМДК.05.01 Основы законодательства в сфере дорожного движения — вся группа, Тимеров Валерий Вагизович, Лесная"
"ТОРД-2707п";"15.04.2026";"СР";"5 пара (15:35-16:55)";"ВМДК.05.01 Основы законодательства в сфере дорожного движения — вся группа, Тимеров Валерий Вагизович, Лесная"
"ТОРД-2707п";"15.04.2026";"СР";"6 пара (17:05-18:25)";"-"
"ТОРД-2707п";"15.04.2026";"СР";"7 пара (18:35-19:55)";"-"
"ТОРД-2707п";"16.04.2026";"ЧТ";"1 пара (08:30-09:55)";"УП.01 (УП утро 08:30-12:30) — 2 п/г, Подчиненнов Александр Юрьевич, Лесная"
"ТОРД-2707п";"16.04.2026";"ЧТ";"2 пара (10:05-11:30)";"УП.01 (УП утро 08:30-12:30) — 2 п/г, Подчиненнов Александр Юрьевич, Лесная"
"ТОРД-2707п";"16.04.2026";"ЧТ";"3 пара (12:25-13:50)";"-"
"ТОРД-2707п";"16.04.2026";"ЧТ";"4 пара (14:00-15:25)";"-"
"ТОРД-2707п";"16.04.2026";"ЧТ";"5 пара (15:35-16:55)";"-"
"ТОРД-2707п";"16.04.2026";"ЧТ";"6 пара (17:05-18:25)";"-"
"ТОРД-2707п";"16.04.2026";"ЧТ";"7 пара (18:35-19:55)";"-"
"ТОРД-2707п";"17.04.2026";"ПТ";"1 пара (08:30-09:55)";"-"
"ТОРД-2707п";"17.04.2026";"ПТ";"2 пара (10:05-11:30)";"-"
"ТОРД-2707п";"17.04.2026";"ПТ";"3 пара (12:25-13:50)";"-"
"ТОРД-2707п";"17.04.2026";"ПТ";"4 пара (14:00-15:25)";"-"
"ТОРД-2707п";"17.04.2026";"ПТ";"5 пара (15:35-16:55)";"-"
"ТОРД-2707п";"17.04.2026";"ПТ";"6 пара (17:05-18:25)";"ВМДК.05.01 Основы законодательства в сфере дорожного движения — вся группа, Тимеров Валерий Вагизович, Лесная"
"ТОРД-2707п";"17.04.2026";"ПТ";"7 пара (18:35-19:55)";"ВМДК.05.01 Основы законодательства в сфере дорожного движения — вся группа, Тимеров Валерий Вагизович, Лесная"
"ТОРД-2707п";"18.04.2026";"СБ";"1 пара (08:30-09:45)";"-"
"ТОРД-2707п";"18.04.2026";"СБ";"2 пара (09:55-11:10)";"-"
"ТОРД-2707п";"18.04.2026";"СБ";"3 пара (11:30-12:45)";"-"
"ТОРД-2707п";"18.04.2026";"СБ";"4 пара (12:55-14:10)";"-"
"ТОРД-2707п";"18.04.2026";"СБ";"5 пара (14:20-15:30)";"-"
"ТОРД-2707п";"18.04.2026";"СБ";"6 пара (15:40-16:50)";"ВМДК.05.01 Основы законодательства в сфере дорожного движения — вся группа, Тимеров Валерий Вагизович, Лесная"
"ТОРД-2707п";"18.04.2026";"СБ";"7 пара (17:00-18:10)";"ВМДК.05.01 Основы законодательства в сфере дорожного движения — вся группа, Тимеров Валерий Вагизович, Лесная"
"ТОРД-2707п";"20.04.2026";"ПН";"1 пара (09:15-10:40)";"ВМДК.05.01 Основы законодательства в сфере дорожного движения — вся группа, Тимеров Валерий Вагизович, Лесная"
"ТОРД-2707п";"20.04.2026";"ПН";"2 пара (10:50-12:15)";"ВМДК.05.01 Основы законодательства в сфере дорожного движения — вся группа, Тимеров Валерий Вагизович, Лесная"
"ТОРД-2707п";"20.04.2026";"ПН";"3 пара (13:10-14:35)";"ВМДК.05.01 Основы законодательства в сфере дорожного движения — вся группа, Тимеров Валерий Вагизович, Лесная"
"ТОРД-2707п";"20.04.2026";"ПН";"4 пара (14:45-16:10)";"ВМДК.05.01 Основы законодательства в сфере дорожного движения — вся группа, Тимеров Валерий Вагизович, Лесная"
"ТОРД-2707п";"20.04.2026";"ПН";"5 пара (16:20-17:40)";"ВМДК.05.01 Основы законодательства в сфере дорожного движения — вся группа, Тимеров Валерий Вагизович, Лесная"
"ТОРД-2707п";"20.04.2026";"ПН";"6 пара (17:50-19:10)";"-"
"ТОРД-2707п";"20.04.2026";"ПН";"7 пара (19:20-20:40)";"-"
"ТОРД-2707п";"21.04.2026";"ВТ";"1 пара (08:30-09:55)";"УП.01 (УП утро 08:30-12:30) — 2 п/г, Подчиненнов Александр Юрьевич, Лесная"
"ТОРД-2707п";"21.04.2026";"ВТ";"2 пара (10:05-11:30)";"УП.01 (УП утро 08:30-12:30) — 2 п/г, Подчиненнов Александр Юрьевич, Лесная"
"ТОРД-2707п";"21.04.2026";"ВТ";"3 пара (12:25-13:50)";"-"
"ТОРД-2707п";"21.04.2026";"ВТ";"4 пара (14:00-15:25)";"-"
"ТОРД-2707п";"21.04.2026";"ВТ";"5 пара (15:35-16:55)";"-"
"ТОРД-2707п";"21.04.2026";"ВТ";"6 пара (17:05-18:25)";"-"
"ТОРД-2707п";"21.04.2026";"ВТ";"7 пара (18:35-19:55)";"-"
"ТОРД-2707п";"22.04.2026";"СР";"1 пара (08:30-09:55)";"-"
"ТОРД-2707п";"22.04.2026";"СР";"2 пара (10:05-11:30)";"-"
"ТОРД-2707п";"22.04.2026";"СР";"3 пара (12:25-13:50)";"ВМДК.05.01 Основы законодательства в сфере дорожного движения — вся группа, Тимеров Валерий Вагизович, Лесная"
"ТОРД-2707п";"22.04.2026";"СР";"4 пара (14:00-15:25)";"ВМДК.05.01 Основы законодательства в сфере дорожного движения — вся группа, Тимеров Валерий Вагизович, Лесная"
"ТОРД-2707п";"22.04.2026";"СР";"5 пара (15:35-16:55)";"ВМДК.05.01 Основы законодательства в сфере дорожного движения — вся группа, Тимеров Валерий Вагизович, Лесная"
"ТОРД-2707п";"22.04.2026";"СР";"6 пара (17:05-18:25)";"ВМДК.05.01 Основы законодательства в сфере дорожного движения — вся группа, Тимеров Валерий Вагизович, Лесная"
"ТОРД-2707п";"22.04.2026";"СР";"7 пара (18:35-19:55)";"ВМДК.05.01 Основы законодательства в сфере дорожного движения — вся группа, Тимеров Валерий Вагизович, Лесная"
"ТОРД-2707п";"23.04.2026";"ЧТ";"1 пара (08:30-09:55)";"ВМДК.05.01 Основы законодательства в сфере дорожного движения — вся группа, Тимеров Валерий Вагизович, Лесная"
"ТОРД-2707п";"23.04.2026";"ЧТ";"2 пара (10:05-11:30)";"ВМДК.05.01 Основы законодательства в сфере дорожного движения — вся группа, Тимеров Валерий Вагизович, Лесная"
"ТОРД-2707п";"23.04.2026";"ЧТ";"3 пара (12:25-13:50)";"ВМДК.05.01 Основы законодательства в сфере дорожного движения — вся группа, Тимеров Валерий Вагизович, Лесная"
"ТОРД-2707п";"23.04.2026";"ЧТ";"4 пара (14:00-15:25)";"ВМДК.05.01 Основы законодательства в сфере дорожного движения — вся группа, Тимеров Валерий Вагизович, Лесная"
"ТОРД-2707п";"23.04.2026";"ЧТ";"5 пара (15:35-16:55)";"ВМДК.05.01 Основы законодательства в сфере дорожного движения — вся группа, Тимеров Валерий Вагизович, Лесная"
"ТОРД-2707п";"23.04.2026";"ЧТ";"6 пара (17:05-18:25)";"-"
"ТОРД-2707п";"23.04.2026";"ЧТ";"7 пара (18:35-19:55)";"-"
"ТОРД-2707п";"24.04.2026";"ПТ";"1 пара (08:30-09:55)";"ВМДК.05.01 Основы законодательства в сфере дорожного движения — вся группа, Тимеров Валерий Вагизович, Лесная"
"ТОРД-2707п";"24.04.2026";"ПТ";"2 пара (10:05-11:30)";"ВМДК.05.01 Основы законодательства в сфере дорожного движения — вся группа, Тимеров Валерий Вагизович, Лесная"
"ТОРД-2707п";"24.04.2026";"ПТ";"3 пара (12:25-13:50)";"ВМДК.05.01 Основы законодательства в сфере дорожного движения — вся группа, Тимеров Валерий Вагизович, Лесная"
"ТОРД-2707п";"24.04.2026";"ПТ";"4 пара (14:00-15:25)";"ВМДК.05.01 Основы законодательства в сфере дорожного движения — вся группа, Тимеров Валерий Вагизович, Лесная"
"ТОРД-2707п";"24.04.2026";"ПТ";"5 пара (15:35-16:55)";"ВМДК.05.01 Основы законодательства в сфере дорожного движения — вся группа, Тимеров Валерий Вагизович, Лесная"
"ТОРД-2707п";"24.04.2026";"ПТ";"6 пара (17:05-18:25)";"-"
"ТОРД-2707п";"24.04.2026";"ПТ";"7 пара (18:35-19:55)";"-"
"ТОРД-2707п";"25.04.2026";"СБ";"1 пара (08:30-09:45)";"УП.01 (УП утро 08:30-12:00) — 1 п/г, Самцов Андрей Евгеньевич, Лесная"
"ТОРД-2707п";"25.04.2026";"СБ";"2 пара (09:55-11:10)";"УП.01 (УП утро 08:30-12:00) — 1 п/г, Самцов Андрей Евгеньевич, Лесная"
"ТОРД-2707п";"25.04.2026";"СБ";"3 пара (11:30-12:45)";"-"
"ТОРД-2707п";"25.04.2026";"СБ";"4 пара (12:55-14:10)";"-"
"ТОРД-2707п";"25.04.2026";"СБ";"5 пара (14:20-15:30)";"-"
"ТОРД-2707п";"25.04.2026";"СБ";"6 пара (15:40-16:50)";"-"
"ТОРД-2707п";"25.04.2026";"СБ";"7 пара (17:00-18:10)";"-"
"ТОРД-2707п";"27.04.2026";"ПН";"1 пара (09:15-10:40)";"ВМДК.05.01 Основы законодательства в сфере дорожного движения — вся группа, Тимеров Валерий Вагизович, Лесная"
"ТОРД-2707п";"27.04.2026";"ПН";"2 пара (10:50-12:15)";"ВМДК.05.01 Основы законодательства в сфере дорожного движения — вся группа, Тимеров Валерий Вагизович, Лесная"
"ТОРД-2707п";"27.04.2026";"ПН";"3 пара (13:10-14:35)";"ВМДК.05.02 Основы управления транспортными средствами — вся группа, Тимеров Валерий Вагизович, Лесная"
"ТОРД-2707п";"27.04.2026";"ПН";"4 пара (14:45-16:10)";"ВМДК.05.02 Основы управления транспортными средствами — вся группа, Тимеров Валерий Вагизович, Лесная"
"ТОРД-2707п";"27.04.2026";"ПН";"5 пара (16:20-17:40)";"ВМДК.05.02 Основы управления транспортными средствами — вся группа, Тимеров Валерий Вагизович, Лесная"
"ТОРД-2707п";"27.04.2026";"ПН";"6 пара (17:50-19:10)";"-"
"ТОРД-2707п";"27.04.2026";"ПН";"7 пара (19:20-20:40)";"-"
"ТОРД-2707п";"28.04.2026";"ВТ";"1 пара (08:30-09:55)";"УП.01 (УП утро 08:30-12:30) — 2 п/г, Подчиненнов Александр Юрьевич, Лесная"
"ТОРД-2707п";"28.04.2026";"ВТ";"2 пара (10:05-11:30)";"УП.01 (УП утро 08:30-12:30) — 2 п/г, Подчиненнов Александр Юрьевич, Лесная"
"ТОРД-2707п";"28.04.2026";"ВТ";"3 пара (12:25-13:50)";"-"
"ТОРД-2707п";"28.04.2026";"ВТ";"4 пара (14:00-15:25)";"-"
"ТОРД-2707п";"28.04.2026";"ВТ";"5 пара (15:35-16:55)";"-"
"ТОРД-2707п";"28.04.2026";"ВТ";"6 пара (17:05-18:25)";"-"
"ТОРД-2707п";"28.04.2026";"ВТ";"7 пара (18:35-19:55)";"-"
"ТОРД-2707п";"29.04.2026";"СР";"1 пара (08:30-09:55)";"ВМДК.05.02 Основы управления транспортными средствами — вся группа, Тимеров Валерий Вагизович, Лесная"
"ТОРД-2707п";"29.04.2026";"СР";"2 пара (10:05-11:30)";"ВМДК.05.02 Основы управления транспортными средствами — вся группа, Тимеров Валерий Вагизович, Лесная"
"ТОРД-2707п";"29.04.2026";"СР";"3 пара (12:25-13:50)";"ВМДК.05.02 Основы управления транспортными средствами — вся группа, Тимеров Валерий Вагизович, Лесная"
"ТОРД-2707п";"29.04.2026";"СР";"4 пара (14:00-15:25)";"ВМДК.05.02 Основы управления транспортными средствами — вся группа, Тимеров Валерий Вагизович, Лесная"
"ТОРД-2707п";"29.04.2026";"СР";"5 пара (15:35-16:55)";"ВМДК.05.02 Основы управления транспортными средствами — вся группа, Тимеров Валерий Вагизович, Лесная"
"ТОРД-2707п";"29.04.2026";"СР";"6 пара (17:05-18:25)";"-"
"ТОРД-2707п";"29.04.2026";"СР";"7 пара (18:35-19:55)";"-"
"ТОРД-2707п";"30.04.2026";"ЧТ";"1 пара (08:30-09:55)";"-"
"ТОРД-2707п";"30.04.2026";"ЧТ";"2 пара (10:05-11:30)";"-"
"ТОРД-2707п";"30.04.2026";"ЧТ";"3 пара (12:25-13:50)";"ВМДК.05.02 Основы управления транспортными средствами — вся группа, Тимеров Валерий Вагизович, Лесная"
"ТОРД-2707п";"30.04.2026";"ЧТ";"4 пара (14:00-15:25)";"ВМДК.05.02 Основы управления транспортными средствами — вся группа, Тимеров Валерий Вагизович, Лесная"
"ТОРД-2707п";"30.04.2026";"ЧТ";"5 пара (15:35-16:55)";"ВМДК.05.02 Основы управления транспортными средствами — вся группа, Тимеров Валерий Вагизович, Лесная"
"ТОРД-2707п";"30.04.2026";"ЧТ";"6 пара (17:05-18:25)";"ЛПЗ ВМДК.04.01 Слесарное дело и технические измерения — 2 п/г, Подчиненнов Александр Юрьевич, Лесная"
"ТОРД-2707п";"30.04.2026";"ЧТ";"7 пара (18:35-19:55)";"ЛПЗ ВМДК.04.01 Слесарное дело и технические измерения — 2 п/г, Подчиненнов Александр Юрьевич, Лесная"
"ТОРД-2707п";"01.05.2026";"ПТ";"1 пара (08:30-09:55)";"-"
"ТОРД-2707п";"01.05.2026";"ПТ";"2 пара (10:05-11:30)";"-"
"ТОРД-2707п";"01.05.2026";"ПТ";"3 пара (12:25-13:50)";"ВМДК.05.02 Основы управления транспортными средствами — вся группа, Тимеров Валерий Вагизович, Лесная"
"ТОРД-2707п";"01.05.2026";"ПТ";"4 пара (14:00-15:25)";"ВМДК.05.02 Основы управления транспортными средствами — вся группа, Тимеров Валерий Вагизович, Лесная"
"ТОРД-2707п";"01.05.2026";"ПТ";"5 пара (15:35-16:55)";"ВМДК.05.02 Основы управления транспортными средствами — вся группа, Тимеров Валерий Вагизович, Лесная"
"ТОРД-2707п";"01.05.2026";"ПТ";"6 пара (17:05-18:25)";"ЛПЗ ВМДК.04.01 Слесарное дело и технические измерения — 2 п/г, Подчиненнов Александр Юрьевич, Лесная"
"ТОРД-2707п";"01.05.2026";"ПТ";"7 пара (18:35-19:55)";"ЛПЗ ВМДК.04.01 Слесарное дело и технические измерения — 2 п/г, Подчиненнов Александр Юрьевич, Лесная"
"ТОРД-2707п";"02.05.2026";"СБ";"1 пара (08:30-09:45)";"УП.01 (УП утро 08:30-12:00) — 1 п/г, Самцов Андрей Евгеньевич, Лесная"
"ТОРД-2707п";"02.05.2026";"СБ";"2 пара (09:55-11:10)";"УП.01 (УП утро 08:30-12:00) — 1 п/г, Самцов Андрей Евгеньевич, Лесная"
"ТОРД-2707п";"02.05.2026";"СБ";"3 пара (11:30-12:45)";"-"
"ТОРД-2707п";"02.05.2026";"СБ";"4 пара (12:55-14:10)";"-"
"ТОРД-2707п";"02.05.2026";"СБ";"5 пара (14:20-15:30)";"-"
"ТОРД-2707п";"02.05.2026";"СБ";"6 пара (15:40-16:50)";"ЛПЗ ВМДК.04.01 Слесарное дело и технические измерения — 2 п/г, Подчиненнов Александр Юрьевич, Лесная"
"ТОРД-2707п";"02.05.2026";"СБ";"7 пара (17:00-18:10)";"ЛПЗ ВМДК.04.01 Слесарное дело и технические измерения — 2 п/г, Подчиненнов Александр Юрьевич, Лесная"
"ТОРД-2707п";"04.05.2026";"ПН";"1 пара (09:15-10:40)";"-"
"ТОРД-2707п";"04.05.2026";"ПН";"2 пара (10:50-12:15)";"-"
"ТОРД-2707п";"04.05.2026";"ПН";"3 пара (13:10-14:35)";"ВМДК.05.02 Основы управления транспортными средствами — вся группа, Тимеров Валерий Вагизович, Лесная"
"ТОРД-2707п";"04.05.2026";"ПН";"4 пара (14:45-16:10)";"ВМДК.05.02 Основы управления транспортными средствами — вся группа, Тимеров Валерий Вагизович, Лесная"
"ТОРД-2707п";"04.05.2026";"ПН";"5 пара (16:20-17:40)";"ВМДК.05.02 Основы управления транспортными средствами — вся группа, Тимеров Валерий Вагизович, Лесная"
"ТОРД-2707п";"04.05.2026";"ПН";"6 пара (17:50-19:10)";"ЛПЗ ВМДК.04.01 Слесарное дело и технические измерения — 2 п/г, Подчиненнов Александр Юрьевич, Лесная"
"ТОРД-2707п";"04.05.2026";"ПН";"7 пара (19:20-20:40)";"ЛПЗ ВМДК.04.01 Слесарное дело и технические измерения — 2 п/г, Подчиненнов Александр Юрьевич, Лесная"
"ТОРД-2707п";"05.05.2026";"ВТ";"1 пара (08:30-09:55)";"-"
"ТОРД-2707п";"05.05.2026";"ВТ";"2 пара (10:05-11:30)";"-"
"ТОРД-2707п";"05.05.2026";"ВТ";"3 пара (12:25-13:50)";"ВМДК.05.02 Основы управления транспортными средствами — вся группа, Тимеров Валерий Вагизович, Лесная"
"ТОРД-2707п";"05.05.2026";"ВТ";"4 пара (14:00-15:25)";"ВМДК.05.02 Основы управления транспортными средствами — вся группа, Тимеров Валерий Вагизович, Лесная"
"ТОРД-2707п";"05.05.2026";"ВТ";"5 пара (15:35-16:55)";"ВМДК.05.02 Основы управления транспортными средствами — вся группа, Тимеров Валерий Вагизович, Лесная"
"ТОРД-2707п";"05.05.2026";"ВТ";"6 пара (17:05-18:25)";"ЛПЗ ВМДК.04.01 Слесарное дело и технические измерения — 2 п/г, Подчиненнов Александр Юрьевич, Лесная"
"ТОРД-2707п";"05.05.2026";"ВТ";"7 пара (18:35-19:55)";"ЛПЗ ВМДК.04.01 Слесарное дело и технические измерения — 2 п/г, Подчиненнов Александр Юрьевич, Лесная"
"ТОРД-2707п";"06.05.2026";"СР";"1 пара (08:30-09:55)";"-"
"ТОРД-2707п";"06.05.2026";"СР";"2 пара (10:05-11:30)";"-"
"ТОРД-2707п";"06.05.2026";"СР";"3 пара (12:25-13:50)";"ВМДК.05.02 Основы управления транспортными средствами — вся группа, Тимеров Валерий Вагизович, Лесная"
"ТОРД-2707п";"06.05.2026";"СР";"4 пара (14:00-15:25)";"ВМДК.05.02 Основы управления транспортными средствами — вся группа, Тимеров Валерий Вагизович, Лесная"
"ТОРД-2707п";"06.05.2026";"СР";"5 пара (15:35-16:55)";"ВМДК.05.02 Основы управления транспортными средствами — вся группа, Тимеров Валерий Вагизович, Лесная"
"ТОРД-2707п";"06.05.2026";"СР";"6 пара (17:05-18:25)";"ЛПЗ ВМДК.04.01 Слесарное дело и технические измерения — 2 п/г, Подчиненнов Александр Юрьевич, Лесная"
"ТОРД-2707п";"06.05.2026";"СР";"7 пара (18:35-19:55)";"-"
"ТОРД-2707п";"08.05.2026";"ПТ";"1 пара (08:30-09:55)";"УП.04 (УП утро 08:30-12:30) — 1 п/г, Самцов Андрей Евгеньевич, Лесная"
"ТОРД-2707п";"08.05.2026";"ПТ";"2 пара (10:05-11:30)";"УП.04 (УП утро 08:30-12:30) — 1 п/г, Самцов Андрей Евгеньевич, Лесная"
"ТОРД-2707п";"08.05.2026";"ПТ";"3 пара (12:25-13:50)";"-"
"ТОРД-2707п";"08.05.2026";"ПТ";"4 пара (14:00-15:25)";"-"
"ТОРД-2707п";"08.05.2026";"ПТ";"5 пара (15:35-16:55)";"-"
"ТОРД-2707п";"08.05.2026";"ПТ";"6 пара (17:05-18:25)";"-"
"ТОРД-2707п";"08.05.2026";"ПТ";"7 пара (18:35-19:55)";"-"
"ТОРД-2707п";"09.05.2026";"СБ";"1 пара (08:30-09:45)";"УП.01 (УП утро 08:30-12:00) — 1 п/г, Самцов Андрей Евгеньевич, Лесная"
"ТОРД-2707п";"09.05.2026";"СБ";"2 пара (09:55-11:10)";"УП.01 (УП утро 08:30-12:00) — 1 п/г, Самцов Андрей Евгеньевич, Лесная"
"ТОРД-2707п";"09.05.2026";"СБ";"3 пара (11:30-12:45)";"-"
"ТОРД-2707п";"09.05.2026";"СБ";"4 пара (12:55-14:10)";"-"
"ТОРД-2707п";"09.05.2026";"СБ";"5 пара (14:20-15:30)";"-"
"ТОРД-2707п";"09.05.2026";"СБ";"6 пара (15:40-16:50)";"-"
"ТОРД-2707п";"09.05.2026";"СБ";"7 пара (17:00-18:10)";"-"
"ТОРД-2707п";"13.05.2026";"СР";"1 пара (08:30-09:55)";"УП.01 (УП утро 08:30-12:30) — 1 п/г, Самцов Андрей Евгеньевич, Лесная"
"ТОРД-2707п";"13.05.2026";"СР";"2 пара (10:05-11:30)";"УП.01 (УП утро 08:30-12:30) — 1 п/г, Самцов Андрей Евгеньевич, Лесная"
"ТОРД-2707п";"13.05.2026";"СР";"3 пара (12:25-13:50)";"-"
"ТОРД-2707п";"13.05.2026";"СР";"4 пара (14:00-15:25)";"-"
"ТОРД-2707п";"13.05.2026";"СР";"5 пара (15:35-16:55)";"-"
"ТОРД-2707п";"13.05.2026";"СР";"6 пара (17:05-18:25)";"-"
"ТОРД-2707п";"13.05.2026";"СР";"7 пара (18:35-19:55)";"-"
"ТОРД-2707п";"15.05.2026";"ПТ";"1 пара (08:30-09:55)";"УП.04 (УП утро 08:30-12:30) — 1 п/г, Самцов Андрей Евгеньевич, Лесная"
"ТОРД-2707п";"15.05.2026";"ПТ";"2 пара (10:05-11:30)";"УП.04 (УП утро 08:30-12:30) — 1 п/г, Самцов Андрей Евгеньевич, Лесная"
"ТОРД-2707п";"15.05.2026";"ПТ";"3 пара (12:25-13:50)";"-"
"ТОРД-2707п";"15.05.2026";"ПТ";"4 пара (14:00-15:25)";"-"
"ТОРД-2707п";"15.05.2026";"ПТ";"5 пара (15:35-16:55)";"-"
"ТОРД-2707п";"15.05.2026";"ПТ";"6 пара (17:05-18:25)";"-"
"ТОРД-2707п";"15.05.2026";"ПТ";"7 пара (18:35-19:55)";"-"
"ТОРД-2707п";"20.05.2026";"СР";"1 пара (08:30-09:55)";"УП.01 (УП утро 08:30-12:30) — 1 п/г, Самцов Андрей Евгеньевич, Лесная"
"ТОРД-2707п";"20.05.2026";"СР";"2 пара (10:05-11:30)";"УП.01 (УП утро 08:30-12:30) — 1 п/г, Самцов Андрей Евгеньевич, Лесная"
"ТОРД-2707п";"20.05.2026";"СР";"3 пара (12:25-13:50)";"-"
"ТОРД-2707п";"20.05.2026";"СР";"4 пара (14:00-15:25)";"-"
"ТОРД-2707п";"20.05.2026";"СР";"5 пара (15:35-16:55)";"-"
"ТОРД-2707п";"20.05.2026";"СР";"6 пара (17:05-18:25)";"-"
"ТОРД-2707п";"20.05.2026";"СР";"7 пара (18:35-19:55)";"-"
"ТОРД-2707п";"22.05.2026";"ПТ";"1 пара (08:30-09:55)";"УП.04 (УП утро 08:30-12:30) — 1 п/г, Самцов Андрей Евгеньевич, Лесная"
"ТОРД-2707п";"22.05.2026";"ПТ";"2 пара (10:05-11:30)";"УП.04 (УП утро 08:30-12:30) — 1 п/г, Самцов Андрей Евгеньевич, Лесная"
"ТОРД-2707п";"22.05.2026";"ПТ";"3 пара (12:25-13:50)";"-"
"ТОРД-2707п";"22.05.2026";"ПТ";"4 пара (14:00-15:25)";"-"
"ТОРД-2707п";"22.05.2026";"ПТ";"5 пара (15:35-16:55)";"-"
"ТОРД-2707п";"22.05.2026";"ПТ";"6 пара (17:05-18:25)";"-"
"ТОРД-2707п";"22.05.2026";"ПТ";"7 пара (18:35-19:55)";"-"
"ТОРД-2707п";"26.05.2026";"ВТ";"1 пара (08:30-09:55)";"УП.01 (УП утро 08:30-12:30) — 1 п/г, Самцов Андрей Евгеньевич, Лесная"
"ТОРД-2707п";"26.05.2026";"ВТ";"2 пара (10:05-11:30)";"УП.01 (УП утро 08:30-12:30) — 1 п/г, Самцов Андрей Евгеньевич, Лесная"
"ТОРД-2707п";"26.05.2026";"ВТ";"3 пара (12:25-13:50)";"-"
"ТОРД-2707п";"26.05.2026";"ВТ";"4 пара (14:00-15:25)";"-"
"ТОРД-2707п";"26.05.2026";"ВТ";"5 пара (15:35-16:55)";"-"
"ТОРД-2707п";"26.05.2026";"ВТ";"6 пара (17:05-18:25)";"-"
"ТОРД-2707п";"26.05.2026";"ВТ";"7 пара (18:35-19:55)";"-"
"ТОРД-2707п";"28.05.2026";"ЧТ";"1 пара (08:30-09:55)";"УП.04 (УП утро 08:30-12:30) — 1 п/г, Самцов Андрей Евгеньевич, Лесная"
"ТОРД-2707п";"28.05.2026";"ЧТ";"2 пара (10:05-11:30)";"УП.04 (УП утро 08:30-12:30) — 1 п/г, Самцов Андрей Евгеньевич, Лесная"
"ТОРД-2707п";"28.05.2026";"ЧТ";"3 пара (12:25-13:50)";"-"
"ТОРД-2707п";"28.05.2026";"ЧТ";"4 пара (14:00-15:25)";"-"
"ТОРД-2707п";"28.05.2026";"ЧТ";"5 пара (15:35-16:55)";"-"
"ТОРД-2707п";"28.05.2026";"ЧТ";"6 пара (17:05-18:25)";"-"
"ТОРД-2707п";"28.05.2026";"ЧТ";"7 пара (18:35-19:55)";"-"
"ТОРД-2707п";"30.05.2026";"СБ";"1 пара (08:30-09:45)";"УП.04 (УП утро 08:30-12:00) — 2 п/г, Тимеров Валерий Вагизович, Лесная"
"ТОРД-2707п";"30.05.2026";"СБ";"2 пара (09:55-11:10)";"УП.04 (УП утро 08:30-12:00) — 2 п/г, Тимеров Валерий Вагизович, Лесная"
"ТОРД-2707п";"30.05.2026";"СБ";"3 пара (11:30-12:45)";"-"
"ТОРД-2707п";"30.05.2026";"СБ";"4 пара (12:55-14:10)";"-"
"ТОРД-2707п";"30.05.2026";"СБ";"5 пара (14:20-15:30)";"-"
"ТОРД-2707п";"30.05.2026";"СБ";"6 пара (15:40-16:50)";"-"
"ТОРД-2707п";"30.05.2026";"СБ";"7 пара (17:00-18:10)";"-"
"ТМ-2415";"12.01.2026";"ПН";"1 пара (09:15-10:40)";"-"
"ТМ-2415";"12.01.2026";"ПН";"2 пара (10:50-12:15)";"-"
"ТМ-2415";"12.01.2026";"ПН";"3 пара (13:10-14:35)";"Физическая культура — вся группа, Нуров Мирзо Нуралиевич, Лесная"
"ТМ-2415";"12.01.2026";"ПН";"4 пара (14:45-16:10)";"Физическая культура — вся группа, Нуров Мирзо Нуралиевич, Лесная"
"ТМ-2415";"12.01.2026";"ПН";"5 пара (16:20-17:40)";"Физическая культура — вся группа, Нуров Мирзо Нуралиевич, Лесная"
"ТМ-2415";"12.01.2026";"ПН";"6 пара (17:50-19:10)";"Химия — вся группа, Соболева Любовь Анатольевна, Лесная"
"ТМ-2415";"12.01.2026";"ПН";"7 пара (19:20-20:40)";"Химия — вся группа, Соболева Любовь Анатольевна, Лесная"
"ТМ-2415";"13.01.2026";"ВТ";"1 пара (08:30-09:55)";"-"
"ТМ-2415";"13.01.2026";"ВТ";"2 пара (10:05-11:30)";"-"
"ТМ-2415";"13.01.2026";"ВТ";"3 пара (12:25-13:50)";"Физическая культура — вся группа, Нуров Мирзо Нуралиевич, Лесная"
"ТМ-2415";"13.01.2026";"ВТ";"4 пара (14:00-15:25)";"Физическая культура — вся группа, Нуров Мирзо Нуралиевич, Лесная"
"ТМ-2415";"13.01.2026";"ВТ";"5 пара (15:35-16:55)";"Физическая культура — вся группа, Нуров Мирзо Нуралиевич, Лесная"
"ТМ-2415";"13.01.2026";"ВТ";"6 пара (17:05-18:25)";"Химия — вся группа, Соболева Любовь Анатольевна, Лесная"
"ТМ-2415";"13.01.2026";"ВТ";"7 пара (18:35-19:55)";"Химия — вся группа, Соболева Любовь Анатольевна, Лесная"
"ТМ-2415";"14.01.2026";"СР";"1 пара (08:30-09:55)";"УП.07 (УП утро 08:30-12:30) — 1 п/г, Клабуков Василий Витальевич, Лесная"
"ТМ-2415";"14.01.2026";"СР";"2 пара (10:05-11:30)";"УП.07 (УП утро 08:30-12:30) — 1 п/г, Клабуков Василий Витальевич, Лесная"
"ТМ-2415";"14.01.2026";"СР";"3 пара (12:25-13:50)";"ЛПЗ Компас 3D — 2 п/г, Симаков Семен Данилович, Лесная"
"ТМ-2415";"14.01.2026";"СР";"4 пара (14:00-15:25)";"ЛПЗ Компас 3D — 2 п/г, Симаков Семен Данилович, Лесная"
"ТМ-2415";"14.01.2026";"СР";"5 пара (15:35-16:55)";"ЛПЗ Компас 3D — 2 п/г, Симаков Семен Данилович, Лесная"
"ТМ-2415";"14.01.2026";"СР";"6 пара (17:05-18:25)";"Иностранный язык в профессиональной деятельности — 2 п/г, Ермолина Ирина Павловна, Лесная"
"ТМ-2415";"14.01.2026";"СР";"7 пара (18:35-19:55)";"Иностранный язык в профессиональной деятельности — 2 п/г, Ермолина Ирина Павловна, Лесная"
"ТМ-2415";"15.01.2026";"ЧТ";"1 пара (08:30-09:55)";"Иностранный язык в профессиональной деятельности — 1 п/г, Ермолина Ирина Павловна, Лесная | УП.07 (УП утро 08:30-12:30) — 2 п/г, Клабуков Василий Витальевич, Лесная"
"ТМ-2415";"15.01.2026";"ЧТ";"2 пара (10:05-11:30)";"Иностранный язык в профессиональной деятельности — 1 п/г, Ермолина Ирина Павловна, Лесная | УП.07 (УП утро 08:30-12:30) — 2 п/г, Клабуков Василий Витальевич, Лесная"
"ТМ-2415";"15.01.2026";"ЧТ";"3 пара (12:25-13:50)";"Иностранный язык в профессиональной деятельности — 1 п/г, Ермолина Ирина Павловна, Лесная"
"ТМ-2415";"15.01.2026";"ЧТ";"4 пара (14:00-15:25)";"Иностранный язык в профессиональной деятельности — 1 п/г, Ермолина Ирина Павловна, Лесная"
"ТМ-2415";"15.01.2026";"ЧТ";"5 пара (15:35-16:55)";"Иностранный язык в профессиональной деятельности — 1 п/г, Ермолина Ирина Павловна, Лесная"
"ТМ-2415";"15.01.2026";"ЧТ";"6 пара (17:05-18:25)";"-"
"ТМ-2415";"15.01.2026";"ЧТ";"7 пара (18:35-19:55)";"-"
"ТМ-2415";"16.01.2026";"ПТ";"1 пара (08:30-09:55)";"-"
"ТМ-2415";"16.01.2026";"ПТ";"2 пара (10:05-11:30)";"-"
"ТМ-2415";"16.01.2026";"ПТ";"3 пара (12:25-13:50)";"Химия — вся группа, Соболева Любовь Анатольевна, Лесная"
"ТМ-2415";"16.01.2026";"ПТ";"4 пара (14:00-15:25)";"Химия — вся группа, Соболева Любовь Анатольевна, Лесная"
"ТМ-2415";"16.01.2026";"ПТ";"5 пара (15:35-16:55)";"Химия — вся группа, Соболева Любовь Анатольевна, Лесная"
"ТМ-2415";"16.01.2026";"ПТ";"6 пара (17:05-18:25)";"Химия — вся группа, Соболева Любовь Анатольевна, Лесная"
"ТМ-2415";"16.01.2026";"ПТ";"7 пара (18:35-19:55)";"География — вся группа, Кропотова Анастасия Андреевна, Лесная"
"ТМ-2415";"17.01.2026";"СБ";"1 пара (08:30-09:45)";"-"
"ТМ-2415";"17.01.2026";"СБ";"2 пара (09:55-11:10)";"-"
"ТМ-2415";"17.01.2026";"СБ";"3 пара (11:30-12:45)";"Химия — вся группа, Соболева Любовь Анатольевна, Лесная"
"ТМ-2415";"17.01.2026";"СБ";"4 пара (12:55-14:10)";"Химия — вся группа, Соболева Любовь Анатольевна, Лесная"
"ТМ-2415";"17.01.2026";"СБ";"5 пара (14:20-15:30)";"Основы бережливого производства — вся группа, Костарева Наталья Викторовна, Лесная"
"ТМ-2415";"17.01.2026";"СБ";"6 пара (15:40-16:50)";"География — вся группа, Кропотова Анастасия Андреевна, Лесная"
"ТМ-2415";"17.01.2026";"СБ";"7 пара (17:00-18:10)";"География — вся группа, Кропотова Анастасия Андреевна, Лесная"
"ТМ-2415";"19.01.2026";"ПН";"1 пара (09:15-10:40)";"Иностранный язык в профессиональной деятельности — 2 п/г, Ермолина Ирина Павловна, Лесная | УП.07 (УП утро 09:00-13:00) — 1 п/г, Клабуков Василий Витальевич, Лесная"
"ТМ-2415";"19.01.2026";"ПН";"2 пара (10:50-12:15)";"Иностранный язык в профессиональной деятельности — 2 п/г, Ермолина Ирина Павловна, Лесная | УП.07 (УП утро 09:00-13:00) — 1 п/г, Клабуков Василий Витальевич, Лесная"
"ТМ-2415";"19.01.2026";"ПН";"3 пара (13:10-14:35)";"ЛПЗ Компас 3D — 2 п/г, Симаков Семен Данилович, Лесная"
"ТМ-2415";"19.01.2026";"ПН";"4 пара (14:45-16:10)";"ЛПЗ Компас 3D — 2 п/г, Симаков Семен Данилович, Лесная"
"ТМ-2415";"19.01.2026";"ПН";"5 пара (16:20-17:40)";"ЛПЗ Компас 3D — 2 п/г, Симаков Семен Данилович, Лесная"
"ТМ-2415";"19.01.2026";"ПН";"6 пара (17:50-19:10)";"-"
"ТМ-2415";"19.01.2026";"ПН";"7 пара (19:20-20:40)";"-"
"ТМ-2415";"20.01.2026";"ВТ";"1 пара (08:30-09:55)";"УП.07 (УП утро 08:30-12:30) — 2 п/г, Клабуков Василий Витальевич, Лесная"
"ТМ-2415";"20.01.2026";"ВТ";"2 пара (10:05-11:30)";"УП.07 (УП утро 08:30-12:30) — 2 п/г, Клабуков Василий Витальевич, Лесная"
"ТМ-2415";"20.01.2026";"ВТ";"3 пара (12:25-13:50)";"ЛПЗ Компас 3D — 1 п/г, Симаков Семен Данилович, Лесная"
"ТМ-2415";"20.01.2026";"ВТ";"4 пара (14:00-15:25)";"ЛПЗ Компас 3D — 1 п/г, Симаков Семен Данилович, Лесная"
"ТМ-2415";"20.01.2026";"ВТ";"5 пара (15:35-16:55)";"ЛПЗ Компас 3D — 1 п/г, Симаков Семен Данилович, Лесная"
"ТМ-2415";"20.01.2026";"ВТ";"6 пара (17:05-18:25)";"Иностранный язык в профессиональной деятельности — 1 п/г, Ермолина Ирина Павловна, Лесная"
"ТМ-2415";"20.01.2026";"ВТ";"7 пара (18:35-19:55)";"Иностранный язык в профессиональной деятельности — 1 п/г, Ермолина Ирина Павловна, Лесная"
"ТМ-2415";"21.01.2026";"СР";"1 пара (08:30-09:55)";"География — вся группа, Кропотова Анастасия Андреевна, Лесная"
"ТМ-2415";"21.01.2026";"СР";"2 пара (10:05-11:30)";"География — вся группа, Кропотова Анастасия Андреевна, Лесная"
"ТМ-2415";"21.01.2026";"СР";"3 пара (12:25-13:50)";"География — вся группа, Кропотова Анастасия Андреевна, Лесная"
"ТМ-2415";"21.01.2026";"СР";"4 пара (14:00-15:25)";"География — вся группа, Кропотова Анастасия Андреевна, Лесная"
"ТМ-2415";"21.01.2026";"СР";"5 пара (15:35-16:55)";"Основы бережливого производства — вся группа, Костарева Наталья Викторовна, Лесная"
"ТМ-2415";"21.01.2026";"СР";"6 пара (17:05-18:25)";"-"
"ТМ-2415";"21.01.2026";"СР";"7 пара (18:35-19:55)";"-"
"ТМ-2415";"22.01.2026";"ЧТ";"1 пара (08:30-09:55)";"-"
"ТМ-2415";"22.01.2026";"ЧТ";"2 пара (10:05-11:30)";"-"
"ТМ-2415";"22.01.2026";"ЧТ";"3 пара (12:25-13:50)";"Иностранный язык в профессиональной деятельности — 1 п/г, Ермолина Ирина Павловна, Лесная | ЛПЗ Компас 3D — 2 п/г, Симаков Семен Данилович, Лесная"
"ТМ-2415";"22.01.2026";"ЧТ";"4 пара (14:00-15:25)";"Физическая культура — вся группа, Нуров Мирзо Нуралиевич, Лесная"
"ТМ-2415";"22.01.2026";"ЧТ";"5 пара (15:35-16:55)";"Физическая культура — вся группа, Нуров Мирзо Нуралиевич, Лесная"
"ТМ-2415";"22.01.2026";"ЧТ";"6 пара (17:05-18:25)";"История России — вся группа, Цимфер Татьяна Ивановна, Лесная"
"ТМ-2415";"22.01.2026";"ЧТ";"7 пара (18:35-19:55)";"История России — вся группа, Цимфер Татьяна Ивановна, Лесная"
"ТМ-2415";"23.01.2026";"ПТ";"1 пара (08:30-09:55)";"-"
"ТМ-2415";"23.01.2026";"ПТ";"2 пара (10:05-11:30)";"-"
"ТМ-2415";"23.01.2026";"ПТ";"3 пара (12:25-13:50)";"Основы бережливого производства — вся группа, Костарева Наталья Викторовна, Лесная"
"ТМ-2415";"23.01.2026";"ПТ";"4 пара (14:00-15:25)";"Основы бережливого производства — вся группа, Костарева Наталья Викторовна, Лесная"
"ТМ-2415";"23.01.2026";"ПТ";"5 пара (15:35-16:55)";"Основы бережливого производства — вся группа, Костарева Наталья Викторовна, Лесная"
"ТМ-2415";"23.01.2026";"ПТ";"6 пара (17:05-18:25)";"История России — вся группа, Цимфер Татьяна Ивановна, Лесная"
"ТМ-2415";"23.01.2026";"ПТ";"7 пара (18:35-19:55)";"История России — вся группа, Цимфер Татьяна Ивановна, Лесная"
"ТМ-2415";"24.01.2026";"СБ";"1 пара (08:30-09:45)";"-"
"ТМ-2415";"24.01.2026";"СБ";"2 пара (09:55-11:10)";"-"
"ТМ-2415";"24.01.2026";"СБ";"3 пара (11:30-12:45)";"Основы бережливого производства — вся группа, Костарева Наталья Викторовна, Лесная"
"ТМ-2415";"24.01.2026";"СБ";"4 пара (12:55-14:10)";"Иностранный язык в профессиональной деятельности — 1 п/г, Ермолина Ирина Павловна, Лесная | ЛПЗ Компас 3D — 2 п/г, Симаков Семен Данилович, Лесная"
"ТМ-2415";"24.01.2026";"СБ";"5 пара (14:20-15:30)";"Иностранный язык в профессиональной деятельности — 1 п/г, Ермолина Ирина Павловна, Лесная | ЛПЗ Компас 3D — 2 п/г, Симаков Семен Данилович, Лесная"
"ТМ-2415";"24.01.2026";"СБ";"6 пара (15:40-16:50)";"История России — вся группа, Цимфер Татьяна Ивановна, Лесная"
"ТМ-2415";"24.01.2026";"СБ";"7 пара (17:00-18:10)";"История России — вся группа, Цимфер Татьяна Ивановна, Лесная"
"ТМ-2415";"26.01.2026";"ПН";"1 пара (09:15-10:40)";"Иностранный язык в профессиональной деятельности — 2 п/г, Ермолина Ирина Павловна, Лесная | УП.07 (УП утро 09:00-13:00) — 1 п/г, Клабуков Василий Витальевич, Лесная"
"ТМ-2415";"26.01.2026";"ПН";"2 пара (10:50-12:15)";"Иностранный язык в профессиональной деятельности — 2 п/г, Ермолина Ирина Павловна, Лесная | УП.07 (УП утро 09:00-13:00) — 1 п/г, Клабуков Василий Витальевич, Лесная"
"ТМ-2415";"26.01.2026";"ПН";"3 пара (13:10-14:35)";"Иностранный язык в профессиональной деятельности — 2 п/г, Ермолина Ирина Павловна, Лесная"
"ТМ-2415";"26.01.2026";"ПН";"4 пара (14:45-16:10)";"Иностранный язык в профессиональной деятельности — 2 п/г, Ермолина Ирина Павловна, Лесная"
"ТМ-2415";"26.01.2026";"ПН";"5 пара (16:20-17:40)";"Иностранный язык в профессиональной деятельности — 2 п/г, Ермолина Ирина Павловна, Лесная"
"ТМ-2415";"26.01.2026";"ПН";"6 пара (17:50-19:10)";"-"
"ТМ-2415";"26.01.2026";"ПН";"7 пара (19:20-20:40)";"-"
"ТМ-2415";"27.01.2026";"ВТ";"1 пара (08:30-09:55)";"УП.07 (УП утро 08:30-12:30) — 2 п/г, Клабуков Василий Витальевич, Лесная"
"ТМ-2415";"27.01.2026";"ВТ";"2 пара (10:05-11:30)";"УП.07 (УП утро 08:30-12:30) — 2 п/г, Клабуков Василий Витальевич, Лесная"
"ТМ-2415";"27.01.2026";"ВТ";"3 пара (12:25-13:50)";"ЛПЗ Компас 3D — 1 п/г, Симаков Семен Данилович, Лесная"
"ТМ-2415";"27.01.2026";"ВТ";"4 пара (14:00-15:25)";"Иностранный язык в профессиональной деятельности — 1 п/г, Ермолина Ирина Павловна, Лесная"
"ТМ-2415";"27.01.2026";"ВТ";"5 пара (15:35-16:55)";"Иностранный язык в профессиональной деятельности — 1 п/г, Ермолина Ирина Павловна, Лесная"
"ТМ-2415";"27.01.2026";"ВТ";"6 пара (17:05-18:25)";"Иностранный язык в профессиональной деятельности — 1 п/г, Ермолина Ирина Павловна, Лесная"
"ТМ-2415";"27.01.2026";"ВТ";"7 пара (18:35-19:55)";"Иностранный язык в профессиональной деятельности — 1 п/г, Ермолина Ирина Павловна, Лесная"
"ТМ-2415";"28.01.2026";"СР";"1 пара (08:30-09:55)";"История России — вся группа, Цимфер Татьяна Ивановна, Лесная"
"ТМ-2415";"28.01.2026";"СР";"2 пара (10:05-11:30)";"История России — вся группа, Цимфер Татьяна Ивановна, Лесная"
"ТМ-2415";"28.01.2026";"СР";"3 пара (12:25-13:50)";"История России — вся группа, Цимфер Татьяна Ивановна, Лесная"
"ТМ-2415";"28.01.2026";"СР";"4 пара (14:00-15:25)";"История России — вся группа, Цимфер Татьяна Ивановна, Лесная"
"ТМ-2415";"28.01.2026";"СР";"5 пара (15:35-16:55)";"История России — вся группа, Цимфер Татьяна Ивановна, Лесная"
"ТМ-2415";"28.01.2026";"СР";"6 пара (17:05-18:25)";"-"
"ТМ-2415";"28.01.2026";"СР";"7 пара (18:35-19:55)";"-"
"ТМ-2415";"29.01.2026";"ЧТ";"1 пара (08:30-09:55)";"-"
"ТМ-2415";"29.01.2026";"ЧТ";"2 пара (10:05-11:30)";"-"
"ТМ-2415";"29.01.2026";"ЧТ";"3 пара (12:25-13:50)";"Иностранный язык в профессиональной деятельности — 1 п/г, Ермолина Ирина Павловна, Лесная | ЛПЗ Компас 3D — 2 п/г, Симаков Семен Данилович, Лесная"
"ТМ-2415";"29.01.2026";"ЧТ";"4 пара (14:00-15:25)";"Иностранный язык в профессиональной деятельности — 1 п/г, Ермолина Ирина Павловна, Лесная | ЛПЗ Компас 3D — 2 п/г, Симаков Семен Данилович, Лесная"
"ТМ-2415";"29.01.2026";"ЧТ";"5 пара (15:35-16:55)";"Иностранный язык в профессиональной деятельности — 1 п/г, Ермолина Ирина Павловна, Лесная | ЛПЗ Компас 3D — 2 п/г, Симаков Семен Данилович, Лесная"
"ТМ-2415";"29.01.2026";"ЧТ";"6 пара (17:05-18:25)";"История России — вся группа, Цимфер Татьяна Ивановна, Лесная"
"ТМ-2415";"29.01.2026";"ЧТ";"7 пара (18:35-19:55)";"История России — вся группа, Цимфер Татьяна Ивановна, Лесная"
"ТМ-2415";"30.01.2026";"ПТ";"1 пара (08:30-09:55)";"-"
"ТМ-2415";"30.01.2026";"ПТ";"2 пара (10:05-11:30)";"-"
"ТМ-2415";"30.01.2026";"ПТ";"3 пара (12:25-13:50)";"Физическая культура — вся группа, Нуров Мирзо Нуралиевич, Лесная"
"ТМ-2415";"30.01.2026";"ПТ";"4 пара (14:00-15:25)";"Физическая культура — вся группа, Нуров Мирзо Нуралиевич, Лесная"
"ТМ-2415";"30.01.2026";"ПТ";"5 пара (15:35-16:55)";"Основы бережливого производства — вся группа, Костарева Наталья Викторовна, Лесная"
"ТМ-2415";"30.01.2026";"ПТ";"6 пара (17:05-18:25)";"История России — вся группа, Цимфер Татьяна Ивановна, Лесная"
"ТМ-2415";"30.01.2026";"ПТ";"7 пара (18:35-19:55)";"История России — вся группа, Цимфер Татьяна Ивановна, Лесная"
"ТМ-2415";"31.01.2026";"СБ";"1 пара (08:30-09:45)";"-"
"ТМ-2415";"31.01.2026";"СБ";"2 пара (09:55-11:10)";"-"
"ТМ-2415";"31.01.2026";"СБ";"3 пара (11:30-12:45)";"Иностранный язык в профессиональной деятельности — 2 п/г, Ермолина Ирина Павловна, Лесная | ЛПЗ Компас 3D — 1 п/г, Симаков Семен Данилович, Лесная"
"ТМ-2415";"31.01.2026";"СБ";"4 пара (12:55-14:10)";"Иностранный язык в профессиональной деятельности — 2 п/г, Ермолина Ирина Павловна, Лесная | ЛПЗ Компас 3D — 1 п/г, Симаков Семен Данилович, Лесная"
"ТМ-2415";"31.01.2026";"СБ";"5 пара (14:20-15:30)";"Иностранный язык в профессиональной деятельности — 2 п/г, Ермолина Ирина Павловна, Лесная | ЛПЗ Компас 3D — 1 п/г, Симаков Семен Данилович, Лесная"
"ТМ-2415";"31.01.2026";"СБ";"6 пара (15:40-16:50)";"История России — вся группа, Цимфер Татьяна Ивановна, Лесная"
"ТМ-2415";"31.01.2026";"СБ";"7 пара (17:00-18:10)";"История России — вся группа, Цимфер Татьяна Ивановна, Лесная"
"ТМ-2415";"02.02.2026";"ПН";"1 пара (09:15-10:40)";"Иностранный язык в профессиональной деятельности — 2 п/г, Ермолина Ирина Павловна, Лесная | УП.07 (УП утро 09:00-13:00) — 1 п/г, Клабуков Василий Витальевич, Лесная"
"ТМ-2415";"02.02.2026";"ПН";"2 пара (10:50-12:15)";"Иностранный язык в профессиональной деятельности — 2 п/г, Ермолина Ирина Павловна, Лесная | УП.07 (УП утро 09:00-13:00) — 1 п/г, Клабуков Василий Витальевич, Лесная"
"ТМ-2415";"02.02.2026";"ПН";"3 пара (13:10-14:35)";"Иностранный язык в профессиональной деятельности — 2 п/г, Ермолина Ирина Павловна, Лесная"
"ТМ-2415";"02.02.2026";"ПН";"4 пара (14:45-16:10)";"Иностранный язык в профессиональной деятельности — 2 п/г, Ермолина Ирина Павловна, Лесная"
"ТМ-2415";"02.02.2026";"ПН";"5 пара (16:20-17:40)";"Иностранный язык в профессиональной деятельности — 2 п/г, Ермолина Ирина Павловна, Лесная"
"ТМ-2415";"02.02.2026";"ПН";"6 пара (17:50-19:10)";"-"
"ТМ-2415";"02.02.2026";"ПН";"7 пара (19:20-20:40)";"-"
"ТМ-2415";"03.02.2026";"ВТ";"1 пара (08:30-09:55)";"ЛПЗ Компас 3D — 1 п/г, Симаков Семен Данилович, Лесная | УП.07 (УП утро 08:30-12:30) — 2 п/г, Клабуков Василий Витальевич, Лесная"
"ТМ-2415";"03.02.2026";"ВТ";"2 пара (10:05-11:30)";"ЛПЗ Компас 3D — 1 п/г, Симаков Семен Данилович, Лесная | УП.07 (УП утро 08:30-12:30) — 2 п/г, Клабуков Василий Витальевич, Лесная"
"ТМ-2415";"03.02.2026";"ВТ";"3 пара (12:25-13:50)";"ЛПЗ Компас 3D — 1 п/г, Симаков Семен Данилович, Лесная"
"ТМ-2415";"03.02.2026";"ВТ";"4 пара (14:00-15:25)";"ЛПЗ Компас 3D — 1 п/г, Симаков Семен Данилович, Лесная"
"ТМ-2415";"03.02.2026";"ВТ";"5 пара (15:35-16:55)";"ЛПЗ Компас 3D — 1 п/г, Симаков Семен Данилович, Лесная"
"ТМ-2415";"03.02.2026";"ВТ";"6 пара (17:05-18:25)";"-"
"ТМ-2415";"03.02.2026";"ВТ";"7 пара (18:35-19:55)";"-"
"ТМ-2415";"04.02.2026";"СР";"1 пара (08:30-09:55)";"История России — вся группа, Цимфер Татьяна Ивановна, Лесная"
"ТМ-2415";"04.02.2026";"СР";"2 пара (10:05-11:30)";"История России — вся группа, Цимфер Татьяна Ивановна, Лесная"
"ТМ-2415";"04.02.2026";"СР";"3 пара (12:25-13:50)";"История России — вся группа, Цимфер Татьяна Ивановна, Лесная"
"ТМ-2415";"04.02.2026";"СР";"4 пара (14:00-15:25)";"История России — вся группа, Цимфер Татьяна Ивановна, Лесная"
"ТМ-2415";"04.02.2026";"СР";"5 пара (15:35-16:55)";"История России — вся группа, Цимфер Татьяна Ивановна, Лесная"
"ТМ-2415";"04.02.2026";"СР";"6 пара (17:05-18:25)";"-"
"ТМ-2415";"04.02.2026";"СР";"7 пара (18:35-19:55)";"-"
"ТМ-2415";"05.02.2026";"ЧТ";"1 пара (08:30-09:55)";"История России — вся группа, Цимфер Татьяна Ивановна, Лесная"
"ТМ-2415";"05.02.2026";"ЧТ";"2 пара (10:05-11:30)";"История России — вся группа, Цимфер Татьяна Ивановна, Лесная"
"ТМ-2415";"05.02.2026";"ЧТ";"3 пара (12:25-13:50)";"История России — вся группа, Цимфер Татьяна Ивановна, Лесная"
"ТМ-2415";"05.02.2026";"ЧТ";"4 пара (14:00-15:25)";"История России — вся группа, Цимфер Татьяна Ивановна, Лесная"
"ТМ-2415";"05.02.2026";"ЧТ";"5 пара (15:35-16:55)";"История России — вся группа, Цимфер Татьяна Ивановна, Лесная"
"ТМ-2415";"05.02.2026";"ЧТ";"6 пара (17:05-18:25)";"-"
"ТМ-2415";"05.02.2026";"ЧТ";"7 пара (18:35-19:55)";"-"
"ТМ-2415";"06.02.2026";"ПТ";"1 пара (08:30-09:55)";"Основы бережливого производства — вся группа, Костарева Наталья Викторовна, Лесная"
"ТМ-2415";"06.02.2026";"ПТ";"2 пара (10:05-11:30)";"Основы бережливого производства — вся группа, Костарева Наталья Викторовна, Лесная"
"ТМ-2415";"06.02.2026";"ПТ";"3 пара (12:25-13:50)";"Основы бережливого производства — вся группа, Костарева Наталья Викторовна, Лесная"
"ТМ-2415";"06.02.2026";"ПТ";"4 пара (14:00-15:25)";"Основы бережливого производства — вся группа, Костарева Наталья Викторовна, Лесная"
"ТМ-2415";"06.02.2026";"ПТ";"5 пара (15:35-16:55)";"Основы бережливого производства — вся группа, Костарева Наталья Викторовна, Лесная"
"ТМ-2415";"06.02.2026";"ПТ";"6 пара (17:05-18:25)";"-"
"ТМ-2415";"06.02.2026";"ПТ";"7 пара (18:35-19:55)";"-"
"ТМ-2415";"07.02.2026";"СБ";"1 пара (08:30-09:45)";"Основы бережливого производства — вся группа, Костарева Наталья Викторовна, Лесная"
"ТМ-2415";"07.02.2026";"СБ";"2 пара (09:55-11:10)";"Основы бережливого производства — вся группа, Костарева Наталья Викторовна, Лесная"
"ТМ-2415";"07.02.2026";"СБ";"3 пара (11:30-12:45)";"Основы бережливого производства — вся группа, Костарева Наталья Викторовна, Лесная"
"ТМ-2415";"07.02.2026";"СБ";"4 пара (12:55-14:10)";"Основы бережливого производства — вся группа, Костарева Наталья Викторовна, Лесная"
"ТМ-2415";"07.02.2026";"СБ";"5 пара (14:20-15:30)";"Основы бережливого производства — вся группа, Костарева Наталья Викторовна, Лесная"
"ТМ-2415";"07.02.2026";"СБ";"6 пара (15:40-16:50)";"-"
"ТМ-2415";"07.02.2026";"СБ";"7 пара (17:00-18:10)";"-"
"ТМ-2415";"09.02.2026";"ПН";"1 пара (09:15-10:40)";"ЛПЗ Компас 3D — 1 п/г, Симаков Семен Данилович, Лесная | УП.07 (УП утро 09:00-13:00) — 2 п/г, Клабуков Василий Витальевич, Лесная"
"ТМ-2415";"09.02.2026";"ПН";"2 пара (10:50-12:15)";"ЛПЗ Компас 3D — 1 п/г, Симаков Семен Данилович, Лесная | УП.07 (УП утро 09:00-13:00) — 2 п/г, Клабуков Василий Витальевич, Лесная"
"ТМ-2415";"09.02.2026";"ПН";"3 пара (13:10-14:35)";"ЛПЗ Компас 3D — 1 п/г, Симаков Семен Данилович, Лесная"
"ТМ-2415";"09.02.2026";"ПН";"4 пара (14:45-16:10)";"ЛПЗ Компас 3D — 1 п/г, Симаков Семен Данилович, Лесная"
"ТМ-2415";"09.02.2026";"ПН";"5 пара (16:20-17:40)";"ЛПЗ Компас 3D — 1 п/г, Симаков Семен Данилович, Лесная"
"ТМ-2415";"09.02.2026";"ПН";"6 пара (17:50-19:10)";"-"
"ТМ-2415";"09.02.2026";"ПН";"7 пара (19:20-20:40)";"-"
"ТМ-2415";"10.02.2026";"ВТ";"1 пара (08:30-09:55)";"Основы бережливого производства — вся группа, Костарева Наталья Викторовна, Лесная"
"ТМ-2415";"10.02.2026";"ВТ";"2 пара (10:05-11:30)";"Метрология, стандартизация и сертификация — вся группа, Садриева Татьяна Геннадьевна, Лесная"
"ТМ-2415";"10.02.2026";"ВТ";"3 пара (12:25-13:50)";"Метрология, стандартизация и сертификация — вся группа, Садриева Татьяна Геннадьевна, Лесная"
"ТМ-2415";"10.02.2026";"ВТ";"4 пара (14:00-15:25)";"Метрология, стандартизация и сертификация — вся группа, Садриева Татьяна Геннадьевна, Лесная"
"ТМ-2415";"10.02.2026";"ВТ";"5 пара (15:35-16:55)";"Метрология, стандартизация и сертификация — вся группа, Садриева Татьяна Геннадьевна, Лесная"
"ТМ-2415";"10.02.2026";"ВТ";"6 пара (17:05-18:25)";"-"
"ТМ-2415";"10.02.2026";"ВТ";"7 пара (18:35-19:55)";"-"
"ТМ-2415";"11.02.2026";"СР";"1 пара (08:30-09:55)";"-"
"ТМ-2415";"11.02.2026";"СР";"2 пара (10:05-11:30)";"-"
"ТМ-2415";"11.02.2026";"СР";"3 пара (12:25-13:50)";"Метрология, стандартизация и сертификация — вся группа, Садриева Татьяна Геннадьевна, Лесная"
"ТМ-2415";"11.02.2026";"СР";"4 пара (14:00-15:25)";"Метрология, стандартизация и сертификация — вся группа, Садриева Татьяна Геннадьевна, Лесная"
"ТМ-2415";"11.02.2026";"СР";"5 пара (15:35-16:55)";"Метрология, стандартизация и сертификация — вся группа, Садриева Татьяна Геннадьевна, Лесная"
"ТМ-2415";"11.02.2026";"СР";"6 пара (17:05-18:25)";"Физическая культура — вся группа, Нуров Мирзо Нуралиевич, Лесная"
"ТМ-2415";"11.02.2026";"СР";"7 пара (18:35-19:55)";"Физическая культура — вся группа, Нуров Мирзо Нуралиевич, Лесная"
"ТМ-2415";"12.02.2026";"ЧТ";"1 пара (08:30-09:55)";"-"
"ТМ-2415";"12.02.2026";"ЧТ";"2 пара (10:05-11:30)";"-"
"ТМ-2415";"12.02.2026";"ЧТ";"3 пара (12:25-13:50)";"Метрология, стандартизация и сертификация — вся группа, Садриева Татьяна Геннадьевна, Лесная"
"ТМ-2415";"12.02.2026";"ЧТ";"4 пара (14:00-15:25)";"Метрология, стандартизация и сертификация — вся группа, Садриева Татьяна Геннадьевна, Лесная"
"ТМ-2415";"12.02.2026";"ЧТ";"5 пара (15:35-16:55)";"Метрология, стандартизация и сертификация — вся группа, Садриева Татьяна Геннадьевна, Лесная"
"ТМ-2415";"12.02.2026";"ЧТ";"6 пара (17:05-18:25)";"Физическая культура — вся группа, Нуров Мирзо Нуралиевич, Лесная"
"ТМ-2415";"12.02.2026";"ЧТ";"7 пара (18:35-19:55)";"Физическая культура — вся группа, Нуров Мирзо Нуралиевич, Лесная"
"ТМ-2415";"13.02.2026";"ПТ";"1 пара (08:30-09:55)";"-"
"ТМ-2415";"13.02.2026";"ПТ";"2 пара (10:05-11:30)";"-"
"ТМ-2415";"13.02.2026";"ПТ";"3 пара (12:25-13:50)";"Метрология, стандартизация и сертификация — вся группа, Садриева Татьяна Геннадьевна, Лесная"
"ТМ-2415";"13.02.2026";"ПТ";"4 пара (14:00-15:25)";"Метрология, стандартизация и сертификация — вся группа, Садриева Татьяна Геннадьевна, Лесная"
"ТМ-2415";"13.02.2026";"ПТ";"5 пара (15:35-16:55)";"Метрология, стандартизация и сертификация — вся группа, Садриева Татьяна Геннадьевна, Лесная"
"ТМ-2415";"13.02.2026";"ПТ";"6 пара (17:05-18:25)";"Физическая культура — вся группа, Нуров Мирзо Нуралиевич, Лесная"
"ТМ-2415";"13.02.2026";"ПТ";"7 пара (18:35-19:55)";"Физическая культура — вся группа, Нуров Мирзо Нуралиевич, Лесная"
"ТМ-2415";"14.02.2026";"СБ";"1 пара (08:30-09:45)";"Физическая культура — вся группа, Нуров Мирзо Нуралиевич, Лесная"
"ТМ-2415";"14.02.2026";"СБ";"2 пара (09:55-11:10)";"Физическая культура — вся группа, Нуров Мирзо Нуралиевич, Лесная"
"ТМ-2415";"14.02.2026";"СБ";"3 пара (11:30-12:45)";"Физическая культура — вся группа, Нуров Мирзо Нуралиевич, Лесная"
"ТМ-2415";"14.02.2026";"СБ";"4 пара (12:55-14:10)";"Физическая культура — вся группа, Нуров Мирзо Нуралиевич, Лесная"
"ТМ-2415";"14.02.2026";"СБ";"5 пара (14:20-15:30)";"Физическая культура — вся группа, Нуров Мирзо Нуралиевич, Лесная"
"ТМ-2415";"14.02.2026";"СБ";"6 пара (15:40-16:50)";"-"
"ТМ-2415";"14.02.2026";"СБ";"7 пара (17:00-18:10)";"-"
"ТМ-2415";"16.02.2026";"ПН";"1 пара (09:15-10:40)";"Физическая культура — вся группа, Нуров Мирзо Нуралиевич, Лесная"
"ТМ-2415";"16.02.2026";"ПН";"2 пара (10:50-12:15)";"Физическая культура — вся группа, Нуров Мирзо Нуралиевич, Лесная"
"ТМ-2415";"16.02.2026";"ПН";"3 пара (13:10-14:35)";"Метрология, стандартизация и сертификация — вся группа, Садриева Татьяна Геннадьевна, Лесная"
"ТМ-2415";"16.02.2026";"ПН";"4 пара (14:45-16:10)";"Метрология, стандартизация и сертификация — вся группа, Садриева Татьяна Геннадьевна, Лесная"
"ТМ-2415";"16.02.2026";"ПН";"5 пара (16:20-17:40)";"Метрология, стандартизация и сертификация — вся группа, Садриева Татьяна Геннадьевна, Лесная"
"ТМ-2415";"16.02.2026";"ПН";"6 пара (17:50-19:10)";"-"
"ТМ-2415";"16.02.2026";"ПН";"7 пара (19:20-20:40)";"-"
"ТМ-2415";"17.02.2026";"ВТ";"1 пара (08:30-09:55)";"-"
"ТМ-2415";"17.02.2026";"ВТ";"2 пара (10:05-11:30)";"-"
"ТМ-2415";"17.02.2026";"ВТ";"3 пара (12:25-13:50)";"Метрология, стандартизация и сертификация — вся группа, Садриева Татьяна Геннадьевна, Лесная"
"ТМ-2415";"17.02.2026";"ВТ";"4 пара (14:00-15:25)";"Метрология, стандартизация и сертификация — вся группа, Садриева Татьяна Геннадьевна, Лесная"
"ТМ-2415";"17.02.2026";"ВТ";"5 пара (15:35-16:55)";"Метрология, стандартизация и сертификация — вся группа, Садриева Татьяна Геннадьевна, Лесная"
"ТМ-2415";"17.02.2026";"ВТ";"6 пара (17:05-18:25)";"Метрология, стандартизация и сертификация — вся группа, Садриева Татьяна Геннадьевна, Лесная"
"ТМ-2415";"17.02.2026";"ВТ";"7 пара (18:35-19:55)";"Техническая механика — вся группа, Саламатина Вера Викторовна, Лесная"
"ТМ-2415";"18.02.2026";"СР";"1 пара (08:30-09:55)";"-"
"ТМ-2415";"18.02.2026";"СР";"2 пара (10:05-11:30)";"-"
"ТМ-2415";"18.02.2026";"СР";"3 пара (12:25-13:50)";"Техническая механика — вся группа, Саламатина Вера Викторовна, Лесная"
"ТМ-2415";"18.02.2026";"СР";"4 пара (14:00-15:25)";"Техническая механика — вся группа, Саламатина Вера Викторовна, Лесная"
"ТМ-2415";"18.02.2026";"СР";"5 пара (15:35-16:55)";"Техническая механика — вся группа, Саламатина Вера Викторовна, Лесная"
"ТМ-2415";"18.02.2026";"СР";"6 пара (17:05-18:25)";"Техническая механика — вся группа, Саламатина Вера Викторовна, Лесная"
"ТМ-2415";"18.02.2026";"СР";"7 пара (18:35-19:55)";"Техническая механика — вся группа, Саламатина Вера Викторовна, Лесная"
"ТМ-2415";"19.02.2026";"ЧТ";"1 пара (08:30-09:55)";"Техническая механика — вся группа, Саламатина Вера Викторовна, Лесная"
"ТМ-2415";"19.02.2026";"ЧТ";"2 пара (10:05-11:30)";"Техническая механика — вся группа, Саламатина Вера Викторовна, Лесная"
"ТМ-2415";"19.02.2026";"ЧТ";"3 пара (12:25-13:50)";"Техническая механика — вся группа, Саламатина Вера Викторовна, Лесная"
"ТМ-2415";"19.02.2026";"ЧТ";"4 пара (14:00-15:25)";"Техническая механика — вся группа, Саламатина Вера Викторовна, Лесная"
"ТМ-2415";"19.02.2026";"ЧТ";"5 пара (15:35-16:55)";"Техническая механика — вся группа, Саламатина Вера Викторовна, Лесная"
"ТМ-2415";"19.02.2026";"ЧТ";"6 пара (17:05-18:25)";"-"
"ТМ-2415";"19.02.2026";"ЧТ";"7 пара (18:35-19:55)";"-"
"ТМ-2415";"20.02.2026";"ПТ";"1 пара (08:30-09:55)";"Техническая механика — вся группа, Саламатина Вера Викторовна, Лесная"
"ТМ-2415";"20.02.2026";"ПТ";"2 пара (10:05-11:30)";"Техническая механика — вся группа, Саламатина Вера Викторовна, Лесная"
"ТМ-2415";"20.02.2026";"ПТ";"3 пара (12:25-13:50)";"Техническая механика — вся группа, Саламатина Вера Викторовна, Лесная"
"ТМ-2415";"20.02.2026";"ПТ";"4 пара (14:00-15:25)";"Техническая механика — вся группа, Саламатина Вера Викторовна, Лесная"
"ТМ-2415";"20.02.2026";"ПТ";"5 пара (15:35-16:55)";"Метрология, стандартизация и сертификация — вся группа, Садриева Татьяна Геннадьевна, Лесная"
"ТМ-2415";"20.02.2026";"ПТ";"6 пара (17:05-18:25)";"-"
"ТМ-2415";"20.02.2026";"ПТ";"7 пара (18:35-19:55)";"-"
"ТМ-2415";"21.02.2026";"СБ";"1 пара (08:30-09:45)";"Метрология, стандартизация и сертификация — вся группа, Садриева Татьяна Геннадьевна, Лесная"
"ТМ-2415";"21.02.2026";"СБ";"2 пара (09:55-11:10)";"Метрология, стандартизация и сертификация — вся группа, Садриева Татьяна Геннадьевна, Лесная"
"ТМ-2415";"21.02.2026";"СБ";"3 пара (11:30-12:45)";"Метрология, стандартизация и сертификация — вся группа, Садриева Татьяна Геннадьевна, Лесная"
"ТМ-2415";"21.02.2026";"СБ";"4 пара (12:55-14:10)";"Метрология, стандартизация и сертификация — вся группа, Садриева Татьяна Геннадьевна, Лесная"
"ТМ-2415";"21.02.2026";"СБ";"5 пара (14:20-15:30)";"Метрология, стандартизация и сертификация — вся группа, Садриева Татьяна Геннадьевна, Лесная"
"ТМ-2415";"21.02.2026";"СБ";"6 пара (15:40-16:50)";"-"
"ТМ-2415";"21.02.2026";"СБ";"7 пара (17:00-18:10)";"-"
"ТМ-2415";"23.02.2026";"ПН";"1 пара (09:15-10:40)";"Метрология, стандартизация и сертификация — вся группа, Садриева Татьяна Геннадьевна, Лесная"
"ТМ-2415";"23.02.2026";"ПН";"2 пара (10:50-12:15)";"Процессы формообразования и инструменты — вся группа, Саламатина Вера Викторовна, Лесная"
"ТМ-2415";"23.02.2026";"ПН";"3 пара (13:10-14:35)";"Процессы формообразования и инструменты — вся группа, Саламатина Вера Викторовна, Лесная"
"ТМ-2415";"23.02.2026";"ПН";"4 пара (14:45-16:10)";"Процессы формообразования и инструменты — вся группа, Саламатина Вера Викторовна, Лесная"
"ТМ-2415";"23.02.2026";"ПН";"5 пара (16:20-17:40)";"Процессы формообразования и инструменты — вся группа, Саламатина Вера Викторовна, Лесная"
"ТМ-2415";"23.02.2026";"ПН";"6 пара (17:50-19:10)";"-"
"ТМ-2415";"23.02.2026";"ПН";"7 пара (19:20-20:40)";"-"
"ТМ-2415";"24.02.2026";"ВТ";"1 пара (08:30-09:55)";"Процессы формообразования и инструменты — вся группа, Саламатина Вера Викторовна, Лесная"
"ТМ-2415";"24.02.2026";"ВТ";"2 пара (10:05-11:30)";"Процессы формообразования и инструменты — вся группа, Саламатина Вера Викторовна, Лесная"
"ТМ-2415";"24.02.2026";"ВТ";"3 пара (12:25-13:50)";"Процессы формообразования и инструменты — вся группа, Саламатина Вера Викторовна, Лесная"
"ТМ-2415";"24.02.2026";"ВТ";"4 пара (14:00-15:25)";"Процессы формообразования и инструменты — вся группа, Саламатина Вера Викторовна, Лесная"
"ТМ-2415";"24.02.2026";"ВТ";"5 пара (15:35-16:55)";"Процессы формообразования и инструменты — вся группа, Саламатина Вера Викторовна, Лесная"
"ТМ-2415";"24.02.2026";"ВТ";"6 пара (17:05-18:25)";"-"
"ТМ-2415";"24.02.2026";"ВТ";"7 пара (18:35-19:55)";"-"
"ТМ-2415";"25.02.2026";"СР";"1 пара (08:30-09:55)";"Процессы формообразования и инструменты — вся группа, Саламатина Вера Викторовна, Лесная"
"ТМ-2415";"25.02.2026";"СР";"2 пара (10:05-11:30)";"Процессы формообразования и инструменты — вся группа, Саламатина Вера Викторовна, Лесная"
"ТМ-2415";"25.02.2026";"СР";"3 пара (12:25-13:50)";"Процессы формообразования и инструменты — вся группа, Саламатина Вера Викторовна, Лесная"
"ТМ-2415";"25.02.2026";"СР";"4 пара (14:00-15:25)";"Процессы формообразования и инструменты — вся группа, Саламатина Вера Викторовна, Лесная"
"ТМ-2415";"25.02.2026";"СР";"5 пара (15:35-16:55)";"Процессы формообразования и инструменты — вся группа, Саламатина Вера Викторовна, Лесная"
"ТМ-2415";"25.02.2026";"СР";"6 пара (17:05-18:25)";"-"
"ТМ-2415";"25.02.2026";"СР";"7 пара (18:35-19:55)";"-"
"ТМ-2415";"26.02.2026";"ЧТ";"1 пара (08:30-09:55)";"Процессы формообразования и инструменты — вся группа, Саламатина Вера Викторовна, Лесная"
"ТМ-2415";"26.02.2026";"ЧТ";"2 пара (10:05-11:30)";"Процессы формообразования и инструменты — вся группа, Саламатина Вера Викторовна, Лесная"
"ТМ-2415";"26.02.2026";"ЧТ";"3 пара (12:25-13:50)";"Процессы формообразования и инструменты — вся группа, Саламатина Вера Викторовна, Лесная"
"ТМ-2415";"26.02.2026";"ЧТ";"4 пара (14:00-15:25)";"Процессы формообразования и инструменты — вся группа, Саламатина Вера Викторовна, Лесная"
"ТМ-2415";"26.02.2026";"ЧТ";"5 пара (15:35-16:55)";"Процессы формообразования и инструменты — вся группа, Саламатина Вера Викторовна, Лесная"
"ТМ-2415";"26.02.2026";"ЧТ";"6 пара (17:05-18:25)";"-"
"ТМ-2415";"26.02.2026";"ЧТ";"7 пара (18:35-19:55)";"-"
"ТМ-2415";"27.02.2026";"ПТ";"1 пара (08:30-09:55)";"Процессы формообразования и инструменты — вся группа, Саламатина Вера Викторовна, Лесная"
"ТМ-2415";"27.02.2026";"ПТ";"2 пара (10:05-11:30)";"Процессы формообразования и инструменты — вся группа, Саламатина Вера Викторовна, Лесная"
"ТМ-2415";"27.02.2026";"ПТ";"3 пара (12:25-13:50)";"Технология машиностроения — вся группа, Саламатина Вера Викторовна, Лесная"
"ТМ-2415";"27.02.2026";"ПТ";"4 пара (14:00-15:25)";"Технология машиностроения — вся группа, Саламатина Вера Викторовна, Лесная"
"ТМ-2415";"27.02.2026";"ПТ";"5 пара (15:35-16:55)";"Технология машиностроения — вся группа, Саламатина Вера Викторовна, Лесная"
"ТМ-2415";"27.02.2026";"ПТ";"6 пара (17:05-18:25)";"-"
"ТМ-2415";"27.02.2026";"ПТ";"7 пара (18:35-19:55)";"-"
"ТМ-2415";"28.02.2026";"СБ";"1 пара (08:30-09:45)";"Технология машиностроения — вся группа, Саламатина Вера Викторовна, Лесная"
"ТМ-2415";"28.02.2026";"СБ";"2 пара (09:55-11:10)";"Технология машиностроения — вся группа, Саламатина Вера Викторовна, Лесная"
"ТМ-2415";"28.02.2026";"СБ";"3 пара (11:30-12:45)";"Технология машиностроения — вся группа, Саламатина Вера Викторовна, Лесная"
"ТМ-2415";"28.02.2026";"СБ";"4 пара (12:55-14:10)";"Технология машиностроения — вся группа, Саламатина Вера Викторовна, Лесная"
"ТМ-2415";"28.02.2026";"СБ";"5 пара (14:20-15:30)";"Технология машиностроения — вся группа, Саламатина Вера Викторовна, Лесная"
"ТМ-2415";"28.02.2026";"СБ";"6 пара (15:40-16:50)";"-"
"ТМ-2415";"28.02.2026";"СБ";"7 пара (17:00-18:10)";"-"
"ТМ-2415";"02.03.2026";"ПН";"1 пара (09:15-10:40)";"Технология машиностроения — вся группа, Саламатина Вера Викторовна, Лесная"
"ТМ-2415";"02.03.2026";"ПН";"2 пара (10:50-12:15)";"Технология машиностроения — вся группа, Саламатина Вера Викторовна, Лесная"
"ТМ-2415";"02.03.2026";"ПН";"3 пара (13:10-14:35)";"Технология машиностроения — вся группа, Саламатина Вера Викторовна, Лесная"
"ТМ-2415";"02.03.2026";"ПН";"4 пара (14:45-16:10)";"Технология машиностроения — вся группа, Саламатина Вера Викторовна, Лесная"
"ТМ-2415";"02.03.2026";"ПН";"5 пара (16:20-17:40)";"Технология машиностроения — вся группа, Саламатина Вера Викторовна, Лесная"
"ТМ-2415";"02.03.2026";"ПН";"6 пара (17:50-19:10)";"-"
"ТМ-2415";"02.03.2026";"ПН";"7 пара (19:20-20:40)";"-"
"ТМ-2415";"03.03.2026";"ВТ";"1 пара (08:30-09:55)";"Технология машиностроения — вся группа, Саламатина Вера Викторовна, Лесная"
"ТМ-2415";"03.03.2026";"ВТ";"2 пара (10:05-11:30)";"Технология машиностроения — вся группа, Саламатина Вера Викторовна, Лесная"
"ТМ-2415";"03.03.2026";"ВТ";"3 пара (12:25-13:50)";"Технология машиностроения — вся группа, Саламатина Вера Викторовна, Лесная"
"ТМ-2415";"03.03.2026";"ВТ";"4 пара (14:00-15:25)";"Технология машиностроения — вся группа, Саламатина Вера Викторовна, Лесная"
"ТМ-2415";"03.03.2026";"ВТ";"5 пара (15:35-16:55)";"Охрана труда — вся группа, Костарева Наталья Викторовна, Лесная"
"ТМ-2415";"03.03.2026";"ВТ";"6 пара (17:05-18:25)";"-"
"ТМ-2415";"03.03.2026";"ВТ";"7 пара (18:35-19:55)";"-"
"ТМ-2415";"04.03.2026";"СР";"1 пара (08:30-09:55)";"Охрана труда — вся группа, Костарева Наталья Викторовна, Лесная"
"ТМ-2415";"04.03.2026";"СР";"2 пара (10:05-11:30)";"Охрана труда — вся группа, Костарева Наталья Викторовна, Лесная"
"ТМ-2415";"04.03.2026";"СР";"3 пара (12:25-13:50)";"Математика в профессиональной деятельности — вся группа, Нифонтова Ирина Геннадьевна, Лесная"
"ТМ-2415";"04.03.2026";"СР";"4 пара (14:00-15:25)";"Математика в профессиональной деятельности — вся группа, Нифонтова Ирина Геннадьевна, Лесная"
"ТМ-2415";"04.03.2026";"СР";"5 пара (15:35-16:55)";"Математика в профессиональной деятельности — вся группа, Нифонтова Ирина Геннадьевна, Лесная"
"ТМ-2415";"04.03.2026";"СР";"6 пара (17:05-18:25)";"-"
"ТМ-2415";"04.03.2026";"СР";"7 пара (18:35-19:55)";"-"
"ТМ-2415";"05.03.2026";"ЧТ";"1 пара (08:30-09:55)";"-"
"ТМ-2415";"05.03.2026";"ЧТ";"2 пара (10:05-11:30)";"-"
"ТМ-2415";"05.03.2026";"ЧТ";"3 пара (12:25-13:50)";"Математика в профессиональной деятельности — вся группа, Нифонтова Ирина Геннадьевна, Лесная"
"ТМ-2415";"05.03.2026";"ЧТ";"4 пара (14:00-15:25)";"Математика в профессиональной деятельности — вся группа, Нифонтова Ирина Геннадьевна, Лесная"
"ТМ-2415";"05.03.2026";"ЧТ";"5 пара (15:35-16:55)";"Математика в профессиональной деятельности — вся группа, Нифонтова Ирина Геннадьевна, Лесная"
"ТМ-2415";"05.03.2026";"ЧТ";"6 пара (17:05-18:25)";"Охрана труда — вся группа, Костарева Наталья Викторовна, Лесная"
"ТМ-2415";"05.03.2026";"ЧТ";"7 пара (18:35-19:55)";"Охрана труда — вся группа, Костарева Наталья Викторовна, Лесная"
"ТМ-2415";"06.03.2026";"ПТ";"1 пара (08:30-09:55)";"-"
"ТМ-2415";"06.03.2026";"ПТ";"2 пара (10:05-11:30)";"-"
"ТМ-2415";"06.03.2026";"ПТ";"3 пара (12:25-13:50)";"Математика в профессиональной деятельности — вся группа, Нифонтова Ирина Геннадьевна, Лесная"
"ТМ-2415";"06.03.2026";"ПТ";"4 пара (14:00-15:25)";"Математика в профессиональной деятельности — вся группа, Нифонтова Ирина Геннадьевна, Лесная"
"ТМ-2415";"06.03.2026";"ПТ";"5 пара (15:35-16:55)";"Математика в профессиональной деятельности — вся группа, Нифонтова Ирина Геннадьевна, Лесная"
"ТМ-2415";"06.03.2026";"ПТ";"6 пара (17:05-18:25)";"Охрана труда — вся группа, Костарева Наталья Викторовна, Лесная"
"ТМ-2415";"06.03.2026";"ПТ";"7 пара (18:35-19:55)";"Охрана труда — вся группа, Костарева Наталья Викторовна, Лесная"
"ТМ-2415";"07.03.2026";"СБ";"1 пара (08:30-09:45)";"-"
"ТМ-2415";"07.03.2026";"СБ";"2 пара (09:55-11:10)";"-"
"ТМ-2415";"07.03.2026";"СБ";"3 пара (11:30-12:45)";"Математика в профессиональной деятельности — вся группа, Нифонтова Ирина Геннадьевна, Лесная"
"ТМ-2415";"07.03.2026";"СБ";"4 пара (12:55-14:10)";"Математика в профессиональной деятельности — вся группа, Нифонтова Ирина Геннадьевна, Лесная"
"ТМ-2415";"07.03.2026";"СБ";"5 пара (14:20-15:30)";"Математика в профессиональной деятельности — вся группа, Нифонтова Ирина Геннадьевна, Лесная"
"ТМ-2415";"07.03.2026";"СБ";"6 пара (15:40-16:50)";"Охрана труда — вся группа, Костарева Наталья Викторовна, Лесная"
"ТМ-2415";"07.03.2026";"СБ";"7 пара (17:00-18:10)";"Охрана труда — вся группа, Костарева Наталья Викторовна, Лесная"
"ТМ-2415";"09.03.2026";"ПН";"1 пара (09:15-10:40)";"Охрана труда — вся группа, Костарева Наталья Викторовна, Лесная"
"ТМ-2415";"09.03.2026";"ПН";"2 пара (10:50-12:15)";"Охрана труда — вся группа, Костарева Наталья Викторовна, Лесная"
"ТМ-2415";"09.03.2026";"ПН";"3 пара (13:10-14:35)";"Охрана труда — вся группа, Костарева Наталья Викторовна, Лесная"
"ТМ-2415";"09.03.2026";"ПН";"4 пара (14:45-16:10)";"Охрана труда — вся группа, Костарева Наталья Викторовна, Лесная"
"ТМ-2415";"09.03.2026";"ПН";"5 пара (16:20-17:40)";"Охрана труда — вся группа, Костарева Наталья Викторовна, Лесная"
"ТМ-2415";"09.03.2026";"ПН";"6 пара (17:50-19:10)";"-"
"ТМ-2415";"09.03.2026";"ПН";"7 пара (19:20-20:40)";"-"
"ТМ-2415";"10.03.2026";"ВТ";"1 пара (08:30-09:55)";"Охрана труда — вся группа, Костарева Наталья Викторовна, Лесная"
"ТМ-2415";"10.03.2026";"ВТ";"2 пара (10:05-11:30)";"Охрана труда — вся группа, Костарева Наталья Викторовна, Лесная"
"ТМ-2415";"10.03.2026";"ВТ";"3 пара (12:25-13:50)";"Охрана труда — вся группа, Костарева Наталья Викторовна, Лесная"
"ТМ-2415";"10.03.2026";"ВТ";"4 пара (14:00-15:25)";"Охрана труда — вся группа, Костарева Наталья Викторовна, Лесная"
"ТМ-2415";"10.03.2026";"ВТ";"5 пара (15:35-16:55)";"Математика в профессиональной деятельности — вся группа, Нифонтова Ирина Геннадьевна, Лесная"
"ТМ-2415";"10.03.2026";"ВТ";"6 пара (17:05-18:25)";"-"
"ТМ-2415";"10.03.2026";"ВТ";"7 пара (18:35-19:55)";"-"
"ТМ-2415";"11.03.2026";"СР";"1 пара (08:30-09:55)";"Математика в профессиональной деятельности — вся группа, Нифонтова Ирина Геннадьевна, Лесная"
"ТМ-2415";"11.03.2026";"СР";"2 пара (10:05-11:30)";"Математика в профессиональной деятельности — вся группа, Нифонтова Ирина Геннадьевна, Лесная"
"ТМ-2415";"11.03.2026";"СР";"3 пара (12:25-13:50)";"Математика в профессиональной деятельности — вся группа, Нифонтова Ирина Геннадьевна, Лесная"
"ТМ-2415";"11.03.2026";"СР";"4 пара (14:00-15:25)";"Математика в профессиональной деятельности — вся группа, Нифонтова Ирина Геннадьевна, Лесная"
"ТМ-2415";"11.03.2026";"СР";"5 пара (15:35-16:55)";"Математика в профессиональной деятельности — вся группа, Нифонтова Ирина Геннадьевна, Лесная"
"ТМ-2415";"11.03.2026";"СР";"6 пара (17:05-18:25)";"-"
"ТМ-2415";"11.03.2026";"СР";"7 пара (18:35-19:55)";"-"
"ТМ-2415";"12.03.2026";"ЧТ";"1 пара (08:30-09:55)";"Технологическая оснастка — вся группа, Саламатина Вера Викторовна, Лесная"
"ТМ-2415";"12.03.2026";"ЧТ";"2 пара (10:05-11:30)";"Технологическая оснастка — вся группа, Саламатина Вера Викторовна, Лесная"
"ТМ-2415";"12.03.2026";"ЧТ";"3 пара (12:25-13:50)";"Технологическая оснастка — вся группа, Саламатина Вера Викторовна, Лесная"
"ТМ-2415";"12.03.2026";"ЧТ";"4 пара (14:00-15:25)";"Технологическая оснастка — вся группа, Саламатина Вера Викторовна, Лесная"
"ТМ-2415";"12.03.2026";"ЧТ";"5 пара (15:35-16:55)";"Технологическая оснастка — вся группа, Саламатина Вера Викторовна, Лесная"
"ТМ-2415";"12.03.2026";"ЧТ";"6 пара (17:05-18:25)";"-"
"ТМ-2415";"12.03.2026";"ЧТ";"7 пара (18:35-19:55)";"-"
"ТМ-2415";"13.03.2026";"ПТ";"1 пара (08:30-09:55)";"Технологическая оснастка — вся группа, Саламатина Вера Викторовна, Лесная"
"ТМ-2415";"13.03.2026";"ПТ";"2 пара (10:05-11:30)";"Технологическая оснастка — вся группа, Саламатина Вера Викторовна, Лесная"
"ТМ-2415";"13.03.2026";"ПТ";"3 пара (12:25-13:50)";"Технологическая оснастка — вся группа, Саламатина Вера Викторовна, Лесная"
"ТМ-2415";"13.03.2026";"ПТ";"4 пара (14:00-15:25)";"Технологическая оснастка — вся группа, Саламатина Вера Викторовна, Лесная"
"ТМ-2415";"13.03.2026";"ПТ";"5 пара (15:35-16:55)";"Технологическая оснастка — вся группа, Саламатина Вера Викторовна, Лесная"
"ТМ-2415";"13.03.2026";"ПТ";"6 пара (17:05-18:25)";"-"
"ТМ-2415";"13.03.2026";"ПТ";"7 пара (18:35-19:55)";"-"
"ТМ-2415";"14.03.2026";"СБ";"1 пара (08:30-09:45)";"Технологическая оснастка — вся группа, Саламатина Вера Викторовна, Лесная"
"ТМ-2415";"14.03.2026";"СБ";"2 пара (09:55-11:10)";"Технологическая оснастка — вся группа, Саламатина Вера Викторовна, Лесная"
"ТМ-2415";"14.03.2026";"СБ";"3 пара (11:30-12:45)";"Технологическая оснастка — вся группа, Саламатина Вера Викторовна, Лесная"
"ТМ-2415";"14.03.2026";"СБ";"4 пара (12:55-14:10)";"Технологическая оснастка — вся группа, Саламатина Вера Викторовна, Лесная"
"ТМ-2415";"14.03.2026";"СБ";"5 пара (14:20-15:30)";"Технологическая оснастка — вся группа, Саламатина Вера Викторовна, Лесная"
"ТМ-2415";"14.03.2026";"СБ";"6 пара (15:40-16:50)";"-"
"ТМ-2415";"14.03.2026";"СБ";"7 пара (17:00-18:10)";"-"
"ТМ-2415";"16.03.2026";"ПН";"1 пара (09:15-10:40)";"Технологическая оснастка — вся группа, Саламатина Вера Викторовна, Лесная"
"ТМ-2415";"16.03.2026";"ПН";"2 пара (10:50-12:15)";"Технологическая оснастка — вся группа, Саламатина Вера Викторовна, Лесная"
"ТМ-2415";"16.03.2026";"ПН";"3 пара (13:10-14:35)";"Технологическая оснастка — вся группа, Саламатина Вера Викторовна, Лесная"
"ТМ-2415";"16.03.2026";"ПН";"4 пара (14:45-16:10)";"Компас 3D — вся группа, Симаков Семен Данилович, Лесная"
"ТМ-2415";"16.03.2026";"ПН";"5 пара (16:20-17:40)";"Компас 3D — вся группа, Симаков Семен Данилович, Лесная"
"ТМ-2415";"16.03.2026";"ПН";"6 пара (17:50-19:10)";"-"
"ТМ-2415";"16.03.2026";"ПН";"7 пара (19:20-20:40)";"-"
"ТМ-2415";"17.03.2026";"ВТ";"1 пара (08:30-09:55)";"Компас 3D — вся группа, Симаков Семен Данилович, Лесная"
"ТМ-2415";"17.03.2026";"ВТ";"2 пара (10:05-11:30)";"Компас 3D — вся группа, Симаков Семен Данилович, Лесная"
"ТМ-2415";"17.03.2026";"ВТ";"3 пара (12:25-13:50)";"Компас 3D — вся группа, Симаков Семен Данилович, Лесная"
"ТМ-2415";"17.03.2026";"ВТ";"4 пара (14:00-15:25)";"Компас 3D — вся группа, Симаков Семен Данилович, Лесная"
"ТМ-2415";"17.03.2026";"ВТ";"5 пара (15:35-16:55)";"Компас 3D — вся группа, Симаков Семен Данилович, Лесная"
"ТМ-2415";"17.03.2026";"ВТ";"6 пара (17:05-18:25)";"-"
"ТМ-2415";"17.03.2026";"ВТ";"7 пара (18:35-19:55)";"-"
"ТМ-2415";"18.03.2026";"СР";"1 пара (08:30-09:55)";"Компас 3D — вся группа, Симаков Семен Данилович, Лесная"
"ТМ-2415";"18.03.2026";"СР";"2 пара (10:05-11:30)";"Компас 3D — вся группа, Симаков Семен Данилович, Лесная"
"ТМ-2415";"18.03.2026";"СР";"3 пара (12:25-13:50)";"Компас 3D — вся группа, Симаков Семен Данилович, Лесная"
"ТМ-2415";"18.03.2026";"СР";"4 пара (14:00-15:25)";"Компас 3D — вся группа, Симаков Семен Данилович, Лесная"
"ТМ-2415";"18.03.2026";"СР";"5 пара (15:35-16:55)";"Компас 3D — вся группа, Симаков Семен Данилович, Лесная"
"ТМ-2415";"18.03.2026";"СР";"6 пара (17:05-18:25)";"-"
"ТМ-2415";"18.03.2026";"СР";"7 пара (18:35-19:55)";"-"
"ТМ-2415";"19.03.2026";"ЧТ";"1 пара (08:30-09:55)";"ЛПЗ Компас 3D — 1 п/г, Симаков Семен Данилович, Лесная"
"ТМ-2415";"19.03.2026";"ЧТ";"2 пара (10:05-11:30)";"ЛПЗ Компас 3D — 2 п/г, Симаков Семен Данилович, Лесная | ЛПЗ Информационные технологии в профессиональной деятельности — 1 п/г, Азарян Карине Айказовна, Лесная"
"ТМ-2415";"19.03.2026";"ЧТ";"3 пара (12:25-13:50)";"ЛПЗ Компас 3D — 2 п/г, Симаков Семен Данилович, Лесная | ЛПЗ Информационные технологии в профессиональной деятельности — 1 п/г, Азарян Карине Айказовна, Лесная"
"ТМ-2415";"19.03.2026";"ЧТ";"4 пара (14:00-15:25)";"ЛПЗ Компас 3D — 2 п/г, Симаков Семен Данилович, Лесная | ЛПЗ Информационные технологии в профессиональной деятельности — 1 п/г, Азарян Карине Айказовна, Лесная"
"ТМ-2415";"19.03.2026";"ЧТ";"5 пара (15:35-16:55)";"ЛПЗ Компас 3D — 2 п/г, Симаков Семен Данилович, Лесная | ЛПЗ Информационные технологии в профессиональной деятельности — 1 п/г, Азарян Карине Айказовна, Лесная"
"ТМ-2415";"19.03.2026";"ЧТ";"6 пара (17:05-18:25)";"ЛПЗ Компас 3D — 2 п/г, Симаков Семен Данилович, Лесная"
"ТМ-2415";"19.03.2026";"ЧТ";"7 пара (18:35-19:55)";"-"
"ТМ-2415";"20.03.2026";"ПТ";"1 пара (08:30-09:55)";"ЛПЗ Компас 3D — 2 п/г, Симаков Семен Данилович, Лесная | ЛПЗ Информационные технологии в профессиональной деятельности — 1 п/г, Азарян Карине Айказовна, Лесная"
"ТМ-2415";"20.03.2026";"ПТ";"2 пара (10:05-11:30)";"Информационные технологии в профессиональной деятельности — вся группа, Азарян Карине Айказовна, Лесная"
"ТМ-2415";"20.03.2026";"ПТ";"3 пара (12:25-13:50)";"Информационные технологии в профессиональной деятельности — вся группа, Азарян Карине Айказовна, Лесная"
"ТМ-2415";"20.03.2026";"ПТ";"4 пара (14:00-15:25)";"Информационные технологии в профессиональной деятельности — вся группа, Азарян Карине Айказовна, Лесная"
"ТМ-2415";"20.03.2026";"ПТ";"5 пара (15:35-16:55)";"Информационные технологии в профессиональной деятельности — вся группа, Азарян Карине Айказовна, Лесная"
"ТМ-2415";"20.03.2026";"ПТ";"6 пара (17:05-18:25)";"-"
"ТМ-2415";"20.03.2026";"ПТ";"7 пара (18:35-19:55)";"-"
"ТМ-2415";"21.03.2026";"СБ";"1 пара (08:30-09:45)";"Информационные технологии в профессиональной деятельности — вся группа, Азарян Карине Айказовна, Лесная"
"ТМ-2415";"21.03.2026";"СБ";"2 пара (09:55-11:10)";"Информационные технологии в профессиональной деятельности — вся группа, Азарян Карине Айказовна, Лесная"
"ТМ-2415";"21.03.2026";"СБ";"3 пара (11:30-12:45)";"Информационные технологии в профессиональной деятельности — вся группа, Азарян Карине Айказовна, Лесная"
"ТМ-2415";"21.03.2026";"СБ";"4 пара (12:55-14:10)";"ЛПЗ Информационные технологии в профессиональной деятельности — 1 п/г, Азарян Карине Айказовна, Лесная | ЛПЗ МДК.01.01 Разработка технологических процессов изготовления деталей машин с применением систем автоматизированного проектирования — 2 п/г, Вальдиянов Ян Мансурович, Лесная"
"ТМ-2415";"21.03.2026";"СБ";"5 пара (14:20-15:30)";"ЛПЗ Информационные технологии в профессиональной деятельности — 1 п/г, Азарян Карине Айказовна, Лесная | ЛПЗ МДК.01.01 Разработка технологических процессов изготовления деталей машин с применением систем автоматизированного проектирования — 2 п/г, Вальдиянов Ян Мансурович, Лесная"
"ТМ-2415";"21.03.2026";"СБ";"6 пара (15:40-16:50)";"-"
"ТМ-2415";"21.03.2026";"СБ";"7 пара (17:00-18:10)";"-"
"ТМ-2415";"23.03.2026";"ПН";"1 пара (09:15-10:40)";"ЛПЗ Информационные технологии в профессиональной деятельности — 1 п/г, Азарян Карине Айказовна, Лесная"
"ТМ-2415";"23.03.2026";"ПН";"2 пара (10:50-12:15)";"ЛПЗ Информационные технологии в профессиональной деятельности — 1 п/г, Азарян Карине Айказовна, Лесная"
"ТМ-2415";"23.03.2026";"ПН";"3 пара (13:10-14:35)";"ЛПЗ Информационные технологии в профессиональной деятельности — 1 п/г, Азарян Карине Айказовна, Лесная | ЛПЗ МДК.01.01 Разработка технологических процессов изготовления деталей машин с применением систем автоматизированного проектирования — 2 п/г, Вальдиянов Ян Мансурович, Лесная"
"ТМ-2415";"23.03.2026";"ПН";"4 пара (14:45-16:10)";"ЛПЗ Информационные технологии в профессиональной деятельности — 1 п/г, Азарян Карине Айказовна, Лесная | ЛПЗ МДК.01.01 Разработка технологических процессов изготовления деталей машин с применением систем автоматизированного проектирования — 2 п/г, Вальдиянов Ян Мансурович, Лесная"
"ТМ-2415";"23.03.2026";"ПН";"5 пара (16:20-17:40)";"ЛПЗ Информационные технологии в профессиональной деятельности — 2 п/г, Азарян Карине Айказовна, Лесная | ЛПЗ МДК.01.01 Разработка технологических процессов изготовления деталей машин с применением систем автоматизированного проектирования — 1 п/г, Вальдиянов Ян Мансурович, Лесная"
"ТМ-2415";"23.03.2026";"ПН";"6 пара (17:50-19:10)";"ЛПЗ Информационные технологии в профессиональной деятельности — 2 п/г, Азарян Карине Айказовна, Лесная"
"ТМ-2415";"23.03.2026";"ПН";"7 пара (19:20-20:40)";"ЛПЗ Информационные технологии в профессиональной деятельности — 2 п/г, Азарян Карине Айказовна, Лесная"
"ТМ-2415";"24.03.2026";"ВТ";"1 пара (08:30-09:55)";"ЛПЗ Информационные технологии в профессиональной деятельности — 2 п/г, Азарян Карине Айказовна, Лесная | ЛПЗ МДК.01.01 Разработка технологических процессов изготовления деталей машин с применением систем автоматизированного проектирования — 1 п/г, Вальдиянов Ян Мансурович, Лесная"
"ТМ-2415";"24.03.2026";"ВТ";"2 пара (10:05-11:30)";"ЛПЗ Информационные технологии в профессиональной деятельности — 2 п/г, Азарян Карине Айказовна, Лесная | ЛПЗ МДК.01.01 Разработка технологических процессов изготовления деталей машин с применением систем автоматизированного проектирования — 1 п/г, Вальдиянов Ян Мансурович, Лесная"
"ТМ-2415";"24.03.2026";"ВТ";"3 пара (12:25-13:50)";"ЛПЗ Информационные технологии в профессиональной деятельности — 2 п/г, Азарян Карине Айказовна, Лесная | ЛПЗ МДК.01.01 Разработка технологических процессов изготовления деталей машин с применением систем автоматизированного проектирования — 1 п/г, Вальдиянов Ян Мансурович, Лесная"
"ТМ-2415";"24.03.2026";"ВТ";"4 пара (14:00-15:25)";"ЛПЗ Информационные технологии в профессиональной деятельности — 2 п/г, Азарян Карине Айказовна, Лесная | ЛПЗ МДК.01.01 Разработка технологических процессов изготовления деталей машин с применением систем автоматизированного проектирования — 1 п/г, Вальдиянов Ян Мансурович, Лесная"
"ТМ-2415";"24.03.2026";"ВТ";"5 пара (15:35-16:55)";"ЛПЗ Информационные технологии в профессиональной деятельности — 2 п/г, Азарян Карине Айказовна, Лесная | ЛПЗ МДК.01.01 Разработка технологических процессов изготовления деталей машин с применением систем автоматизированного проектирования — 1 п/г, Вальдиянов Ян Мансурович, Лесная"
"ТМ-2415";"24.03.2026";"ВТ";"6 пара (17:05-18:25)";"-"
"ТМ-2415";"24.03.2026";"ВТ";"7 пара (18:35-19:55)";"-"
"ТМ-2415";"25.03.2026";"СР";"1 пара (08:30-09:55)";"ЛПЗ Информационные технологии в профессиональной деятельности — 2 п/г, Азарян Карине Айказовна, Лесная | ЛПЗ МДК.01.01 Разработка технологических процессов изготовления деталей машин с применением систем автоматизированного проектирования — 1 п/г, Вальдиянов Ян Мансурович, Лесная"
"ТМ-2415";"25.03.2026";"СР";"2 пара (10:05-11:30)";"ЛПЗ Информационные технологии в профессиональной деятельности — 2 п/г, Азарян Карине Айказовна, Лесная | ЛПЗ МДК.01.01 Разработка технологических процессов изготовления деталей машин с применением систем автоматизированного проектирования — 1 п/г, Вальдиянов Ян Мансурович, Лесная"
"ТМ-2415";"25.03.2026";"СР";"3 пара (12:25-13:50)";"ЛПЗ Информационные технологии в профессиональной деятельности — 2 п/г, Азарян Карине Айказовна, Лесная | ЛПЗ МДК.01.02 Оформление технологической документации по процессам изготовления деталей машин — 1 п/г, Саламатина Вера Викторовна, Лесная"
"ТМ-2415";"25.03.2026";"СР";"4 пара (14:00-15:25)";"МДК.01.01 Разработка технологических процессов изготовления деталей машин с применением систем автоматизированного проектирования — вся группа, Вальдиянов Ян Мансурович, Лесная"
"ТМ-2415";"25.03.2026";"СР";"5 пара (15:35-16:55)";"МДК.01.01 Разработка технологических процессов изготовления деталей машин с применением систем автоматизированного проектирования — вся группа, Вальдиянов Ян Мансурович, Лесная"
"ТМ-2415";"25.03.2026";"СР";"6 пара (17:05-18:25)";"-"
"ТМ-2415";"25.03.2026";"СР";"7 пара (18:35-19:55)";"-"
"ТМ-2415";"26.03.2026";"ЧТ";"1 пара (08:30-09:55)";"МДК.01.01 Разработка технологических процессов изготовления деталей машин с применением систем автоматизированного проектирования — вся группа, Вальдиянов Ян Мансурович, Лесная"
"ТМ-2415";"26.03.2026";"ЧТ";"2 пара (10:05-11:30)";"МДК.01.01 Разработка технологических процессов изготовления деталей машин с применением систем автоматизированного проектирования — вся группа, Вальдиянов Ян Мансурович, Лесная"
"ТМ-2415";"26.03.2026";"ЧТ";"3 пара (12:25-13:50)";"МДК.01.01 Разработка технологических процессов изготовления деталей машин с применением систем автоматизированного проектирования — вся группа, Вальдиянов Ян Мансурович, Лесная"
"ТМ-2415";"26.03.2026";"ЧТ";"4 пара (14:00-15:25)";"МДК.01.01 Разработка технологических процессов изготовления деталей машин с применением систем автоматизированного проектирования — вся группа, Вальдиянов Ян Мансурович, Лесная"
"ТМ-2415";"26.03.2026";"ЧТ";"5 пара (15:35-16:55)";"МДК.01.01 Разработка технологических процессов изготовления деталей машин с применением систем автоматизированного проектирования — вся группа, Вальдиянов Ян Мансурович, Лесная"
"ТМ-2415";"26.03.2026";"ЧТ";"6 пара (17:05-18:25)";"-"
"ТМ-2415";"26.03.2026";"ЧТ";"7 пара (18:35-19:55)";"-"
"ТМ-2415";"27.03.2026";"ПТ";"1 пара (08:30-09:55)";"МДК.01.01 Разработка технологических процессов изготовления деталей машин с применением систем автоматизированного проектирования — вся группа, Вальдиянов Ян Мансурович, Лесная"
"ТМ-2415";"27.03.2026";"ПТ";"2 пара (10:05-11:30)";"МДК.01.01 Разработка технологических процессов изготовления деталей машин с применением систем автоматизированного проектирования — вся группа, Вальдиянов Ян Мансурович, Лесная"
"ТМ-2415";"27.03.2026";"ПТ";"3 пара (12:25-13:50)";"МДК.01.01 Разработка технологических процессов изготовления деталей машин с применением систем автоматизированного проектирования — вся группа, Вальдиянов Ян Мансурович, Лесная"
"ТМ-2415";"27.03.2026";"ПТ";"4 пара (14:00-15:25)";"МДК.01.01 Разработка технологических процессов изготовления деталей машин с применением систем автоматизированного проектирования — вся группа, Вальдиянов Ян Мансурович, Лесная"
"ТМ-2415";"27.03.2026";"ПТ";"5 пара (15:35-16:55)";"ЛПЗ МДК.01.01 Разработка технологических процессов изготовления деталей машин с применением систем автоматизированного проектирования — 2 п/г, Вальдиянов Ян Мансурович, Лесная | ЛПЗ МДК.01.02 Оформление технологической документации по процессам изготовления деталей машин — 1 п/г, Саламатина Вера Викторовна, Лесная"
"ТМ-2415";"27.03.2026";"ПТ";"6 пара (17:05-18:25)";"-"
"ТМ-2415";"27.03.2026";"ПТ";"7 пара (18:35-19:55)";"-"
"ТМ-2415";"28.03.2026";"СБ";"1 пара (08:30-09:45)";"ЛПЗ МДК.01.01 Разработка технологических процессов изготовления деталей машин с применением систем автоматизированного проектирования — 2 п/г, Вальдиянов Ян Мансурович, Лесная | ЛПЗ МДК.01.02 Оформление технологической документации по процессам изготовления деталей машин — 1 п/г, Саламатина Вера Викторовна, Лесная"
"ТМ-2415";"28.03.2026";"СБ";"2 пара (09:55-11:10)";"ЛПЗ МДК.01.01 Разработка технологических процессов изготовления деталей машин с применением систем автоматизированного проектирования — 2 п/г, Вальдиянов Ян Мансурович, Лесная | ЛПЗ МДК.01.02 Оформление технологической документации по процессам изготовления деталей машин — 1 п/г, Саламатина Вера Викторовна, Лесная"
"ТМ-2415";"28.03.2026";"СБ";"3 пара (11:30-12:45)";"ЛПЗ МДК.01.01 Разработка технологических процессов изготовления деталей машин с применением систем автоматизированного проектирования — 2 п/г, Вальдиянов Ян Мансурович, Лесная | ЛПЗ МДК.01.02 Оформление технологической документации по процессам изготовления деталей машин — 1 п/г, Саламатина Вера Викторовна, Лесная"
"ТМ-2415";"28.03.2026";"СБ";"4 пара (12:55-14:10)";"МДК.01.02 Оформление технологической документации по процессам изготовления деталей машин — вся группа, Саламатина Вера Викторовна, Лесная"
"ТМ-2415";"28.03.2026";"СБ";"5 пара (14:20-15:30)";"МДК.01.02 Оформление технологической документации по процессам изготовления деталей машин — вся группа, Саламатина Вера Викторовна, Лесная"
"ТМ-2415";"28.03.2026";"СБ";"6 пара (15:40-16:50)";"-"
"ТМ-2415";"28.03.2026";"СБ";"7 пара (17:00-18:10)";"-"
"ТМ-2415";"30.03.2026";"ПН";"1 пара (09:15-10:40)";"МДК.01.02 Оформление технологической документации по процессам изготовления деталей машин — вся группа, Саламатина Вера Викторовна, Лесная"
"ТМ-2415";"30.03.2026";"ПН";"2 пара (10:50-12:15)";"МДК.01.02 Оформление технологической документации по процессам изготовления деталей машин — вся группа, Саламатина Вера Викторовна, Лесная"
"ТМ-2415";"30.03.2026";"ПН";"3 пара (13:10-14:35)";"МДК.01.02 Оформление технологической документации по процессам изготовления деталей машин — вся группа, Саламатина Вера Викторовна, Лесная"
"ТМ-2415";"30.03.2026";"ПН";"4 пара (14:45-16:10)";"МДК.01.02 Оформление технологической документации по процессам изготовления деталей машин — вся группа, Саламатина Вера Викторовна, Лесная"
"ТМ-2415";"30.03.2026";"ПН";"5 пара (16:20-17:40)";"МДК.01.02 Оформление технологической документации по процессам изготовления деталей машин — вся группа, Саламатина Вера Викторовна, Лесная"
"ТМ-2415";"30.03.2026";"ПН";"6 пара (17:50-19:10)";"-"
"ТМ-2415";"30.03.2026";"ПН";"7 пара (19:20-20:40)";"-"
"ТМ-2415";"31.03.2026";"ВТ";"1 пара (08:30-09:55)";"МДК.01.02 Оформление технологической документации по процессам изготовления деталей машин — вся группа, Саламатина Вера Викторовна, Лесная"
"ТМ-2415";"31.03.2026";"ВТ";"2 пара (10:05-11:30)";"МДК.01.02 Оформление технологической документации по процессам изготовления деталей машин — вся группа, Саламатина Вера Викторовна, Лесная"
"ТМ-2415";"31.03.2026";"ВТ";"3 пара (12:25-13:50)";"ЛПЗ МДК.01.02 Оформление технологической документации по процессам изготовления деталей машин — 1 п/г, Саламатина Вера Викторовна, Лесная | ЛПЗ МДК.02.01 Разработка и внедрение управляющих программ изготовления деталей машин — 2 п/г, Вальдиянов Ян Мансурович, Лесная"
"ТМ-2415";"31.03.2026";"ВТ";"4 пара (14:00-15:25)";"ЛПЗ МДК.01.02 Оформление технологической документации по процессам изготовления деталей машин — 2 п/г, Саламатина Вера Викторовна, Лесная | ЛПЗ МДК.02.01 Разработка и внедрение управляющих программ изготовления деталей машин — 1 п/г, Вальдиянов Ян Мансурович, Лесная"
"ТМ-2415";"31.03.2026";"ВТ";"5 пара (15:35-16:55)";"ЛПЗ МДК.01.02 Оформление технологической документации по процессам изготовления деталей машин — 2 п/г, Саламатина Вера Викторовна, Лесная | ЛПЗ МДК.02.01 Разработка и внедрение управляющих программ изготовления деталей машин — 1 п/г, Вальдиянов Ян Мансурович, Лесная"
"ТМ-2415";"31.03.2026";"ВТ";"6 пара (17:05-18:25)";"-"
"ТМ-2415";"31.03.2026";"ВТ";"7 пара (18:35-19:55)";"-"
"ТМ-2415";"01.04.2026";"СР";"1 пара (08:30-09:55)";"ЛПЗ МДК.01.02 Оформление технологической документации по процессам изготовления деталей машин — 2 п/г, Саламатина Вера Викторовна, Лесная | ЛПЗ МДК.02.01 Разработка и внедрение управляющих программ изготовления деталей машин — 1 п/г, Вальдиянов Ян Мансурович, Лесная"
"ТМ-2415";"01.04.2026";"СР";"2 пара (10:05-11:30)";"ЛПЗ МДК.01.02 Оформление технологической документации по процессам изготовления деталей машин — 2 п/г, Саламатина Вера Викторовна, Лесная | ЛПЗ МДК.02.01 Разработка и внедрение управляющих программ изготовления деталей машин — 1 п/г, Вальдиянов Ян Мансурович, Лесная"
"ТМ-2415";"01.04.2026";"СР";"3 пара (12:25-13:50)";"ЛПЗ МДК.01.02 Оформление технологической документации по процессам изготовления деталей машин — 2 п/г, Саламатина Вера Викторовна, Лесная | ЛПЗ МДК.02.01 Разработка и внедрение управляющих программ изготовления деталей машин — 1 п/г, Вальдиянов Ян Мансурович, Лесная"
"ТМ-2415";"01.04.2026";"СР";"4 пара (14:00-15:25)";"ЛПЗ МДК.01.02 Оформление технологической документации по процессам изготовления деталей машин — 2 п/г, Саламатина Вера Викторовна, Лесная | ЛПЗ МДК.02.01 Разработка и внедрение управляющих программ изготовления деталей машин — 1 п/г, Вальдиянов Ян Мансурович, Лесная"
"ТМ-2415";"01.04.2026";"СР";"5 пара (15:35-16:55)";"МДК.02.01 Разработка и внедрение управляющих программ изготовления деталей машин — вся группа, Вальдиянов Ян Мансурович, Лесная"
"ТМ-2415";"01.04.2026";"СР";"6 пара (17:05-18:25)";"-"
"ТМ-2415";"01.04.2026";"СР";"7 пара (18:35-19:55)";"-"
"ТМ-2415";"02.04.2026";"ЧТ";"1 пара (08:30-09:55)";"МДК.02.01 Разработка и внедрение управляющих программ изготовления деталей машин — вся группа, Вальдиянов Ян Мансурович, Лесная"
"ТМ-2415";"02.04.2026";"ЧТ";"2 пара (10:05-11:30)";"МДК.02.01 Разработка и внедрение управляющих программ изготовления деталей машин — вся группа, Вальдиянов Ян Мансурович, Лесная"
"ТМ-2415";"02.04.2026";"ЧТ";"3 пара (12:25-13:50)";"МДК.02.01 Разработка и внедрение управляющих программ изготовления деталей машин — вся группа, Вальдиянов Ян Мансурович, Лесная"
"ТМ-2415";"02.04.2026";"ЧТ";"4 пара (14:00-15:25)";"МДК.02.01 Разработка и внедрение управляющих программ изготовления деталей машин — вся группа, Вальдиянов Ян Мансурович, Лесная"
"ТМ-2415";"02.04.2026";"ЧТ";"5 пара (15:35-16:55)";"МДК.02.01 Разработка и внедрение управляющих программ изготовления деталей машин — вся группа, Вальдиянов Ян Мансурович, Лесная"
"ТМ-2415";"02.04.2026";"ЧТ";"6 пара (17:05-18:25)";"-"
"ТМ-2415";"02.04.2026";"ЧТ";"7 пара (18:35-19:55)";"-"
"ТМ-2415";"03.04.2026";"ПТ";"1 пара (08:30-09:55)";"МДК.02.01 Разработка и внедрение управляющих программ изготовления деталей машин — вся группа, Вальдиянов Ян Мансурович, Лесная"
"ТМ-2415";"03.04.2026";"ПТ";"2 пара (10:05-11:30)";"МДК.02.01 Разработка и внедрение управляющих программ изготовления деталей машин — вся группа, Вальдиянов Ян Мансурович, Лесная"
"ТМ-2415";"03.04.2026";"ПТ";"3 пара (12:25-13:50)";"МДК.02.01 Разработка и внедрение управляющих программ изготовления деталей машин — вся группа, Вальдиянов Ян Мансурович, Лесная"
"ТМ-2415";"03.04.2026";"ПТ";"4 пара (14:00-15:25)";"ЛПЗ МДК.02.01 Разработка и внедрение управляющих программ изготовления деталей машин — 1 п/г, Вальдиянов Ян Мансурович, Лесная | ЛПЗ ВМДК.07.01 Технология обработки на металлорежущих станках — 2 п/г, Клабуков Василий Витальевич, Лесная"
"ТМ-2415";"03.04.2026";"ПТ";"5 пара (15:35-16:55)";"ЛПЗ МДК.02.01 Разработка и внедрение управляющих программ изготовления деталей машин — 1 п/г, Вальдиянов Ян Мансурович, Лесная | ЛПЗ ВМДК.07.01 Технология обработки на металлорежущих станках — 2 п/г, Клабуков Василий Витальевич, Лесная"
"ТМ-2415";"03.04.2026";"ПТ";"6 пара (17:05-18:25)";"-"
"ТМ-2415";"03.04.2026";"ПТ";"7 пара (18:35-19:55)";"-"
"ТМ-2415";"04.04.2026";"СБ";"1 пара (08:30-09:45)";"ЛПЗ МДК.02.01 Разработка и внедрение управляющих программ изготовления деталей машин — 1 п/г, Вальдиянов Ян Мансурович, Лесная"
"ТМ-2415";"04.04.2026";"СБ";"2 пара (09:55-11:10)";"ЛПЗ МДК.02.01 Разработка и внедрение управляющих программ изготовления деталей машин — 1 п/г, Вальдиянов Ян Мансурович, Лесная"
"ТМ-2415";"04.04.2026";"СБ";"3 пара (11:30-12:45)";"ЛПЗ МДК.02.01 Разработка и внедрение управляющих программ изготовления деталей машин — 1 п/г, Вальдиянов Ян Мансурович, Лесная | ЛПЗ ВМДК.07.01 Технология обработки на металлорежущих станках — 2 п/г, Клабуков Василий Витальевич, Лесная"
"ТМ-2415";"04.04.2026";"СБ";"4 пара (12:55-14:10)";"ЛПЗ МДК.02.01 Разработка и внедрение управляющих программ изготовления деталей машин — 1 п/г, Вальдиянов Ян Мансурович, Лесная | ЛПЗ ВМДК.07.01 Технология обработки на металлорежущих станках — 2 п/г, Клабуков Василий Витальевич, Лесная"
"ТМ-2415";"04.04.2026";"СБ";"5 пара (14:20-15:30)";"ЛПЗ МДК.02.01 Разработка и внедрение управляющих программ изготовления деталей машин — 1 п/г, Вальдиянов Ян Мансурович, Лесная | ЛПЗ ВМДК.07.01 Технология обработки на металлорежущих станках — 2 п/г, Клабуков Василий Витальевич, Лесная"
"ТМ-2415";"04.04.2026";"СБ";"6 пара (15:40-16:50)";"ЛПЗ МДК.02.01 Разработка и внедрение управляющих программ изготовления деталей машин — 2 п/г, Вальдиянов Ян Мансурович, Лесная"
"ТМ-2415";"04.04.2026";"СБ";"7 пара (17:00-18:10)";"ЛПЗ МДК.02.01 Разработка и внедрение управляющих программ изготовления деталей машин — 2 п/г, Вальдиянов Ян Мансурович, Лесная"
"ТМ-2415";"06.04.2026";"ПН";"1 пара (09:15-10:40)";"ЛПЗ МДК.02.01 Разработка и внедрение управляющих программ изготовления деталей машин — 1 п/г, Вальдиянов Ян Мансурович, Лесная"
"ТМ-2415";"06.04.2026";"ПН";"2 пара (10:50-12:15)";"ЛПЗ МДК.02.01 Разработка и внедрение управляющих программ изготовления деталей машин — 1 п/г, Вальдиянов Ян Мансурович, Лесная"
"ТМ-2415";"06.04.2026";"ПН";"3 пара (13:10-14:35)";"ЛПЗ МДК.02.01 Разработка и внедрение управляющих программ изготовления деталей машин — 1 п/г, Вальдиянов Ян Мансурович, Лесная | ЛПЗ ВМДК.07.01 Технология обработки на металлорежущих станках — 2 п/г, Клабуков Василий Витальевич, Лесная"
"ТМ-2415";"06.04.2026";"ПН";"4 пара (14:45-16:10)";"ЛПЗ МДК.02.01 Разработка и внедрение управляющих программ изготовления деталей машин — 2 п/г, Вальдиянов Ян Мансурович, Лесная | ЛПЗ ВМДК.07.01 Технология обработки на металлорежущих станках — 1 п/г, Клабуков Василий Витальевич, Лесная"
"ТМ-2415";"06.04.2026";"ПН";"5 пара (16:20-17:40)";"ЛПЗ МДК.02.01 Разработка и внедрение управляющих программ изготовления деталей машин — 2 п/г, Вальдиянов Ян Мансурович, Лесная | ЛПЗ ВМДК.07.01 Технология обработки на металлорежущих станках — 1 п/г, Клабуков Василий Витальевич, Лесная"
"ТМ-2415";"06.04.2026";"ПН";"6 пара (17:50-19:10)";"ЛПЗ МДК.02.01 Разработка и внедрение управляющих программ изготовления деталей машин — 2 п/г, Вальдиянов Ян Мансурович, Лесная"
"ТМ-2415";"06.04.2026";"ПН";"7 пара (19:20-20:40)";"ЛПЗ МДК.02.01 Разработка и внедрение управляющих программ изготовления деталей машин — 2 п/г, Вальдиянов Ян Мансурович, Лесная"
"ТМ-2415";"07.04.2026";"ВТ";"1 пара (08:30-09:55)";"ЛПЗ МДК.02.01 Разработка и внедрение управляющих программ изготовления деталей машин — 2 п/г, Вальдиянов Ян Мансурович, Лесная | ЛПЗ ВМДК.07.01 Технология обработки на металлорежущих станках — 1 п/г, Клабуков Василий Витальевич, Лесная"
"ТМ-2415";"07.04.2026";"ВТ";"2 пара (10:05-11:30)";"ЛПЗ МДК.02.01 Разработка и внедрение управляющих программ изготовления деталей машин — 2 п/г, Вальдиянов Ян Мансурович, Лесная | ЛПЗ ВМДК.07.01 Технология обработки на металлорежущих станках — 1 п/г, Клабуков Василий Витальевич, Лесная"
"ТМ-2415";"07.04.2026";"ВТ";"3 пара (12:25-13:50)";"ЛПЗ МДК.02.01 Разработка и внедрение управляющих программ изготовления деталей машин — 2 п/г, Вальдиянов Ян Мансурович, Лесная | ЛПЗ ВМДК.07.01 Технология обработки на металлорежущих станках — 1 п/г, Клабуков Василий Витальевич, Лесная"
"ТМ-2415";"07.04.2026";"ВТ";"4 пара (14:00-15:25)";"ЛПЗ МДК.02.01 Разработка и внедрение управляющих программ изготовления деталей машин — 2 п/г, Вальдиянов Ян Мансурович, Лесная | ЛПЗ ВМДК.07.01 Технология обработки на металлорежущих станках — 1 п/г, Клабуков Василий Витальевич, Лесная"
"ТМ-2415";"07.04.2026";"ВТ";"5 пара (15:35-16:55)";"ЛПЗ МДК.02.01 Разработка и внедрение управляющих программ изготовления деталей машин — 2 п/г, Вальдиянов Ян Мансурович, Лесная | ЛПЗ ВМДК.07.01 Технология обработки на металлорежущих станках — 1 п/г, Клабуков Василий Витальевич, Лесная"
"ТМ-2415";"07.04.2026";"ВТ";"6 пара (17:05-18:25)";"-"
"ТМ-2415";"07.04.2026";"ВТ";"7 пара (18:35-19:55)";"-"
"ТМ-2415";"08.04.2026";"СР";"1 пара (08:30-09:55)";"ЛПЗ МДК.02.01 Разработка и внедрение управляющих программ изготовления деталей машин — 2 п/г, Вальдиянов Ян Мансурович, Лесная | ЛПЗ ВМДК.07.01 Технология обработки на металлорежущих станках — 1 п/г, Клабуков Василий Витальевич, Лесная"
"ТМ-2415";"08.04.2026";"СР";"2 пара (10:05-11:30)";"ЛПЗ МДК.02.01 Разработка и внедрение управляющих программ изготовления деталей машин — 2 п/г, Вальдиянов Ян Мансурович, Лесная | ЛПЗ ВМДК.07.01 Технология обработки на металлорежущих станках — 1 п/г, Клабуков Василий Витальевич, Лесная"
"ТМ-2415";"08.04.2026";"СР";"3 пара (12:25-13:50)";"ЛПЗ МДК.02.01 Разработка и внедрение управляющих программ изготовления деталей машин — 2 п/г, Вальдиянов Ян Мансурович, Лесная | ЛПЗ ВМДК.07.01 Технология обработки на металлорежущих станках — 1 п/г, Клабуков Василий Витальевич, Лесная"
"ТМ-2415";"08.04.2026";"СР";"4 пара (14:00-15:25)";"ЛПЗ МДК.02.01 Разработка и внедрение управляющих программ изготовления деталей машин — 2 п/г, Вальдиянов Ян Мансурович, Лесная | ЛПЗ ВМДК.07.01 Технология обработки на металлорежущих станках — 1 п/г, Клабуков Василий Витальевич, Лесная"
"ТМ-2415";"08.04.2026";"СР";"5 пара (15:35-16:55)";"ВМДК.07.01 Технология обработки на металлорежущих станках — вся группа, Саламатина Вера Викторовна, Лесная"
"ТМ-2415";"08.04.2026";"СР";"6 пара (17:05-18:25)";"-"
"ТМ-2415";"08.04.2026";"СР";"7 пара (18:35-19:55)";"-"
"ТМ-2415";"09.04.2026";"ЧТ";"1 пара (08:30-09:55)";"ВМДК.07.01 Технология обработки на металлорежущих станках — вся группа, Саламатина Вера Викторовна, Лесная"
"ТМ-2415";"09.04.2026";"ЧТ";"2 пара (10:05-11:30)";"ВМДК.07.01 Технология обработки на металлорежущих станках — вся группа, Саламатина Вера Викторовна, Лесная"
"ТМ-2415";"09.04.2026";"ЧТ";"3 пара (12:25-13:50)";"ВМДК.07.01 Технология обработки на металлорежущих станках — вся группа, Саламатина Вера Викторовна, Лесная"
"ТМ-2415";"09.04.2026";"ЧТ";"4 пара (14:00-15:25)";"ВМДК.07.01 Технология обработки на металлорежущих станках — вся группа, Саламатина Вера Викторовна, Лесная"
"ТМ-2415";"09.04.2026";"ЧТ";"5 пара (15:35-16:55)";"ВМДК.07.01 Технология обработки на металлорежущих станках — вся группа, Саламатина Вера Викторовна, Лесная"
"ТМ-2415";"09.04.2026";"ЧТ";"6 пара (17:05-18:25)";"-"
"ТМ-2415";"09.04.2026";"ЧТ";"7 пара (18:35-19:55)";"-"
"ТМ-2415";"10.04.2026";"ПТ";"1 пара (08:30-09:55)";"ВМДК.07.01 Технология обработки на металлорежущих станках — вся группа, Саламатина Вера Викторовна, Лесная"
"ТМ-2415";"10.04.2026";"ПТ";"2 пара (10:05-11:30)";"ВМДК.07.01 Технология обработки на металлорежущих станках — вся группа, Саламатина Вера Викторовна, Лесная"
"ТМ-2415";"10.04.2026";"ПТ";"3 пара (12:25-13:50)";"ВМДК.07.01 Технология обработки на металлорежущих станках — вся группа, Саламатина Вера Викторовна, Лесная"
"ТМ-2415";"10.04.2026";"ПТ";"4 пара (14:00-15:25)";"ВМДК.07.01 Технология обработки на металлорежущих станках — вся группа, Саламатина Вера Викторовна, Лесная"
"ТМ-2415";"10.04.2026";"ПТ";"5 пара (15:35-16:55)";"ВМДК.07.01 Технология обработки на металлорежущих станках — вся группа, Саламатина Вера Викторовна, Лесная"
"ТМ-2415";"10.04.2026";"ПТ";"6 пара (17:05-18:25)";"-"
"ТМ-2415";"10.04.2026";"ПТ";"7 пара (18:35-19:55)";"-"
"ТМ-2415";"11.04.2026";"СБ";"1 пара (08:30-09:45)";"ВМДК.07.01 Технология обработки на металлорежущих станках — вся группа, Саламатина Вера Викторовна, Лесная"
"ТМ-2415";"11.04.2026";"СБ";"2 пара (09:55-11:10)";"ВМДК.07.01 Технология обработки на металлорежущих станках — вся группа, Саламатина Вера Викторовна, Лесная"
"ТМ-2415";"11.04.2026";"СБ";"3 пара (11:30-12:45)";"ВМДК.07.01 Технология обработки на металлорежущих станках — вся группа, Саламатина Вера Викторовна, Лесная"
"ТМ-2415";"11.04.2026";"СБ";"4 пара (12:55-14:10)";"ВМДК.07.01 Технология обработки на металлорежущих станках — вся группа, Саламатина Вера Викторовна, Лесная"
"ТМ-2415";"11.04.2026";"СБ";"5 пара (14:20-15:30)";"ВМДК.07.01 Технология обработки на металлорежущих станках — вся группа, Саламатина Вера Викторовна, Лесная"
"ТМ-2415";"11.04.2026";"СБ";"6 пара (15:40-16:50)";"-"
"ТМ-2415";"11.04.2026";"СБ";"7 пара (17:00-18:10)";"-"
"ТМ-2415";"13.04.2026";"ПН";"1 пара (09:15-10:40)";"ВМДК.07.01 Технология обработки на металлорежущих станках — вся группа, Саламатина Вера Викторовна, Лесная"
"ТМ-2415";"13.04.2026";"ПН";"2 пара (10:50-12:15)";"ВМДК.07.01 Технология обработки на металлорежущих станках — вся группа, Саламатина Вера Викторовна, Лесная"
"ТМ-2415";"13.04.2026";"ПН";"3 пара (13:10-14:35)";"ВМДК.07.01 Технология обработки на металлорежущих станках — вся группа, Саламатина Вера Викторовна, Лесная"
"ТМ-2415";"13.04.2026";"ПН";"4 пара (14:45-16:10)";"ЛПЗ ВМДК.07.01 Технология обработки на металлорежущих станках — 2 п/г, Клабуков Василий Витальевич, Лесная"
"ТМ-2415";"13.04.2026";"ПН";"5 пара (16:20-17:40)";"-"
"ТМ-2415";"13.04.2026";"ПН";"6 пара (17:50-19:10)";"-"
"ТМ-2415";"13.04.2026";"ПН";"7 пара (19:20-20:40)";"-"
"ТМ-2415";"14.04.2026";"ВТ";"1 пара (08:30-09:55)";"ЛПЗ ВМДК.07.01 Технология обработки на металлорежущих станках — 1 п/г, Клабуков Василий Витальевич, Лесная"
"ТМ-2415";"14.04.2026";"ВТ";"2 пара (10:05-11:30)";"ЛПЗ ВМДК.07.01 Технология обработки на металлорежущих станках — 1 п/г, Клабуков Василий Витальевич, Лесная"
"ТМ-2415";"14.04.2026";"ВТ";"3 пара (12:25-13:50)";"ЛПЗ ВМДК.07.01 Технология обработки на металлорежущих станках — 1 п/г, Клабуков Василий Витальевич, Лесная"
"ТМ-2415";"14.04.2026";"ВТ";"4 пара (14:00-15:25)";"ЛПЗ ВМДК.07.01 Технология обработки на металлорежущих станках — 2 п/г, Клабуков Василий Витальевич, Лесная"
"ТМ-2415";"14.04.2026";"ВТ";"5 пара (15:35-16:55)";"ЛПЗ ВМДК.07.01 Технология обработки на металлорежущих станках — 2 п/г, Клабуков Василий Витальевич, Лесная"
"ТМ-2415";"14.04.2026";"ВТ";"6 пара (17:05-18:25)";"ЛПЗ ВМДК.07.01 Технология обработки на металлорежущих станках — 2 п/г, Клабуков Василий Витальевич, Лесная"
"ТМ-2415";"14.04.2026";"ВТ";"7 пара (18:35-19:55)";"ЛПЗ ВМДК.07.01 Технология обработки на металлорежущих станках — 2 п/г, Клабуков Василий Витальевич, Лесная"
"ТМ-2415";"15.04.2026";"СР";"1 пара (08:30-09:55)";"ЛПЗ ВМДК.07.01 Технология обработки на металлорежущих станках — 2 п/г, Клабуков Василий Витальевич, Лесная"
"ТМ-2415";"15.04.2026";"СР";"2 пара (10:05-11:30)";"ЛПЗ ВМДК.07.01 Технология обработки на металлорежущих станках — 2 п/г, Клабуков Василий Витальевич, Лесная"
"ТМ-2415";"15.04.2026";"СР";"3 пара (12:25-13:50)";"ЛПЗ ВМДК.07.01 Технология обработки на металлорежущих станках — 2 п/г, Клабуков Василий Витальевич, Лесная"
"ТМ-2415";"15.04.2026";"СР";"4 пара (14:00-15:25)";"ЛПЗ ВМДК.07.01 Технология обработки на металлорежущих станках — 2 п/г, Клабуков Василий Витальевич, Лесная"
"ТМ-2415";"15.04.2026";"СР";"5 пара (15:35-16:55)";"ЛПЗ ВМДК.07.01 Технология обработки на металлорежущих станках — 2 п/г, Клабуков Василий Витальевич, Лесная"
"ТМ-2415";"15.04.2026";"СР";"6 пара (17:05-18:25)";"-"
"ТМ-2415";"15.04.2026";"СР";"7 пара (18:35-19:55)";"-"
"ТМ-2415";"30.04.2026";"ЧТ";"1 пара (08:30-09:55)";"-"
"ТМ-2415";"30.04.2026";"ЧТ";"2 пара (10:05-11:30)";"-"
"ТМ-2415";"30.04.2026";"ЧТ";"3 пара (12:25-13:50)";"ЛПЗ ВМДК.07.01 Технология обработки на металлорежущих станках — 1 п/г, Клабуков Василий Витальевич, Лесная"
"ТМ-2415";"30.04.2026";"ЧТ";"4 пара (14:00-15:25)";"ЛПЗ ВМДК.07.01 Технология обработки на металлорежущих станках — 1 п/г, Клабуков Василий Витальевич, Лесная"
"ТМ-2415";"30.04.2026";"ЧТ";"5 пара (15:35-16:55)";"-"
"ТМ-2415";"30.04.2026";"ЧТ";"6 пара (17:05-18:25)";"-"
"ТМ-2415";"30.04.2026";"ЧТ";"7 пара (18:35-19:55)";"-"
"ТМ-2415";"02.05.2026";"СБ";"1 пара (08:30-09:45)";"УП.07 (УП утро 08:30-12:00) — 1 п/г, Клабуков Василий Витальевич, Лесная"
"ТМ-2415";"02.05.2026";"СБ";"2 пара (09:55-11:10)";"УП.07 (УП утро 08:30-12:00) — 1 п/г, Клабуков Василий Витальевич, Лесная"
"ТМ-2415";"02.05.2026";"СБ";"3 пара (11:30-12:45)";"-"
"ТМ-2415";"02.05.2026";"СБ";"4 пара (12:55-14:10)";"-"
"ТМ-2415";"02.05.2026";"СБ";"5 пара (14:20-15:30)";"-"
"ТМ-2415";"02.05.2026";"СБ";"6 пара (15:40-16:50)";"-"
"ТМ-2415";"02.05.2026";"СБ";"7 пара (17:00-18:10)";"-"
"ТМ-2415";"06.05.2026";"СР";"1 пара (08:30-09:55)";"УП.07 (УП утро 08:30-12:30) — 1 п/г, Клабуков Василий Витальевич, Лесная"
"ТМ-2415";"06.05.2026";"СР";"2 пара (10:05-11:30)";"УП.07 (УП утро 08:30-12:30) — 1 п/г, Клабуков Василий Витальевич, Лесная"
"ТМ-2415";"06.05.2026";"СР";"3 пара (12:25-13:50)";"-"
"ТМ-2415";"06.05.2026";"СР";"4 пара (14:00-15:25)";"-"
"ТМ-2415";"06.05.2026";"СР";"5 пара (15:35-16:55)";"-"
"ТМ-2415";"06.05.2026";"СР";"6 пара (17:05-18:25)";"-"
"ТМ-2415";"06.05.2026";"СР";"7 пара (18:35-19:55)";"-"
"ТМ-2415";"07.05.2026";"ЧТ";"1 пара (08:30-09:55)";"УП.07 (УП утро 08:30-12:30) — 2 п/г, Клабуков Василий Витальевич, Лесная"
"ТМ-2415";"07.05.2026";"ЧТ";"2 пара (10:05-11:30)";"УП.07 (УП утро 08:30-12:30) — 2 п/г, Клабуков Василий Витальевич, Лесная"
"ТМ-2415";"07.05.2026";"ЧТ";"3 пара (12:25-13:50)";"-"
"ТМ-2415";"07.05.2026";"ЧТ";"4 пара (14:00-15:25)";"-"
"ТМ-2415";"07.05.2026";"ЧТ";"5 пара (15:35-16:55)";"-"
"ТМ-2415";"07.05.2026";"ЧТ";"6 пара (17:05-18:25)";"-"
"ТМ-2415";"07.05.2026";"ЧТ";"7 пара (18:35-19:55)";"-"
"ТМ-2415";"08.05.2026";"ПТ";"1 пара (08:30-09:55)";"УП.01 (УП утро 08:30-12:30) — 1 п/г, Сивилькаев Вадим Михайлович, Лесная"
"ТМ-2415";"08.05.2026";"ПТ";"2 пара (10:05-11:30)";"УП.01 (УП утро 08:30-12:30) — 1 п/г, Сивилькаев Вадим Михайлович, Лесная"
"ТМ-2415";"08.05.2026";"ПТ";"3 пара (12:25-13:50)";"-"
"ТМ-2415";"08.05.2026";"ПТ";"4 пара (14:00-15:25)";"-"
"ТМ-2415";"08.05.2026";"ПТ";"5 пара (15:35-16:55)";"-"
"ТМ-2415";"08.05.2026";"ПТ";"6 пара (17:05-18:25)";"-"
"ТМ-2415";"08.05.2026";"ПТ";"7 пара (18:35-19:55)";"-"
"ТМ-2415";"12.05.2026";"ВТ";"1 пара (08:30-09:55)";"УП.07 (УП утро 08:30-12:30) — 1 п/г, Клабуков Василий Витальевич, Лесная"
"ТМ-2415";"12.05.2026";"ВТ";"2 пара (10:05-11:30)";"УП.07 (УП утро 08:30-12:30) — 1 п/г, Клабуков Василий Витальевич, Лесная"
"ТМ-2415";"12.05.2026";"ВТ";"3 пара (12:25-13:50)";"-"
"ТМ-2415";"12.05.2026";"ВТ";"4 пара (14:00-15:25)";"-"
"ТМ-2415";"12.05.2026";"ВТ";"5 пара (15:35-16:55)";"-"
"ТМ-2415";"12.05.2026";"ВТ";"6 пара (17:05-18:25)";"-"
"ТМ-2415";"12.05.2026";"ВТ";"7 пара (18:35-19:55)";"-"
"ТМ-2415";"13.05.2026";"СР";"1 пара (08:30-09:55)";"УП.07 (УП утро 08:30-12:30) — 2 п/г, Клабуков Василий Витальевич, Лесная"
"ТМ-2415";"13.05.2026";"СР";"2 пара (10:05-11:30)";"УП.07 (УП утро 08:30-12:30) — 2 п/г, Клабуков Василий Витальевич, Лесная"
"ТМ-2415";"13.05.2026";"СР";"3 пара (12:25-13:50)";"-"
"ТМ-2415";"13.05.2026";"СР";"4 пара (14:00-15:25)";"-"
"ТМ-2415";"13.05.2026";"СР";"5 пара (15:35-16:55)";"-"
"ТМ-2415";"13.05.2026";"СР";"6 пара (17:05-18:25)";"-"
"ТМ-2415";"13.05.2026";"СР";"7 пара (18:35-19:55)";"-"
"ТМ-2415";"14.05.2026";"ЧТ";"1 пара (08:30-09:55)";"УП.01 (УП утро 08:30-12:30) — 1 п/г, Сивилькаев Вадим Михайлович, Лесная"
"ТМ-2415";"14.05.2026";"ЧТ";"2 пара (10:05-11:30)";"УП.01 (УП утро 08:30-12:30) — 1 п/г, Сивилькаев Вадим Михайлович, Лесная"
"ТМ-2415";"14.05.2026";"ЧТ";"3 пара (12:25-13:50)";"-"
"ТМ-2415";"14.05.2026";"ЧТ";"4 пара (14:00-15:25)";"-"
"ТМ-2415";"14.05.2026";"ЧТ";"5 пара (15:35-16:55)";"-"
"ТМ-2415";"14.05.2026";"ЧТ";"6 пара (17:05-18:25)";"-"
"ТМ-2415";"14.05.2026";"ЧТ";"7 пара (18:35-19:55)";"-"
"ТМ-2415";"15.05.2026";"ПТ";"1 пара (08:30-09:55)";"УП.01 (УП утро 08:30-12:30) — 2 п/г, Сивилькаев Вадим Михайлович, Лесная"
"ТМ-2415";"15.05.2026";"ПТ";"2 пара (10:05-11:30)";"УП.01 (УП утро 08:30-12:30) — 2 п/г, Сивилькаев Вадим Михайлович, Лесная"
"ТМ-2415";"15.05.2026";"ПТ";"3 пара (12:25-13:50)";"-"
"ТМ-2415";"15.05.2026";"ПТ";"4 пара (14:00-15:25)";"-"
"ТМ-2415";"15.05.2026";"ПТ";"5 пара (15:35-16:55)";"-"
"ТМ-2415";"15.05.2026";"ПТ";"6 пара (17:05-18:25)";"-"
"ТМ-2415";"15.05.2026";"ПТ";"7 пара (18:35-19:55)";"-"
"ТМ-2415";"19.05.2026";"ВТ";"1 пара (08:30-09:55)";"УП.07 (УП утро 08:30-12:30) — 1 п/г, Клабуков Василий Витальевич, Лесная"
"ТМ-2415";"19.05.2026";"ВТ";"2 пара (10:05-11:30)";"УП.07 (УП утро 08:30-12:30) — 1 п/г, Клабуков Василий Витальевич, Лесная"
"ТМ-2415";"19.05.2026";"ВТ";"3 пара (12:25-13:50)";"-"
"ТМ-2415";"19.05.2026";"ВТ";"4 пара (14:00-15:25)";"-"
"ТМ-2415";"19.05.2026";"ВТ";"5 пара (15:35-16:55)";"-"
"ТМ-2415";"19.05.2026";"ВТ";"6 пара (17:05-18:25)";"-"
"ТМ-2415";"19.05.2026";"ВТ";"7 пара (18:35-19:55)";"-"
"ТМ-2415";"20.05.2026";"СР";"1 пара (08:30-09:55)";"УП.07 (УП утро 08:30-12:30) — 2 п/г, Клабуков Василий Витальевич, Лесная"
"ТМ-2415";"20.05.2026";"СР";"2 пара (10:05-11:30)";"УП.07 (УП утро 08:30-12:30) — 2 п/г, Клабуков Василий Витальевич, Лесная"
"ТМ-2415";"20.05.2026";"СР";"3 пара (12:25-13:50)";"-"
"ТМ-2415";"20.05.2026";"СР";"4 пара (14:00-15:25)";"-"
"ТМ-2415";"20.05.2026";"СР";"5 пара (15:35-16:55)";"-"
"ТМ-2415";"20.05.2026";"СР";"6 пара (17:05-18:25)";"-"
"ТМ-2415";"20.05.2026";"СР";"7 пара (18:35-19:55)";"-"
"ТМ-2415";"21.05.2026";"ЧТ";"1 пара (08:30-09:55)";"УП.01 (УП утро 08:30-12:30) — 1 п/г, Сивилькаев Вадим Михайлович, Лесная"
"ТМ-2415";"21.05.2026";"ЧТ";"2 пара (10:05-11:30)";"УП.01 (УП утро 08:30-12:30) — 1 п/г, Сивилькаев Вадим Михайлович, Лесная"
"ТМ-2415";"21.05.2026";"ЧТ";"3 пара (12:25-13:50)";"-"
"ТМ-2415";"21.05.2026";"ЧТ";"4 пара (14:00-15:25)";"-"
"ТМ-2415";"21.05.2026";"ЧТ";"5 пара (15:35-16:55)";"-"
"ТМ-2415";"21.05.2026";"ЧТ";"6 пара (17:05-18:25)";"-"
"ТМ-2415";"21.05.2026";"ЧТ";"7 пара (18:35-19:55)";"-"
"ТМ-2415";"22.05.2026";"ПТ";"1 пара (08:30-09:55)";"УП.01 (УП утро 08:30-12:30) — 2 п/г, Сивилькаев Вадим Михайлович, Лесная"
"ТМ-2415";"22.05.2026";"ПТ";"2 пара (10:05-11:30)";"УП.01 (УП утро 08:30-12:30) — 2 п/г, Сивилькаев Вадим Михайлович, Лесная"
"ТМ-2415";"22.05.2026";"ПТ";"3 пара (12:25-13:50)";"-"
"ТМ-2415";"22.05.2026";"ПТ";"4 пара (14:00-15:25)";"-"
"ТМ-2415";"22.05.2026";"ПТ";"5 пара (15:35-16:55)";"-"
"ТМ-2415";"22.05.2026";"ПТ";"6 пара (17:05-18:25)";"-"
"ТМ-2415";"22.05.2026";"ПТ";"7 пара (18:35-19:55)";"-"
"ТМ-2415";"26.05.2026";"ВТ";"1 пара (08:30-09:55)";"УП.07 (УП утро 08:30-12:30) — 1 п/г, Клабуков Василий Витальевич, Лесная"
"ТМ-2415";"26.05.2026";"ВТ";"2 пара (10:05-11:30)";"УП.07 (УП утро 08:30-12:30) — 1 п/г, Клабуков Василий Витальевич, Лесная"
"ТМ-2415";"26.05.2026";"ВТ";"3 пара (12:25-13:50)";"-"
"ТМ-2415";"26.05.2026";"ВТ";"4 пара (14:00-15:25)";"-"
"ТМ-2415";"26.05.2026";"ВТ";"5 пара (15:35-16:55)";"-"
"ТМ-2415";"26.05.2026";"ВТ";"6 пара (17:05-18:25)";"-"
"ТМ-2415";"26.05.2026";"ВТ";"7 пара (18:35-19:55)";"-"
"ТМ-2415";"27.05.2026";"СР";"1 пара (08:30-09:55)";"УП.07 (УП утро 08:30-12:30) — 2 п/г, Клабуков Василий Витальевич, Лесная"
"ТМ-2415";"27.05.2026";"СР";"2 пара (10:05-11:30)";"УП.07 (УП утро 08:30-12:30) — 2 п/г, Клабуков Василий Витальевич, Лесная"
"ТМ-2415";"27.05.2026";"СР";"3 пара (12:25-13:50)";"-"
"ТМ-2415";"27.05.2026";"СР";"4 пара (14:00-15:25)";"-"
"ТМ-2415";"27.05.2026";"СР";"5 пара (15:35-16:55)";"-"
"ТМ-2415";"27.05.2026";"СР";"6 пара (17:05-18:25)";"-"
"ТМ-2415";"27.05.2026";"СР";"7 пара (18:35-19:55)";"-"
"ТМ-2415";"28.05.2026";"ЧТ";"1 пара (08:30-09:55)";"УП.01 (УП утро 08:30-12:30) — 2 п/г, Сивилькаев Вадим Михайлович, Лесная"
"ТМ-2415";"28.05.2026";"ЧТ";"2 пара (10:05-11:30)";"УП.01 (УП утро 08:30-12:30) — 2 п/г, Сивилькаев Вадим Михайлович, Лесная"
"ТМ-2415";"28.05.2026";"ЧТ";"3 пара (12:25-13:50)";"-"
"ТМ-2415";"28.05.2026";"ЧТ";"4 пара (14:00-15:25)";"-"
"ТМ-2415";"28.05.2026";"ЧТ";"5 пара (15:35-16:55)";"-"
"ТМ-2415";"28.05.2026";"ЧТ";"6 пара (17:05-18:25)";"-"
"ТМ-2415";"28.05.2026";"ЧТ";"7 пара (18:35-19:55)";"-"
"ТМ-2416п";"12.01.2026";"ПН";"1 пара (09:15-10:40)";"Иностранный язык в профессиональной деятельности — 1 п/г, Ермолина Ирина Павловна, Лесная | УП.01 (УП утро 09:00-13:00) — 2 п/г, Сивилькаев Вадим Михайлович, Лесная"
"ТМ-2416п";"12.01.2026";"ПН";"2 пара (10:50-12:15)";"Иностранный язык в профессиональной деятельности — 1 п/г, Ермолина Ирина Павловна, Лесная | УП.01 (УП утро 09:00-13:00) — 2 п/г, Сивилькаев Вадим Михайлович, Лесная"
"ТМ-2416п";"12.01.2026";"ПН";"3 пара (13:10-14:35)";"ЛПЗ Компас 3D — 1 п/г, Симаков Семен Данилович, Лесная"
"ТМ-2416п";"12.01.2026";"ПН";"4 пара (14:45-16:10)";"ЛПЗ Компас 3D — 1 п/г, Симаков Семен Данилович, Лесная"
"ТМ-2416п";"12.01.2026";"ПН";"5 пара (16:20-17:40)";"ЛПЗ Компас 3D — 1 п/г, Симаков Семен Данилович, Лесная"
"ТМ-2416п";"12.01.2026";"ПН";"6 пара (17:50-19:10)";"-"
"ТМ-2416п";"12.01.2026";"ПН";"7 пара (19:20-20:40)";"-"
"ТМ-2416п";"13.01.2026";"ВТ";"1 пара (08:30-09:55)";"-"
"ТМ-2416п";"13.01.2026";"ВТ";"2 пара (10:05-11:30)";"-"
"ТМ-2416п";"13.01.2026";"ВТ";"3 пара (12:25-13:50)";"Основы бережливого производства — вся группа, Костарева Наталья Викторовна, Лесная"
"ТМ-2416п";"13.01.2026";"ВТ";"4 пара (14:00-15:25)";"Основы бережливого производства — вся группа, Костарева Наталья Викторовна, Лесная"
"ТМ-2416п";"13.01.2026";"ВТ";"5 пара (15:35-16:55)";"Основы бережливого производства — вся группа, Костарева Наталья Викторовна, Лесная"
"ТМ-2416п";"13.01.2026";"ВТ";"6 пара (17:05-18:25)";"История России — вся группа, Цимфер Татьяна Ивановна, Лесная"
"ТМ-2416п";"13.01.2026";"ВТ";"7 пара (18:35-19:55)";"История России — вся группа, Цимфер Татьяна Ивановна, Лесная"
"ТМ-2416п";"14.01.2026";"СР";"1 пара (08:30-09:55)";"Химия — вся группа, Соболева Любовь Анатольевна, Лесная"
"ТМ-2416п";"14.01.2026";"СР";"2 пара (10:05-11:30)";"Химия — вся группа, Соболева Любовь Анатольевна, Лесная"
"ТМ-2416п";"14.01.2026";"СР";"3 пара (12:25-13:50)";"Химия — вся группа, Соболева Любовь Анатольевна, Лесная"
"ТМ-2416п";"14.01.2026";"СР";"4 пара (14:00-15:25)";"Химия — вся группа, Соболева Любовь Анатольевна, Лесная"
"ТМ-2416п";"14.01.2026";"СР";"5 пара (15:35-16:55)";"Химия — вся группа, Соболева Любовь Анатольевна, Лесная"
"ТМ-2416п";"14.01.2026";"СР";"6 пара (17:05-18:25)";"-"
"ТМ-2416п";"14.01.2026";"СР";"7 пара (18:35-19:55)";"-"
"ТМ-2416п";"15.01.2026";"ЧТ";"1 пара (08:30-09:55)";"Химия — вся группа, Соболева Любовь Анатольевна, Лесная"
"ТМ-2416п";"15.01.2026";"ЧТ";"2 пара (10:05-11:30)";"Химия — вся группа, Соболева Любовь Анатольевна, Лесная"
"ТМ-2416п";"15.01.2026";"ЧТ";"3 пара (12:25-13:50)";"Химия — вся группа, Соболева Любовь Анатольевна, Лесная"
"ТМ-2416п";"15.01.2026";"ЧТ";"4 пара (14:00-15:25)";"Химия — вся группа, Соболева Любовь Анатольевна, Лесная"
"ТМ-2416п";"15.01.2026";"ЧТ";"5 пара (15:35-16:55)";"Химия — вся группа, Соболева Любовь Анатольевна, Лесная"
"ТМ-2416п";"15.01.2026";"ЧТ";"6 пара (17:05-18:25)";"-"
"ТМ-2416п";"15.01.2026";"ЧТ";"7 пара (18:35-19:55)";"-"
"ТМ-2416п";"16.01.2026";"ПТ";"1 пара (08:30-09:55)";"ЛПЗ Компас 3D — 2 п/г, Симаков Семен Данилович, Лесная"
"ТМ-2416п";"16.01.2026";"ПТ";"2 пара (10:05-11:30)";"ЛПЗ Компас 3D — 2 п/г, Симаков Семен Данилович, Лесная"
"ТМ-2416п";"16.01.2026";"ПТ";"3 пара (12:25-13:50)";"Физическая культура — вся группа, Нуров Мирзо Нуралиевич, Лесная"
"ТМ-2416п";"16.01.2026";"ПТ";"4 пара (14:00-15:25)";"Основы бережливого производства — вся группа, Костарева Наталья Викторовна, Лесная"
"ТМ-2416п";"16.01.2026";"ПТ";"5 пара (15:35-16:55)";"Основы бережливого производства — вся группа, Костарева Наталья Викторовна, Лесная"
"ТМ-2416п";"16.01.2026";"ПТ";"6 пара (17:05-18:25)";"Иностранный язык в профессиональной деятельности — 1 п/г, Ермолина Ирина Павловна, Лесная"
"ТМ-2416п";"16.01.2026";"ПТ";"7 пара (18:35-19:55)";"Иностранный язык в профессиональной деятельности — 1 п/г, Ермолина Ирина Павловна, Лесная"
"ТМ-2416п";"17.01.2026";"СБ";"1 пара (08:30-09:45)";"-"
"ТМ-2416п";"17.01.2026";"СБ";"2 пара (09:55-11:10)";"-"
"ТМ-2416п";"17.01.2026";"СБ";"3 пара (11:30-12:45)";"Основы бережливого производства — вся группа, Костарева Наталья Викторовна, Лесная"
"ТМ-2416п";"17.01.2026";"СБ";"4 пара (12:55-14:10)";"Основы бережливого производства — вся группа, Костарева Наталья Викторовна, Лесная"
"ТМ-2416п";"17.01.2026";"СБ";"5 пара (14:20-15:30)";"Техническая механика — вся группа, Саламатина Вера Викторовна, Лесная"
"ТМ-2416п";"17.01.2026";"СБ";"6 пара (15:40-16:50)";"История России — вся группа, Цимфер Татьяна Ивановна, Лесная"
"ТМ-2416п";"17.01.2026";"СБ";"7 пара (17:00-18:10)";"История России — вся группа, Цимфер Татьяна Ивановна, Лесная"
"ТМ-2416п";"19.01.2026";"ПН";"1 пара (09:15-10:40)";"УП.01 (УП утро 09:00-13:00) — 2 п/г, Сивилькаев Вадим Михайлович, Лесная"
"ТМ-2416п";"19.01.2026";"ПН";"2 пара (10:50-12:15)";"УП.01 (УП утро 09:00-13:00) — 2 п/г, Сивилькаев Вадим Михайлович, Лесная"
"ТМ-2416п";"19.01.2026";"ПН";"3 пара (13:10-14:35)";"ЛПЗ МДК.01.01 Разработка технологических процессов изготовления деталей машин с применением систем автоматизированного проектирования — 1 п/г, Вальдиянов Ян Мансурович, Лесная"
"ТМ-2416п";"19.01.2026";"ПН";"4 пара (14:45-16:10)";"ЛПЗ МДК.01.01 Разработка технологических процессов изготовления деталей машин с применением систем автоматизированного проектирования — 1 п/г, Вальдиянов Ян Мансурович, Лесная"
"ТМ-2416п";"19.01.2026";"ПН";"5 пара (16:20-17:40)";"ЛПЗ МДК.01.01 Разработка технологических процессов изготовления деталей машин с применением систем автоматизированного проектирования — 1 п/г, Вальдиянов Ян Мансурович, Лесная"
"ТМ-2416п";"19.01.2026";"ПН";"6 пара (17:50-19:10)";"Иностранный язык в профессиональной деятельности — 1 п/г, Ермолина Ирина Павловна, Лесная"
"ТМ-2416п";"19.01.2026";"ПН";"7 пара (19:20-20:40)";"Иностранный язык в профессиональной деятельности — 1 п/г, Ермолина Ирина Павловна, Лесная"
"ТМ-2416п";"20.01.2026";"ВТ";"1 пара (08:30-09:55)";"География — вся группа, Кропотова Анастасия Андреевна, Лесная"
"ТМ-2416п";"20.01.2026";"ВТ";"2 пара (10:05-11:30)";"География — вся группа, Кропотова Анастасия Андреевна, Лесная"
"ТМ-2416п";"20.01.2026";"ВТ";"3 пара (12:25-13:50)";"География — вся группа, Кропотова Анастасия Андреевна, Лесная"
"ТМ-2416п";"20.01.2026";"ВТ";"4 пара (14:00-15:25)";"География — вся группа, Кропотова Анастасия Андреевна, Лесная"
"ТМ-2416п";"20.01.2026";"ВТ";"5 пара (15:35-16:55)";"География — вся группа, Кропотова Анастасия Андреевна, Лесная"
"ТМ-2416п";"20.01.2026";"ВТ";"6 пара (17:05-18:25)";"-"
"ТМ-2416п";"20.01.2026";"ВТ";"7 пара (18:35-19:55)";"-"
"ТМ-2416п";"21.01.2026";"СР";"1 пара (08:30-09:55)";"-"
"ТМ-2416п";"21.01.2026";"СР";"2 пара (10:05-11:30)";"ЛПЗ Компас 3D — 2 п/г, Симаков Семен Данилович, Лесная"
"ТМ-2416п";"21.01.2026";"СР";"3 пара (12:25-13:50)";"Основы бережливого производства — вся группа, Костарева Наталья Викторовна, Лесная"
"ТМ-2416п";"21.01.2026";"СР";"4 пара (14:00-15:25)";"Основы бережливого производства — вся группа, Костарева Наталья Викторовна, Лесная"
"ТМ-2416п";"21.01.2026";"СР";"5 пара (15:35-16:55)";"География — вся группа, Кропотова Анастасия Андреевна, Лесная"
"ТМ-2416п";"21.01.2026";"СР";"6 пара (17:05-18:25)";"География — вся группа, Кропотова Анастасия Андреевна, Лесная"
"ТМ-2416п";"21.01.2026";"СР";"7 пара (18:35-19:55)";"Иностранный язык в профессиональной деятельности — 1 п/г, Ермолина Ирина Павловна, Лесная"
"ТМ-2416п";"22.01.2026";"ЧТ";"1 пара (08:30-09:55)";"Иностранный язык в профессиональной деятельности — 1 п/г, Ермолина Ирина Павловна, Лесная"
"ТМ-2416п";"22.01.2026";"ЧТ";"2 пара (10:05-11:30)";"Иностранный язык в профессиональной деятельности — 1 п/г, Ермолина Ирина Павловна, Лесная"
"ТМ-2416п";"22.01.2026";"ЧТ";"3 пара (12:25-13:50)";"Основы бережливого производства — вся группа, Костарева Наталья Викторовна, Лесная"
"ТМ-2416п";"22.01.2026";"ЧТ";"4 пара (14:00-15:25)";"Основы бережливого производства — вся группа, Костарева Наталья Викторовна, Лесная"
"ТМ-2416п";"22.01.2026";"ЧТ";"5 пара (15:35-16:55)";"Основы бережливого производства — вся группа, Костарева Наталья Викторовна, Лесная"
"ТМ-2416п";"22.01.2026";"ЧТ";"6 пара (17:05-18:25)";"Иностранный язык в профессиональной деятельности — 2 п/г, Ермолина Ирина Павловна, Лесная"
"ТМ-2416п";"22.01.2026";"ЧТ";"7 пара (18:35-19:55)";"Иностранный язык в профессиональной деятельности — 2 п/г, Ермолина Ирина Павловна, Лесная"
"ТМ-2416п";"23.01.2026";"ПТ";"1 пара (08:30-09:55)";"ЛПЗ Компас 3D — 2 п/г, Симаков Семен Данилович, Лесная"
"ТМ-2416п";"23.01.2026";"ПТ";"2 пара (10:05-11:30)";"ЛПЗ Компас 3D — 2 п/г, Симаков Семен Данилович, Лесная"
"ТМ-2416п";"23.01.2026";"ПТ";"3 пара (12:25-13:50)";"Техническая механика — вся группа, Саламатина Вера Викторовна, Лесная"
"ТМ-2416п";"23.01.2026";"ПТ";"4 пара (14:00-15:25)";"Техническая механика — вся группа, Саламатина Вера Викторовна, Лесная"
"ТМ-2416п";"23.01.2026";"ПТ";"5 пара (15:35-16:55)";"Техническая механика — вся группа, Саламатина Вера Викторовна, Лесная"
"ТМ-2416п";"23.01.2026";"ПТ";"6 пара (17:05-18:25)";"Иностранный язык в профессиональной деятельности — 1 п/г, Ермолина Ирина Павловна, Лесная"
"ТМ-2416п";"23.01.2026";"ПТ";"7 пара (18:35-19:55)";"Иностранный язык в профессиональной деятельности — 1 п/г, Ермолина Ирина Павловна, Лесная"
"ТМ-2416п";"24.01.2026";"СБ";"1 пара (08:30-09:45)";"ЛПЗ Компас 3D — 2 п/г, Симаков Семен Данилович, Лесная"
"ТМ-2416п";"24.01.2026";"СБ";"2 пара (09:55-11:10)";"ЛПЗ Компас 3D — 2 п/г, Симаков Семен Данилович, Лесная"
"ТМ-2416п";"24.01.2026";"СБ";"3 пара (11:30-12:45)";"Техническая механика — вся группа, Саламатина Вера Викторовна, Лесная"
"ТМ-2416п";"24.01.2026";"СБ";"4 пара (12:55-14:10)";"Основы бережливого производства — вся группа, Костарева Наталья Викторовна, Лесная"
"ТМ-2416п";"24.01.2026";"СБ";"5 пара (14:20-15:30)";"Основы бережливого производства — вся группа, Костарева Наталья Викторовна, Лесная"
"ТМ-2416п";"24.01.2026";"СБ";"6 пара (15:40-16:50)";"Иностранный язык в профессиональной деятельности — 1 п/г, Ермолина Ирина Павловна, Лесная"
"ТМ-2416п";"24.01.2026";"СБ";"7 пара (17:00-18:10)";"Иностранный язык в профессиональной деятельности — 1 п/г, Ермолина Ирина Павловна, Лесная"
"ТМ-2416п";"26.01.2026";"ПН";"1 пара (09:15-10:40)";"ЛПЗ Компас 3D — 2 п/г, Симаков Семен Данилович, Лесная"
"ТМ-2416п";"26.01.2026";"ПН";"2 пара (10:50-12:15)";"ЛПЗ Компас 3D — 2 п/г, Симаков Семен Данилович, Лесная"
"ТМ-2416п";"26.01.2026";"ПН";"3 пара (13:10-14:35)";"Основы бережливого производства — вся группа, Костарева Наталья Викторовна, Лесная"
"ТМ-2416п";"26.01.2026";"ПН";"4 пара (14:45-16:10)";"Основы бережливого производства — вся группа, Костарева Наталья Викторовна, Лесная"
"ТМ-2416п";"26.01.2026";"ПН";"5 пара (16:20-17:40)";"Основы бережливого производства — вся группа, Костарева Наталья Викторовна, Лесная"
"ТМ-2416п";"26.01.2026";"ПН";"6 пара (17:50-19:10)";"Иностранный язык в профессиональной деятельности — 1 п/г, Ермолина Ирина Павловна, Лесная"
"ТМ-2416п";"26.01.2026";"ПН";"7 пара (19:20-20:40)";"Иностранный язык в профессиональной деятельности — 1 п/г, Ермолина Ирина Павловна, Лесная"
"ТМ-2416п";"27.01.2026";"ВТ";"1 пара (08:30-09:55)";"-"
"ТМ-2416п";"27.01.2026";"ВТ";"2 пара (10:05-11:30)";"-"
"ТМ-2416п";"27.01.2026";"ВТ";"3 пара (12:25-13:50)";"Основы бережливого производства — вся группа, Костарева Наталья Викторовна, Лесная"
"ТМ-2416п";"27.01.2026";"ВТ";"4 пара (14:00-15:25)";"Техническая механика — вся группа, Саламатина Вера Викторовна, Лесная"
"ТМ-2416п";"27.01.2026";"ВТ";"5 пара (15:35-16:55)";"Техническая механика — вся группа, Саламатина Вера Викторовна, Лесная"
"ТМ-2416п";"27.01.2026";"ВТ";"6 пара (17:05-18:25)";"История России — вся группа, Цимфер Татьяна Ивановна, Лесная"
"ТМ-2416п";"27.01.2026";"ВТ";"7 пара (18:35-19:55)";"История России — вся группа, Цимфер Татьяна Ивановна, Лесная"
"ТМ-2416п";"28.01.2026";"СР";"1 пара (08:30-09:55)";"-"
"ТМ-2416п";"28.01.2026";"СР";"2 пара (10:05-11:30)";"-"
"ТМ-2416п";"28.01.2026";"СР";"3 пара (12:25-13:50)";"Техническая механика — вся группа, Саламатина Вера Викторовна, Лесная"
"ТМ-2416п";"28.01.2026";"СР";"4 пара (14:00-15:25)";"Техническая механика — вся группа, Саламатина Вера Викторовна, Лесная"
"ТМ-2416п";"28.01.2026";"СР";"5 пара (15:35-16:55)";"Техническая механика — вся группа, Саламатина Вера Викторовна, Лесная"
"ТМ-2416п";"28.01.2026";"СР";"6 пара (17:05-18:25)";"История России — вся группа, Цимфер Татьяна Ивановна, Лесная"
"ТМ-2416п";"28.01.2026";"СР";"7 пара (18:35-19:55)";"История России — вся группа, Цимфер Татьяна Ивановна, Лесная"
"ТМ-2416п";"29.01.2026";"ЧТ";"1 пара (08:30-09:55)";"Иностранный язык в профессиональной деятельности — 1 п/г, Ермолина Ирина Павловна, Лесная"
"ТМ-2416п";"29.01.2026";"ЧТ";"2 пара (10:05-11:30)";"Иностранный язык в профессиональной деятельности — 1 п/г, Ермолина Ирина Павловна, Лесная"
"ТМ-2416п";"29.01.2026";"ЧТ";"3 пара (12:25-13:50)";"Физическая культура — вся группа, Нуров Мирзо Нуралиевич, Лесная"
"ТМ-2416п";"29.01.2026";"ЧТ";"4 пара (14:00-15:25)";"Физическая культура — вся группа, Нуров Мирзо Нуралиевич, Лесная"
"ТМ-2416п";"29.01.2026";"ЧТ";"5 пара (15:35-16:55)";"Физическая культура — вся группа, Нуров Мирзо Нуралиевич, Лесная"
"ТМ-2416п";"29.01.2026";"ЧТ";"6 пара (17:05-18:25)";"Иностранный язык в профессиональной деятельности — 2 п/г, Ермолина Ирина Павловна, Лесная"
"ТМ-2416п";"29.01.2026";"ЧТ";"7 пара (18:35-19:55)";"Иностранный язык в профессиональной деятельности — 2 п/г, Ермолина Ирина Павловна, Лесная"
"ТМ-2416п";"30.01.2026";"ПТ";"1 пара (08:30-09:55)";"ЛПЗ Компас 3D — 1 п/г, Симаков Семен Данилович, Лесная"
"ТМ-2416п";"30.01.2026";"ПТ";"2 пара (10:05-11:30)";"ЛПЗ Компас 3D — 1 п/г, Симаков Семен Данилович, Лесная"
"ТМ-2416п";"30.01.2026";"ПТ";"3 пара (12:25-13:50)";"Техническая механика — вся группа, Саламатина Вера Викторовна, Лесная"
"ТМ-2416п";"30.01.2026";"ПТ";"4 пара (14:00-15:25)";"Техническая механика — вся группа, Саламатина Вера Викторовна, Лесная"
"ТМ-2416п";"30.01.2026";"ПТ";"5 пара (15:35-16:55)";"Техническая механика — вся группа, Саламатина Вера Викторовна, Лесная"
"ТМ-2416п";"30.01.2026";"ПТ";"6 пара (17:05-18:25)";"Иностранный язык в профессиональной деятельности — 2 п/г, Ермолина Ирина Павловна, Лесная"
"ТМ-2416п";"30.01.2026";"ПТ";"7 пара (18:35-19:55)";"Иностранный язык в профессиональной деятельности — 2 п/г, Ермолина Ирина Павловна, Лесная"
"ТМ-2416п";"31.01.2026";"СБ";"1 пара (08:30-09:45)";"ЛПЗ Компас 3D — 1 п/г, Симаков Семен Данилович, Лесная"
"ТМ-2416п";"31.01.2026";"СБ";"2 пара (09:55-11:10)";"Иностранный язык в профессиональной деятельности — 2 п/г, Ермолина Ирина Павловна, Лесная | ЛПЗ Компас 3D — 1 п/г, Симаков Семен Данилович, Лесная"
"ТМ-2416п";"31.01.2026";"СБ";"3 пара (11:30-12:45)";"Техническая механика — вся группа, Саламатина Вера Викторовна, Лесная"
"ТМ-2416п";"31.01.2026";"СБ";"4 пара (12:55-14:10)";"Техническая механика — вся группа, Саламатина Вера Викторовна, Лесная"
"ТМ-2416п";"31.01.2026";"СБ";"5 пара (14:20-15:30)";"Метрология, стандартизация и сертификация — вся группа, Садриева Татьяна Геннадьевна, Лесная"
"ТМ-2416п";"31.01.2026";"СБ";"6 пара (15:40-16:50)";"Иностранный язык в профессиональной деятельности — 2 п/г, Ермолина Ирина Павловна, Лесная"
"ТМ-2416п";"31.01.2026";"СБ";"7 пара (17:00-18:10)";"-"
"ТМ-2416п";"02.02.2026";"ПН";"1 пара (09:15-10:40)";"-"
"ТМ-2416п";"02.02.2026";"ПН";"2 пара (10:50-12:15)";"История России — вся группа, Цимфер Татьяна Ивановна, Лесная"
"ТМ-2416п";"02.02.2026";"ПН";"3 пара (13:10-14:35)";"История России — вся группа, Цимфер Татьяна Ивановна, Лесная"
"ТМ-2416п";"02.02.2026";"ПН";"4 пара (14:45-16:10)";"История России — вся группа, Цимфер Татьяна Ивановна, Лесная"
"ТМ-2416п";"02.02.2026";"ПН";"5 пара (16:20-17:40)";"История России — вся группа, Цимфер Татьяна Ивановна, Лесная"
"ТМ-2416п";"02.02.2026";"ПН";"6 пара (17:50-19:10)";"История России — вся группа, Цимфер Татьяна Ивановна, Лесная"
"ТМ-2416п";"02.02.2026";"ПН";"7 пара (19:20-20:40)";"-"
"ТМ-2416п";"03.02.2026";"ВТ";"1 пара (08:30-09:55)";"История России — вся группа, Цимфер Татьяна Ивановна, Лесная"
"ТМ-2416п";"03.02.2026";"ВТ";"2 пара (10:05-11:30)";"История России — вся группа, Цимфер Татьяна Ивановна, Лесная"
"ТМ-2416п";"03.02.2026";"ВТ";"3 пара (12:25-13:50)";"История России — вся группа, Цимфер Татьяна Ивановна, Лесная"
"ТМ-2416п";"03.02.2026";"ВТ";"4 пара (14:00-15:25)";"История России — вся группа, Цимфер Татьяна Ивановна, Лесная"
"ТМ-2416п";"03.02.2026";"ВТ";"5 пара (15:35-16:55)";"История России — вся группа, Цимфер Татьяна Ивановна, Лесная"
"ТМ-2416п";"03.02.2026";"ВТ";"6 пара (17:05-18:25)";"-"
"ТМ-2416п";"03.02.2026";"ВТ";"7 пара (18:35-19:55)";"-"
"ТМ-2416п";"04.02.2026";"СР";"1 пара (08:30-09:55)";"-"
"ТМ-2416п";"04.02.2026";"СР";"2 пара (10:05-11:30)";"-"
"ТМ-2416п";"04.02.2026";"СР";"3 пара (12:25-13:50)";"Иностранный язык в профессиональной деятельности — 2 п/г, Ермолина Ирина Павловна, Лесная | ЛПЗ Компас 3D — 1 п/г, Симаков Семен Данилович, Лесная"
"ТМ-2416п";"04.02.2026";"СР";"4 пара (14:00-15:25)";"Иностранный язык в профессиональной деятельности — 2 п/г, Ермолина Ирина Павловна, Лесная | ЛПЗ Компас 3D — 1 п/г, Симаков Семен Данилович, Лесная"
"ТМ-2416п";"04.02.2026";"СР";"5 пара (15:35-16:55)";"Иностранный язык в профессиональной деятельности — 2 п/г, Ермолина Ирина Павловна, Лесная | ЛПЗ Компас 3D — 1 п/г, Симаков Семен Данилович, Лесная"
"ТМ-2416п";"04.02.2026";"СР";"6 пара (17:05-18:25)";"История России — вся группа, Цимфер Татьяна Ивановна, Лесная"
"ТМ-2416п";"04.02.2026";"СР";"7 пара (18:35-19:55)";"История России — вся группа, Цимфер Татьяна Ивановна, Лесная"
"ТМ-2416п";"05.02.2026";"ЧТ";"1 пара (08:30-09:55)";"-"
"ТМ-2416п";"05.02.2026";"ЧТ";"2 пара (10:05-11:30)";"-"
"ТМ-2416п";"05.02.2026";"ЧТ";"3 пара (12:25-13:50)";"Иностранный язык в профессиональной деятельности — 2 п/г, Ермолина Ирина Павловна, Лесная | ЛПЗ Компас 3D — 1 п/г, Симаков Семен Данилович, Лесная"
"ТМ-2416п";"05.02.2026";"ЧТ";"4 пара (14:00-15:25)";"Иностранный язык в профессиональной деятельности — 2 п/г, Ермолина Ирина Павловна, Лесная | ЛПЗ Компас 3D — 1 п/г, Симаков Семен Данилович, Лесная"
"ТМ-2416п";"05.02.2026";"ЧТ";"5 пара (15:35-16:55)";"Иностранный язык в профессиональной деятельности — 2 п/г, Ермолина Ирина Павловна, Лесная | ЛПЗ Компас 3D — 1 п/г, Симаков Семен Данилович, Лесная"
"ТМ-2416п";"05.02.2026";"ЧТ";"6 пара (17:05-18:25)";"История России — вся группа, Цимфер Татьяна Ивановна, Лесная"
"ТМ-2416п";"05.02.2026";"ЧТ";"7 пара (18:35-19:55)";"История России — вся группа, Цимфер Татьяна Ивановна, Лесная"
"ТМ-2416п";"06.02.2026";"ПТ";"1 пара (08:30-09:55)";"История России — вся группа, Цимфер Татьяна Ивановна, Лесная"
"ТМ-2416п";"06.02.2026";"ПТ";"2 пара (10:05-11:30)";"История России — вся группа, Цимфер Татьяна Ивановна, Лесная"
"ТМ-2416п";"06.02.2026";"ПТ";"3 пара (12:25-13:50)";"История России — вся группа, Цимфер Татьяна Ивановна, Лесная"
"ТМ-2416п";"06.02.2026";"ПТ";"4 пара (14:00-15:25)";"История России — вся группа, Цимфер Татьяна Ивановна, Лесная"
"ТМ-2416п";"06.02.2026";"ПТ";"5 пара (15:35-16:55)";"История России — вся группа, Цимфер Татьяна Ивановна, Лесная"
"ТМ-2416п";"06.02.2026";"ПТ";"6 пара (17:05-18:25)";"-"
"ТМ-2416п";"06.02.2026";"ПТ";"7 пара (18:35-19:55)";"-"
"ТМ-2416п";"07.02.2026";"СБ";"1 пара (08:30-09:45)";"Иностранный язык в профессиональной деятельности — 2 п/г, Ермолина Ирина Павловна, Лесная | ЛПЗ Компас 3D — 1 п/г, Симаков Семен Данилович, Лесная"
"ТМ-2416п";"07.02.2026";"СБ";"2 пара (09:55-11:10)";"Иностранный язык в профессиональной деятельности — 2 п/г, Ермолина Ирина Павловна, Лесная | ЛПЗ Компас 3D — 1 п/г, Симаков Семен Данилович, Лесная"
"ТМ-2416п";"07.02.2026";"СБ";"3 пара (11:30-12:45)";"Иностранный язык в профессиональной деятельности — 2 п/г, Ермолина Ирина Павловна, Лесная | ЛПЗ Компас 3D — 1 п/г, Симаков Семен Данилович, Лесная"
"ТМ-2416п";"07.02.2026";"СБ";"4 пара (12:55-14:10)";"Метрология, стандартизация и сертификация — вся группа, Садриева Татьяна Геннадьевна, Лесная"
"ТМ-2416п";"07.02.2026";"СБ";"5 пара (14:20-15:30)";"Метрология, стандартизация и сертификация — вся группа, Садриева Татьяна Геннадьевна, Лесная"
"ТМ-2416п";"07.02.2026";"СБ";"6 пара (15:40-16:50)";"-"
"ТМ-2416п";"07.02.2026";"СБ";"7 пара (17:00-18:10)";"-"
"ТМ-2416п";"09.02.2026";"ПН";"1 пара (09:15-10:40)";"Метрология, стандартизация и сертификация — вся группа, Садриева Татьяна Геннадьевна, Лесная"
"ТМ-2416п";"09.02.2026";"ПН";"2 пара (10:50-12:15)";"Метрология, стандартизация и сертификация — вся группа, Садриева Татьяна Геннадьевна, Лесная"
"ТМ-2416п";"09.02.2026";"ПН";"3 пара (13:10-14:35)";"Метрология, стандартизация и сертификация — вся группа, Садриева Татьяна Геннадьевна, Лесная"
"ТМ-2416п";"09.02.2026";"ПН";"4 пара (14:45-16:10)";"Метрология, стандартизация и сертификация — вся группа, Садриева Татьяна Геннадьевна, Лесная"
"ТМ-2416п";"09.02.2026";"ПН";"5 пара (16:20-17:40)";"Метрология, стандартизация и сертификация — вся группа, Садриева Татьяна Геннадьевна, Лесная"
"ТМ-2416п";"09.02.2026";"ПН";"6 пара (17:50-19:10)";"-"
"ТМ-2416п";"09.02.2026";"ПН";"7 пара (19:20-20:40)";"-"
"ТМ-2416п";"10.02.2026";"ВТ";"1 пара (08:30-09:55)";"Метрология, стандартизация и сертификация — вся группа, Садриева Татьяна Геннадьевна, Лесная"
"ТМ-2416п";"10.02.2026";"ВТ";"2 пара (10:05-11:30)";"Охрана труда — вся группа, Костарева Наталья Викторовна, Лесная"
"ТМ-2416п";"10.02.2026";"ВТ";"3 пара (12:25-13:50)";"Охрана труда — вся группа, Костарева Наталья Викторовна, Лесная"
"ТМ-2416п";"10.02.2026";"ВТ";"4 пара (14:00-15:25)";"Охрана труда — вся группа, Костарева Наталья Викторовна, Лесная"
"ТМ-2416п";"10.02.2026";"ВТ";"5 пара (15:35-16:55)";"Охрана труда — вся группа, Костарева Наталья Викторовна, Лесная"
"ТМ-2416п";"10.02.2026";"ВТ";"6 пара (17:05-18:25)";"-"
"ТМ-2416п";"10.02.2026";"ВТ";"7 пара (18:35-19:55)";"-"
"ТМ-2416п";"11.02.2026";"СР";"1 пара (08:30-09:55)";"Метрология, стандартизация и сертификация — вся группа, Садриева Татьяна Геннадьевна, Лесная"
"ТМ-2416п";"11.02.2026";"СР";"2 пара (10:05-11:30)";"Метрология, стандартизация и сертификация — вся группа, Садриева Татьяна Геннадьевна, Лесная"
"ТМ-2416п";"11.02.2026";"СР";"3 пара (12:25-13:50)";"Охрана труда — вся группа, Костарева Наталья Викторовна, Лесная"
"ТМ-2416п";"11.02.2026";"СР";"4 пара (14:00-15:25)";"Охрана труда — вся группа, Костарева Наталья Викторовна, Лесная"
"ТМ-2416п";"11.02.2026";"СР";"5 пара (15:35-16:55)";"Охрана труда — вся группа, Костарева Наталья Викторовна, Лесная"
"ТМ-2416п";"11.02.2026";"СР";"6 пара (17:05-18:25)";"-"
"ТМ-2416п";"11.02.2026";"СР";"7 пара (18:35-19:55)";"-"
"ТМ-2416п";"12.02.2026";"ЧТ";"1 пара (08:30-09:55)";"Метрология, стандартизация и сертификация — вся группа, Садриева Татьяна Геннадьевна, Лесная"
"ТМ-2416п";"12.02.2026";"ЧТ";"2 пара (10:05-11:30)";"Метрология, стандартизация и сертификация — вся группа, Садриева Татьяна Геннадьевна, Лесная"
"ТМ-2416п";"12.02.2026";"ЧТ";"3 пара (12:25-13:50)";"Охрана труда — вся группа, Костарева Наталья Викторовна, Лесная"
"ТМ-2416п";"12.02.2026";"ЧТ";"4 пара (14:00-15:25)";"Охрана труда — вся группа, Костарева Наталья Викторовна, Лесная"
"ТМ-2416п";"12.02.2026";"ЧТ";"5 пара (15:35-16:55)";"Охрана труда — вся группа, Костарева Наталья Викторовна, Лесная"
"ТМ-2416п";"12.02.2026";"ЧТ";"6 пара (17:05-18:25)";"-"
"ТМ-2416п";"12.02.2026";"ЧТ";"7 пара (18:35-19:55)";"-"
"ТМ-2416п";"13.02.2026";"ПТ";"1 пара (08:30-09:55)";"Метрология, стандартизация и сертификация — вся группа, Садриева Татьяна Геннадьевна, Лесная"
"ТМ-2416п";"13.02.2026";"ПТ";"2 пара (10:05-11:30)";"Метрология, стандартизация и сертификация — вся группа, Садриева Татьяна Геннадьевна, Лесная"
"ТМ-2416п";"13.02.2026";"ПТ";"3 пара (12:25-13:50)";"Охрана труда — вся группа, Костарева Наталья Викторовна, Лесная"
"ТМ-2416п";"13.02.2026";"ПТ";"4 пара (14:00-15:25)";"Охрана труда — вся группа, Костарева Наталья Викторовна, Лесная"
"ТМ-2416п";"13.02.2026";"ПТ";"5 пара (15:35-16:55)";"Охрана труда — вся группа, Костарева Наталья Викторовна, Лесная"
"ТМ-2416п";"13.02.2026";"ПТ";"6 пара (17:05-18:25)";"-"
"ТМ-2416п";"13.02.2026";"ПТ";"7 пара (18:35-19:55)";"-"
"ТМ-2416п";"14.02.2026";"СБ";"1 пара (08:30-09:45)";"-"
"ТМ-2416п";"14.02.2026";"СБ";"2 пара (09:55-11:10)";"-"
"ТМ-2416п";"14.02.2026";"СБ";"3 пара (11:30-12:45)";"Метрология, стандартизация и сертификация — вся группа, Садриева Татьяна Геннадьевна, Лесная"
"ТМ-2416п";"14.02.2026";"СБ";"4 пара (12:55-14:10)";"Метрология, стандартизация и сертификация — вся группа, Садриева Татьяна Геннадьевна, Лесная"
"ТМ-2416п";"14.02.2026";"СБ";"5 пара (14:20-15:30)";"Метрология, стандартизация и сертификация — вся группа, Садриева Татьяна Геннадьевна, Лесная"
"ТМ-2416п";"14.02.2026";"СБ";"6 пара (15:40-16:50)";"Физическая культура — вся группа, Нуров Мирзо Нуралиевич, Лесная"
"ТМ-2416п";"14.02.2026";"СБ";"7 пара (17:00-18:10)";"Физическая культура — вся группа, Нуров Мирзо Нуралиевич, Лесная"
"ТМ-2416п";"16.02.2026";"ПН";"1 пара (09:15-10:40)";"-"
"ТМ-2416п";"16.02.2026";"ПН";"2 пара (10:50-12:15)";"-"
"ТМ-2416п";"16.02.2026";"ПН";"3 пара (13:10-14:35)";"Физическая культура — вся группа, Нуров Мирзо Нуралиевич, Лесная"
"ТМ-2416п";"16.02.2026";"ПН";"4 пара (14:45-16:10)";"Физическая культура — вся группа, Нуров Мирзо Нуралиевич, Лесная"
"ТМ-2416п";"16.02.2026";"ПН";"5 пара (16:20-17:40)";"Физическая культура — вся группа, Нуров Мирзо Нуралиевич, Лесная"
"ТМ-2416п";"16.02.2026";"ПН";"6 пара (17:50-19:10)";"Физическая культура — вся группа, Нуров Мирзо Нуралиевич, Лесная"
"ТМ-2416п";"16.02.2026";"ПН";"7 пара (19:20-20:40)";"Физическая культура — вся группа, Нуров Мирзо Нуралиевич, Лесная"
"ТМ-2416п";"17.02.2026";"ВТ";"1 пара (08:30-09:55)";"Физическая культура — вся группа, Нуров Мирзо Нуралиевич, Лесная"
"ТМ-2416п";"17.02.2026";"ВТ";"2 пара (10:05-11:30)";"Физическая культура — вся группа, Нуров Мирзо Нуралиевич, Лесная"
"ТМ-2416п";"17.02.2026";"ВТ";"3 пара (12:25-13:50)";"Физическая культура — вся группа, Нуров Мирзо Нуралиевич, Лесная"
"ТМ-2416п";"17.02.2026";"ВТ";"4 пара (14:00-15:25)";"Физическая культура — вся группа, Нуров Мирзо Нуралиевич, Лесная"
"ТМ-2416п";"17.02.2026";"ВТ";"5 пара (15:35-16:55)";"Физическая культура — вся группа, Нуров Мирзо Нуралиевич, Лесная"
"ТМ-2416п";"17.02.2026";"ВТ";"6 пара (17:05-18:25)";"-"
"ТМ-2416п";"17.02.2026";"ВТ";"7 пара (18:35-19:55)";"-"
"ТМ-2416п";"18.02.2026";"СР";"1 пара (08:30-09:55)";"Физическая культура — вся группа, Нуров Мирзо Нуралиевич, Лесная"
"ТМ-2416п";"18.02.2026";"СР";"2 пара (10:05-11:30)";"Физическая культура — вся группа, Нуров Мирзо Нуралиевич, Лесная"
"ТМ-2416п";"18.02.2026";"СР";"3 пара (12:25-13:50)";"Физическая культура — вся группа, Нуров Мирзо Нуралиевич, Лесная"
"ТМ-2416п";"18.02.2026";"СР";"4 пара (14:00-15:25)";"Физическая культура — вся группа, Нуров Мирзо Нуралиевич, Лесная"
"ТМ-2416п";"18.02.2026";"СР";"5 пара (15:35-16:55)";"Физическая культура — вся группа, Нуров Мирзо Нуралиевич, Лесная"
"ТМ-2416п";"18.02.2026";"СР";"6 пара (17:05-18:25)";"-"
"ТМ-2416п";"18.02.2026";"СР";"7 пара (18:35-19:55)";"-"
"ТМ-2416п";"19.02.2026";"ЧТ";"1 пара (08:30-09:55)";"-"
"ТМ-2416п";"19.02.2026";"ЧТ";"2 пара (10:05-11:30)";"-"
"ТМ-2416п";"19.02.2026";"ЧТ";"3 пара (12:25-13:50)";"Метрология, стандартизация и сертификация — вся группа, Садриева Татьяна Геннадьевна, Лесная"
"ТМ-2416п";"19.02.2026";"ЧТ";"4 пара (14:00-15:25)";"Метрология, стандартизация и сертификация — вся группа, Садриева Татьяна Геннадьевна, Лесная"
"ТМ-2416п";"19.02.2026";"ЧТ";"5 пара (15:35-16:55)";"Метрология, стандартизация и сертификация — вся группа, Садриева Татьяна Геннадьевна, Лесная"
"ТМ-2416п";"19.02.2026";"ЧТ";"6 пара (17:05-18:25)";"-"
"ТМ-2416п";"19.02.2026";"ЧТ";"7 пара (18:35-19:55)";"-"
"ТМ-2416п";"20.02.2026";"ПТ";"1 пара (08:30-09:55)";"Метрология, стандартизация и сертификация — вся группа, Садриева Татьяна Геннадьевна, Лесная"
"ТМ-2416п";"20.02.2026";"ПТ";"2 пара (10:05-11:30)";"Метрология, стандартизация и сертификация — вся группа, Садриева Татьяна Геннадьевна, Лесная"
"ТМ-2416п";"20.02.2026";"ПТ";"3 пара (12:25-13:50)";"Метрология, стандартизация и сертификация — вся группа, Садриева Татьяна Геннадьевна, Лесная"
"ТМ-2416п";"20.02.2026";"ПТ";"4 пара (14:00-15:25)";"Метрология, стандартизация и сертификация — вся группа, Садриева Татьяна Геннадьевна, Лесная"
"ТМ-2416п";"20.02.2026";"ПТ";"5 пара (15:35-16:55)";"Процессы формообразования и инструменты — вся группа, Саламатина Вера Викторовна, Лесная"
"ТМ-2416п";"20.02.2026";"ПТ";"6 пара (17:05-18:25)";"-"
"ТМ-2416п";"20.02.2026";"ПТ";"7 пара (18:35-19:55)";"-"
"ТМ-2416п";"21.02.2026";"СБ";"1 пара (08:30-09:45)";"-"
"ТМ-2416п";"21.02.2026";"СБ";"2 пара (09:55-11:10)";"-"
"ТМ-2416п";"21.02.2026";"СБ";"3 пара (11:30-12:45)";"Процессы формообразования и инструменты — вся группа, Саламатина Вера Викторовна, Лесная"
"ТМ-2416п";"21.02.2026";"СБ";"4 пара (12:55-14:10)";"Процессы формообразования и инструменты — вся группа, Саламатина Вера Викторовна, Лесная"
"ТМ-2416п";"21.02.2026";"СБ";"5 пара (14:20-15:30)";"Процессы формообразования и инструменты — вся группа, Саламатина Вера Викторовна, Лесная"
"ТМ-2416п";"21.02.2026";"СБ";"6 пара (15:40-16:50)";"Метрология, стандартизация и сертификация — вся группа, Садриева Татьяна Геннадьевна, Лесная"
"ТМ-2416п";"21.02.2026";"СБ";"7 пара (17:00-18:10)";"Метрология, стандартизация и сертификация — вся группа, Садриева Татьяна Геннадьевна, Лесная"
"ТМ-2416п";"23.02.2026";"ПН";"1 пара (09:15-10:40)";"Процессы формообразования и инструменты — вся группа, Саламатина Вера Викторовна, Лесная"
"ТМ-2416п";"23.02.2026";"ПН";"2 пара (10:50-12:15)";"Охрана труда — вся группа, Костарева Наталья Викторовна, Лесная"
"ТМ-2416п";"23.02.2026";"ПН";"3 пара (13:10-14:35)";"Охрана труда — вся группа, Костарева Наталья Викторовна, Лесная"
"ТМ-2416п";"23.02.2026";"ПН";"4 пара (14:45-16:10)";"Охрана труда — вся группа, Костарева Наталья Викторовна, Лесная"
"ТМ-2416п";"23.02.2026";"ПН";"5 пара (16:20-17:40)";"Охрана труда — вся группа, Костарева Наталья Викторовна, Лесная"
"ТМ-2416п";"23.02.2026";"ПН";"6 пара (17:50-19:10)";"-"
"ТМ-2416п";"23.02.2026";"ПН";"7 пара (19:20-20:40)";"-"
"ТМ-2416п";"24.02.2026";"ВТ";"1 пара (08:30-09:55)";"-"
"ТМ-2416п";"24.02.2026";"ВТ";"2 пара (10:05-11:30)";"-"
"ТМ-2416п";"24.02.2026";"ВТ";"3 пара (12:25-13:50)";"Охрана труда — вся группа, Костарева Наталья Викторовна, Лесная"
"ТМ-2416п";"24.02.2026";"ВТ";"4 пара (14:00-15:25)";"Математика в профессиональной деятельности — вся группа, Нифонтова Ирина Геннадьевна, Лесная"
"ТМ-2416п";"24.02.2026";"ВТ";"5 пара (15:35-16:55)";"Математика в профессиональной деятельности — вся группа, Нифонтова Ирина Геннадьевна, Лесная"
"ТМ-2416п";"24.02.2026";"ВТ";"6 пара (17:05-18:25)";"Процессы формообразования и инструменты — вся группа, Саламатина Вера Викторовна, Лесная"
"ТМ-2416п";"24.02.2026";"ВТ";"7 пара (18:35-19:55)";"Процессы формообразования и инструменты — вся группа, Саламатина Вера Викторовна, Лесная"
"ТМ-2416п";"25.02.2026";"СР";"1 пара (08:30-09:55)";"-"
"ТМ-2416п";"25.02.2026";"СР";"2 пара (10:05-11:30)";"-"
"ТМ-2416п";"25.02.2026";"СР";"3 пара (12:25-13:50)";"Математика в профессиональной деятельности — вся группа, Нифонтова Ирина Геннадьевна, Лесная"
"ТМ-2416п";"25.02.2026";"СР";"4 пара (14:00-15:25)";"Математика в профессиональной деятельности — вся группа, Нифонтова Ирина Геннадьевна, Лесная"
"ТМ-2416п";"25.02.2026";"СР";"5 пара (15:35-16:55)";"Математика в профессиональной деятельности — вся группа, Нифонтова Ирина Геннадьевна, Лесная"
"ТМ-2416п";"25.02.2026";"СР";"6 пара (17:05-18:25)";"Процессы формообразования и инструменты — вся группа, Саламатина Вера Викторовна, Лесная"
"ТМ-2416п";"25.02.2026";"СР";"7 пара (18:35-19:55)";"Процессы формообразования и инструменты — вся группа, Саламатина Вера Викторовна, Лесная"
"ТМ-2416п";"26.02.2026";"ЧТ";"1 пара (08:30-09:55)";"-"
"ТМ-2416п";"26.02.2026";"ЧТ";"2 пара (10:05-11:30)";"-"
"ТМ-2416п";"26.02.2026";"ЧТ";"3 пара (12:25-13:50)";"Математика в профессиональной деятельности — вся группа, Нифонтова Ирина Геннадьевна, Лесная"
"ТМ-2416п";"26.02.2026";"ЧТ";"4 пара (14:00-15:25)";"Математика в профессиональной деятельности — вся группа, Нифонтова Ирина Геннадьевна, Лесная"
"ТМ-2416п";"26.02.2026";"ЧТ";"5 пара (15:35-16:55)";"Математика в профессиональной деятельности — вся группа, Нифонтова Ирина Геннадьевна, Лесная"
"ТМ-2416п";"26.02.2026";"ЧТ";"6 пара (17:05-18:25)";"Процессы формообразования и инструменты — вся группа, Саламатина Вера Викторовна, Лесная"
"ТМ-2416п";"26.02.2026";"ЧТ";"7 пара (18:35-19:55)";"Процессы формообразования и инструменты — вся группа, Саламатина Вера Викторовна, Лесная"
"ТМ-2416п";"27.02.2026";"ПТ";"1 пара (08:30-09:55)";"-"
"ТМ-2416п";"27.02.2026";"ПТ";"2 пара (10:05-11:30)";"-"
"ТМ-2416п";"27.02.2026";"ПТ";"3 пара (12:25-13:50)";"Математика в профессиональной деятельности — вся группа, Нифонтова Ирина Геннадьевна, Лесная"
"ТМ-2416п";"27.02.2026";"ПТ";"4 пара (14:00-15:25)";"Математика в профессиональной деятельности — вся группа, Нифонтова Ирина Геннадьевна, Лесная"
"ТМ-2416п";"27.02.2026";"ПТ";"5 пара (15:35-16:55)";"Математика в профессиональной деятельности — вся группа, Нифонтова Ирина Геннадьевна, Лесная"
"ТМ-2416п";"27.02.2026";"ПТ";"6 пара (17:05-18:25)";"Процессы формообразования и инструменты — вся группа, Саламатина Вера Викторовна, Лесная"
"ТМ-2416п";"27.02.2026";"ПТ";"7 пара (18:35-19:55)";"Процессы формообразования и инструменты — вся группа, Саламатина Вера Викторовна, Лесная"
"ТМ-2416п";"28.02.2026";"СБ";"1 пара (08:30-09:45)";"-"
"ТМ-2416п";"28.02.2026";"СБ";"2 пара (09:55-11:10)";"-"
"ТМ-2416п";"28.02.2026";"СБ";"3 пара (11:30-12:45)";"Математика в профессиональной деятельности — вся группа, Нифонтова Ирина Геннадьевна, Лесная"
"ТМ-2416п";"28.02.2026";"СБ";"4 пара (12:55-14:10)";"Математика в профессиональной деятельности — вся группа, Нифонтова Ирина Геннадьевна, Лесная"
"ТМ-2416п";"28.02.2026";"СБ";"5 пара (14:20-15:30)";"Математика в профессиональной деятельности — вся группа, Нифонтова Ирина Геннадьевна, Лесная"
"ТМ-2416п";"28.02.2026";"СБ";"6 пара (15:40-16:50)";"Процессы формообразования и инструменты — вся группа, Саламатина Вера Викторовна, Лесная"
"ТМ-2416п";"28.02.2026";"СБ";"7 пара (17:00-18:10)";"Процессы формообразования и инструменты — вся группа, Саламатина Вера Викторовна, Лесная"
"ТМ-2416п";"02.03.2026";"ПН";"1 пара (09:15-10:40)";"-"
"ТМ-2416п";"02.03.2026";"ПН";"2 пара (10:50-12:15)";"-"
"ТМ-2416п";"02.03.2026";"ПН";"3 пара (13:10-14:35)";"Математика в профессиональной деятельности — вся группа, Нифонтова Ирина Геннадьевна, Лесная"
"ТМ-2416п";"02.03.2026";"ПН";"4 пара (14:45-16:10)";"Математика в профессиональной деятельности — вся группа, Нифонтова Ирина Геннадьевна, Лесная"
"ТМ-2416п";"02.03.2026";"ПН";"5 пара (16:20-17:40)";"Математика в профессиональной деятельности — вся группа, Нифонтова Ирина Геннадьевна, Лесная"
"ТМ-2416п";"02.03.2026";"ПН";"6 пара (17:50-19:10)";"Процессы формообразования и инструменты — вся группа, Саламатина Вера Викторовна, Лесная"
"ТМ-2416п";"02.03.2026";"ПН";"7 пара (19:20-20:40)";"Процессы формообразования и инструменты — вся группа, Саламатина Вера Викторовна, Лесная"
"ТМ-2416п";"03.03.2026";"ВТ";"1 пара (08:30-09:55)";"-"
"ТМ-2416п";"03.03.2026";"ВТ";"2 пара (10:05-11:30)";"-"
"ТМ-2416п";"03.03.2026";"ВТ";"3 пара (12:25-13:50)";"Математика в профессиональной деятельности — вся группа, Нифонтова Ирина Геннадьевна, Лесная"
"ТМ-2416п";"03.03.2026";"ВТ";"4 пара (14:00-15:25)";"Компас 3D — вся группа, Симаков Семен Данилович, Лесная"
"ТМ-2416п";"03.03.2026";"ВТ";"5 пара (15:35-16:55)";"Процессы формообразования и инструменты — вся группа, Саламатина Вера Викторовна, Лесная"
"ТМ-2416п";"03.03.2026";"ВТ";"6 пара (17:05-18:25)";"Процессы формообразования и инструменты — вся группа, Саламатина Вера Викторовна, Лесная"
"ТМ-2416п";"03.03.2026";"ВТ";"7 пара (18:35-19:55)";"Процессы формообразования и инструменты — вся группа, Саламатина Вера Викторовна, Лесная"
"ТМ-2416п";"04.03.2026";"СР";"1 пара (08:30-09:55)";"Процессы формообразования и инструменты — вся группа, Саламатина Вера Викторовна, Лесная"
"ТМ-2416п";"04.03.2026";"СР";"2 пара (10:05-11:30)";"Технология машиностроения — вся группа, Саламатина Вера Викторовна, Лесная"
"ТМ-2416п";"04.03.2026";"СР";"3 пара (12:25-13:50)";"Технология машиностроения — вся группа, Саламатина Вера Викторовна, Лесная"
"ТМ-2416п";"04.03.2026";"СР";"4 пара (14:00-15:25)";"Технология машиностроения — вся группа, Саламатина Вера Викторовна, Лесная"
"ТМ-2416п";"04.03.2026";"СР";"5 пара (15:35-16:55)";"Технология машиностроения — вся группа, Саламатина Вера Викторовна, Лесная"
"ТМ-2416п";"04.03.2026";"СР";"6 пара (17:05-18:25)";"-"
"ТМ-2416п";"04.03.2026";"СР";"7 пара (18:35-19:55)";"-"
"ТМ-2416п";"05.03.2026";"ЧТ";"1 пара (08:30-09:55)";"Технология машиностроения — вся группа, Саламатина Вера Викторовна, Лесная"
"ТМ-2416п";"05.03.2026";"ЧТ";"2 пара (10:05-11:30)";"Технология машиностроения — вся группа, Саламатина Вера Викторовна, Лесная"
"ТМ-2416п";"05.03.2026";"ЧТ";"3 пара (12:25-13:50)";"Технология машиностроения — вся группа, Саламатина Вера Викторовна, Лесная"
"ТМ-2416п";"05.03.2026";"ЧТ";"4 пара (14:00-15:25)";"Технология машиностроения — вся группа, Саламатина Вера Викторовна, Лесная"
"ТМ-2416п";"05.03.2026";"ЧТ";"5 пара (15:35-16:55)";"Технология машиностроения — вся группа, Саламатина Вера Викторовна, Лесная"
"ТМ-2416п";"05.03.2026";"ЧТ";"6 пара (17:05-18:25)";"-"
"ТМ-2416п";"05.03.2026";"ЧТ";"7 пара (18:35-19:55)";"-"
"ТМ-2416п";"06.03.2026";"ПТ";"1 пара (08:30-09:55)";"Технология машиностроения — вся группа, Саламатина Вера Викторовна, Лесная"
"ТМ-2416п";"06.03.2026";"ПТ";"2 пара (10:05-11:30)";"Технология машиностроения — вся группа, Саламатина Вера Викторовна, Лесная"
"ТМ-2416п";"06.03.2026";"ПТ";"3 пара (12:25-13:50)";"Технология машиностроения — вся группа, Саламатина Вера Викторовна, Лесная"
"ТМ-2416п";"06.03.2026";"ПТ";"4 пара (14:00-15:25)";"Технология машиностроения — вся группа, Саламатина Вера Викторовна, Лесная"
"ТМ-2416п";"06.03.2026";"ПТ";"5 пара (15:35-16:55)";"Технология машиностроения — вся группа, Саламатина Вера Викторовна, Лесная"
"ТМ-2416п";"06.03.2026";"ПТ";"6 пара (17:05-18:25)";"-"
"ТМ-2416п";"06.03.2026";"ПТ";"7 пара (18:35-19:55)";"-"
"ТМ-2416п";"07.03.2026";"СБ";"1 пара (08:30-09:45)";"Технология машиностроения — вся группа, Саламатина Вера Викторовна, Лесная"
"ТМ-2416п";"07.03.2026";"СБ";"2 пара (09:55-11:10)";"Технология машиностроения — вся группа, Саламатина Вера Викторовна, Лесная"
"ТМ-2416п";"07.03.2026";"СБ";"3 пара (11:30-12:45)";"Технология машиностроения — вся группа, Саламатина Вера Викторовна, Лесная"
"ТМ-2416п";"07.03.2026";"СБ";"4 пара (12:55-14:10)";"Технологическая оснастка — вся группа, Саламатина Вера Викторовна, Лесная"
"ТМ-2416п";"07.03.2026";"СБ";"5 пара (14:20-15:30)";"Технологическая оснастка — вся группа, Саламатина Вера Викторовна, Лесная"
"ТМ-2416п";"07.03.2026";"СБ";"6 пара (15:40-16:50)";"-"
"ТМ-2416п";"07.03.2026";"СБ";"7 пара (17:00-18:10)";"-"
"ТМ-2416п";"09.03.2026";"ПН";"1 пара (09:15-10:40)";"Технологическая оснастка — вся группа, Саламатина Вера Викторовна, Лесная"
"ТМ-2416п";"09.03.2026";"ПН";"2 пара (10:50-12:15)";"Технологическая оснастка — вся группа, Саламатина Вера Викторовна, Лесная"
"ТМ-2416п";"09.03.2026";"ПН";"3 пара (13:10-14:35)";"Технологическая оснастка — вся группа, Саламатина Вера Викторовна, Лесная"
"ТМ-2416п";"09.03.2026";"ПН";"4 пара (14:45-16:10)";"Технологическая оснастка — вся группа, Саламатина Вера Викторовна, Лесная"
"ТМ-2416п";"09.03.2026";"ПН";"5 пара (16:20-17:40)";"Технологическая оснастка — вся группа, Саламатина Вера Викторовна, Лесная"
"ТМ-2416п";"09.03.2026";"ПН";"6 пара (17:50-19:10)";"-"
"ТМ-2416п";"09.03.2026";"ПН";"7 пара (19:20-20:40)";"-"
"ТМ-2416п";"10.03.2026";"ВТ";"1 пара (08:30-09:55)";"Технологическая оснастка — вся группа, Саламатина Вера Викторовна, Лесная"
"ТМ-2416п";"10.03.2026";"ВТ";"2 пара (10:05-11:30)";"Технологическая оснастка — вся группа, Саламатина Вера Викторовна, Лесная"
"ТМ-2416п";"10.03.2026";"ВТ";"3 пара (12:25-13:50)";"Технологическая оснастка — вся группа, Саламатина Вера Викторовна, Лесная"
"ТМ-2416п";"10.03.2026";"ВТ";"4 пара (14:00-15:25)";"Технологическая оснастка — вся группа, Саламатина Вера Викторовна, Лесная"
"ТМ-2416п";"10.03.2026";"ВТ";"5 пара (15:35-16:55)";"Технологическая оснастка — вся группа, Саламатина Вера Викторовна, Лесная"
"ТМ-2416п";"10.03.2026";"ВТ";"6 пара (17:05-18:25)";"-"
"ТМ-2416п";"10.03.2026";"ВТ";"7 пара (18:35-19:55)";"-"
"ТМ-2416п";"11.03.2026";"СР";"1 пара (08:30-09:55)";"Технологическая оснастка — вся группа, Саламатина Вера Викторовна, Лесная"
"ТМ-2416п";"11.03.2026";"СР";"2 пара (10:05-11:30)";"Технологическая оснастка — вся группа, Саламатина Вера Викторовна, Лесная"
"ТМ-2416п";"11.03.2026";"СР";"3 пара (12:25-13:50)";"Технологическая оснастка — вся группа, Саламатина Вера Викторовна, Лесная"
"ТМ-2416п";"11.03.2026";"СР";"4 пара (14:00-15:25)";"Технологическая оснастка — вся группа, Саламатина Вера Викторовна, Лесная"
"ТМ-2416п";"11.03.2026";"СР";"5 пара (15:35-16:55)";"Технологическая оснастка — вся группа, Саламатина Вера Викторовна, Лесная"
"ТМ-2416п";"11.03.2026";"СР";"6 пара (17:05-18:25)";"-"
"ТМ-2416п";"11.03.2026";"СР";"7 пара (18:35-19:55)";"-"
"ТМ-2416п";"12.03.2026";"ЧТ";"1 пара (08:30-09:55)";"-"
"ТМ-2416п";"12.03.2026";"ЧТ";"2 пара (10:05-11:30)";"Компас 3D — вся группа, Симаков Семен Данилович, Лесная"
"ТМ-2416п";"12.03.2026";"ЧТ";"3 пара (12:25-13:50)";"Компас 3D — вся группа, Симаков Семен Данилович, Лесная"
"ТМ-2416п";"12.03.2026";"ЧТ";"4 пара (14:00-15:25)";"Компас 3D — вся группа, Симаков Семен Данилович, Лесная"
"ТМ-2416п";"12.03.2026";"ЧТ";"5 пара (15:35-16:55)";"Компас 3D — вся группа, Симаков Семен Данилович, Лесная"
"ТМ-2416п";"12.03.2026";"ЧТ";"6 пара (17:05-18:25)";"Технологическая оснастка — вся группа, Саламатина Вера Викторовна, Лесная"
"ТМ-2416п";"12.03.2026";"ЧТ";"7 пара (18:35-19:55)";"-"
"ТМ-2416п";"13.03.2026";"ПТ";"1 пара (08:30-09:55)";"Компас 3D — вся группа, Симаков Семен Данилович, Лесная"
"ТМ-2416п";"13.03.2026";"ПТ";"2 пара (10:05-11:30)";"Компас 3D — вся группа, Симаков Семен Данилович, Лесная"
"ТМ-2416п";"13.03.2026";"ПТ";"3 пара (12:25-13:50)";"Компас 3D — вся группа, Симаков Семен Данилович, Лесная"
"ТМ-2416п";"13.03.2026";"ПТ";"4 пара (14:00-15:25)";"Компас 3D — вся группа, Симаков Семен Данилович, Лесная"
"ТМ-2416п";"13.03.2026";"ПТ";"5 пара (15:35-16:55)";"Компас 3D — вся группа, Симаков Семен Данилович, Лесная"
"ТМ-2416п";"13.03.2026";"ПТ";"6 пара (17:05-18:25)";"-"
"ТМ-2416п";"13.03.2026";"ПТ";"7 пара (18:35-19:55)";"-"
"ТМ-2416п";"14.03.2026";"СБ";"1 пара (08:30-09:45)";"УП.07 (УП утро 08:30-12:00) — 1 п/г, Симаков Семен Данилович, Лесная"
"ТМ-2416п";"14.03.2026";"СБ";"2 пара (09:55-11:10)";"УП.07 (УП утро 08:30-12:00) — 1 п/г, Симаков Семен Данилович, Лесная"
"ТМ-2416п";"14.03.2026";"СБ";"3 пара (11:30-12:45)";"ЛПЗ Информационные технологии в профессиональной деятельности — 2 п/г, Азарян Карине Айказовна, Лесная"
"ТМ-2416п";"14.03.2026";"СБ";"4 пара (12:55-14:10)";"ЛПЗ Компас 3D — 2 п/г, Симаков Семен Данилович, Лесная"
"ТМ-2416п";"14.03.2026";"СБ";"5 пара (14:20-15:30)";"ЛПЗ Компас 3D — 2 п/г, Симаков Семен Данилович, Лесная"
"ТМ-2416п";"14.03.2026";"СБ";"6 пара (15:40-16:50)";"ЛПЗ Компас 3D — 2 п/г, Симаков Семен Данилович, Лесная"
"ТМ-2416п";"14.03.2026";"СБ";"7 пара (17:00-18:10)";"ЛПЗ Компас 3D — 2 п/г, Симаков Семен Данилович, Лесная"
"ТМ-2416п";"16.03.2026";"ПН";"1 пара (09:15-10:40)";"Компас 3D — вся группа, Симаков Семен Данилович, Лесная"
"ТМ-2416п";"16.03.2026";"ПН";"2 пара (10:50-12:15)";"Компас 3D — вся группа, Симаков Семен Данилович, Лесная"
"ТМ-2416п";"16.03.2026";"ПН";"3 пара (13:10-14:35)";"ЛПЗ Компас 3D — 1 п/г, Симаков Семен Данилович, Лесная | ЛПЗ Информационные технологии в профессиональной деятельности — 2 п/г, Азарян Карине Айказовна, Лесная"
"ТМ-2416п";"16.03.2026";"ПН";"4 пара (14:45-16:10)";"Информационные технологии в профессиональной деятельности — вся группа, Азарян Карине Айказовна, Лесная"
"ТМ-2416п";"16.03.2026";"ПН";"5 пара (16:20-17:40)";"Информационные технологии в профессиональной деятельности — вся группа, Азарян Карине Айказовна, Лесная"
"ТМ-2416п";"16.03.2026";"ПН";"6 пара (17:50-19:10)";"-"
"ТМ-2416п";"16.03.2026";"ПН";"7 пара (19:20-20:40)";"-"
"ТМ-2416п";"17.03.2026";"ВТ";"1 пара (08:30-09:55)";"-"
"ТМ-2416п";"17.03.2026";"ВТ";"2 пара (10:05-11:30)";"ЛПЗ Информационные технологии в профессиональной деятельности — 1 п/г, Азарян Карине Айказовна, Лесная"
"ТМ-2416п";"17.03.2026";"ВТ";"3 пара (12:25-13:50)";"Информационные технологии в профессиональной деятельности — вся группа, Азарян Карине Айказовна, Лесная"
"ТМ-2416п";"17.03.2026";"ВТ";"4 пара (14:00-15:25)";"Информационные технологии в профессиональной деятельности — вся группа, Азарян Карине Айказовна, Лесная"
"ТМ-2416п";"17.03.2026";"ВТ";"5 пара (15:35-16:55)";"Информационные технологии в профессиональной деятельности — вся группа, Азарян Карине Айказовна, Лесная"
"ТМ-2416п";"17.03.2026";"ВТ";"6 пара (17:05-18:25)";"ЛПЗ Компас 3D — 1 п/г, Симаков Семен Данилович, Лесная | ЛПЗ Информационные технологии в профессиональной деятельности — 2 п/г, Азарян Карине Айказовна, Лесная"
"ТМ-2416п";"17.03.2026";"ВТ";"7 пара (18:35-19:55)";"ЛПЗ Компас 3D — 2 п/г, Симаков Семен Данилович, Лесная"
"ТМ-2416п";"18.03.2026";"СР";"1 пара (08:30-09:55)";"ЛПЗ Информационные технологии в профессиональной деятельности — 1 п/г, Азарян Карине Айказовна, Лесная"
"ТМ-2416п";"18.03.2026";"СР";"2 пара (10:05-11:30)";"ЛПЗ Информационные технологии в профессиональной деятельности — 1 п/г, Азарян Карине Айказовна, Лесная"
"ТМ-2416п";"18.03.2026";"СР";"3 пара (12:25-13:50)";"Информационные технологии в профессиональной деятельности — вся группа, Азарян Карине Айказовна, Лесная"
"ТМ-2416п";"18.03.2026";"СР";"4 пара (14:00-15:25)";"Информационные технологии в профессиональной деятельности — вся группа, Азарян Карине Айказовна, Лесная"
"ТМ-2416п";"18.03.2026";"СР";"5 пара (15:35-16:55)";"ЛПЗ Информационные технологии в профессиональной деятельности — 1 п/г, Азарян Карине Айказовна, Лесная | ЛПЗ МДК.01.01 Разработка технологических процессов изготовления деталей машин с применением систем автоматизированного проектирования — 2 п/г, Вальдиянов Ян Мансурович, Лесная"
"ТМ-2416п";"18.03.2026";"СР";"6 пара (17:05-18:25)";"ЛПЗ Компас 3D — 2 п/г, Симаков Семен Данилович, Лесная"
"ТМ-2416п";"18.03.2026";"СР";"7 пара (18:35-19:55)";"ЛПЗ Компас 3D — 2 п/г, Симаков Семен Данилович, Лесная"
"ТМ-2416п";"19.03.2026";"ЧТ";"1 пара (08:30-09:55)";"ЛПЗ Информационные технологии в профессиональной деятельности — 1 п/г, Азарян Карине Айказовна, Лесная"
"ТМ-2416п";"19.03.2026";"ЧТ";"2 пара (10:05-11:30)";"ЛПЗ МДК.01.01 Разработка технологических процессов изготовления деталей машин с применением систем автоматизированного проектирования — 1 п/г, Вальдиянов Ян Мансурович, Лесная"
"ТМ-2416п";"19.03.2026";"ЧТ";"3 пара (12:25-13:50)";"МДК.01.01 Разработка технологических процессов изготовления деталей машин с применением систем автоматизированного проектирования — вся группа, Вальдиянов Ян Мансурович, Лесная"
"ТМ-2416п";"19.03.2026";"ЧТ";"4 пара (14:00-15:25)";"МДК.01.01 Разработка технологических процессов изготовления деталей машин с применением систем автоматизированного проектирования — вся группа, Вальдиянов Ян Мансурович, Лесная"
"ТМ-2416п";"19.03.2026";"ЧТ";"5 пара (15:35-16:55)";"МДК.01.01 Разработка технологических процессов изготовления деталей машин с применением систем автоматизированного проектирования — вся группа, Вальдиянов Ян Мансурович, Лесная"
"ТМ-2416п";"19.03.2026";"ЧТ";"6 пара (17:05-18:25)";"ЛПЗ Информационные технологии в профессиональной деятельности — 2 п/г, Азарян Карине Айказовна, Лесная"
"ТМ-2416п";"19.03.2026";"ЧТ";"7 пара (18:35-19:55)";"ЛПЗ Компас 3D — 2 п/г, Симаков Семен Данилович, Лесная"
"ТМ-2416п";"20.03.2026";"ПТ";"1 пара (08:30-09:55)";"ЛПЗ МДК.01.01 Разработка технологических процессов изготовления деталей машин с применением систем автоматизированного проектирования — 2 п/г, Вальдиянов Ян Мансурович, Лесная"
"ТМ-2416п";"20.03.2026";"ПТ";"2 пара (10:05-11:30)";"ЛПЗ Компас 3D — 2 п/г, Симаков Семен Данилович, Лесная"
"ТМ-2416п";"20.03.2026";"ПТ";"3 пара (12:25-13:50)";"МДК.01.01 Разработка технологических процессов изготовления деталей машин с применением систем автоматизированного проектирования — вся группа, Вальдиянов Ян Мансурович, Лесная"
"ТМ-2416п";"20.03.2026";"ПТ";"4 пара (14:00-15:25)";"МДК.01.01 Разработка технологических процессов изготовления деталей машин с применением систем автоматизированного проектирования — вся группа, Вальдиянов Ян Мансурович, Лесная"
"ТМ-2416п";"20.03.2026";"ПТ";"5 пара (15:35-16:55)";"МДК.01.01 Разработка технологических процессов изготовления деталей машин с применением систем автоматизированного проектирования — вся группа, Вальдиянов Ян Мансурович, Лесная"
"ТМ-2416п";"20.03.2026";"ПТ";"6 пара (17:05-18:25)";"ЛПЗ Информационные технологии в профессиональной деятельности — 1 п/г, Азарян Карине Айказовна, Лесная"
"ТМ-2416п";"20.03.2026";"ПТ";"7 пара (18:35-19:55)";"ЛПЗ Информационные технологии в профессиональной деятельности — 1 п/г, Азарян Карине Айказовна, Лесная"
"ТМ-2416п";"21.03.2026";"СБ";"1 пара (08:30-09:45)";"УП.07 (УП утро 08:30-12:00) — 1 п/г, Симаков Семен Данилович, Лесная"
"ТМ-2416п";"21.03.2026";"СБ";"2 пара (09:55-11:10)";"УП.07 (УП утро 08:30-12:00) — 1 п/г, Симаков Семен Данилович, Лесная"
"ТМ-2416п";"21.03.2026";"СБ";"3 пара (11:30-12:45)";"ЛПЗ МДК.01.01 Разработка технологических процессов изготовления деталей машин с применением систем автоматизированного проектирования — 2 п/г, Вальдиянов Ян Мансурович, Лесная"
"ТМ-2416п";"21.03.2026";"СБ";"4 пара (12:55-14:10)";"ЛПЗ МДК.01.02 Оформление технологической документации по процессам изготовления деталей машин — 2 п/г, Саламатина Вера Викторовна, Лесная"
"ТМ-2416п";"21.03.2026";"СБ";"5 пара (14:20-15:30)";"ЛПЗ МДК.01.02 Оформление технологической документации по процессам изготовления деталей машин — 2 п/г, Саламатина Вера Викторовна, Лесная"
"ТМ-2416п";"21.03.2026";"СБ";"6 пара (15:40-16:50)";"ЛПЗ Информационные технологии в профессиональной деятельности — 2 п/г, Азарян Карине Айказовна, Лесная"
"ТМ-2416п";"21.03.2026";"СБ";"7 пара (17:00-18:10)";"ЛПЗ Информационные технологии в профессиональной деятельности — 2 п/г, Азарян Карине Айказовна, Лесная"
"ТМ-2416п";"23.03.2026";"ПН";"1 пара (09:15-10:40)";"МДК.01.01 Разработка технологических процессов изготовления деталей машин с применением систем автоматизированного проектирования — вся группа, Вальдиянов Ян Мансурович, Лесная"
"ТМ-2416п";"23.03.2026";"ПН";"2 пара (10:50-12:15)";"МДК.01.01 Разработка технологических процессов изготовления деталей машин с применением систем автоматизированного проектирования — вся группа, Вальдиянов Ян Мансурович, Лесная"
"ТМ-2416п";"23.03.2026";"ПН";"3 пара (13:10-14:35)";"МДК.01.02 Оформление технологической документации по процессам изготовления деталей машин — вся группа, Саламатина Вера Викторовна, Лесная"
"ТМ-2416п";"23.03.2026";"ПН";"4 пара (14:45-16:10)";"МДК.01.02 Оформление технологической документации по процессам изготовления деталей машин — вся группа, Саламатина Вера Викторовна, Лесная"
"ТМ-2416п";"23.03.2026";"ПН";"5 пара (16:20-17:40)";"МДК.01.02 Оформление технологической документации по процессам изготовления деталей машин — вся группа, Саламатина Вера Викторовна, Лесная"
"ТМ-2416п";"23.03.2026";"ПН";"6 пара (17:50-19:10)";"-"
"ТМ-2416п";"23.03.2026";"ПН";"7 пара (19:20-20:40)";"-"
"ТМ-2416п";"24.03.2026";"ВТ";"1 пара (08:30-09:55)";"-"
"ТМ-2416п";"24.03.2026";"ВТ";"2 пара (10:05-11:30)";"-"
"ТМ-2416п";"24.03.2026";"ВТ";"3 пара (12:25-13:50)";"МДК.01.02 Оформление технологической документации по процессам изготовления деталей машин — вся группа, Саламатина Вера Викторовна, Лесная"
"ТМ-2416п";"24.03.2026";"ВТ";"4 пара (14:00-15:25)";"МДК.01.02 Оформление технологической документации по процессам изготовления деталей машин — вся группа, Саламатина Вера Викторовна, Лесная"
"ТМ-2416п";"24.03.2026";"ВТ";"5 пара (15:35-16:55)";"МДК.01.02 Оформление технологической документации по процессам изготовления деталей машин — вся группа, Саламатина Вера Викторовна, Лесная"
"ТМ-2416п";"24.03.2026";"ВТ";"6 пара (17:05-18:25)";"ЛПЗ Информационные технологии в профессиональной деятельности — 1 п/г, Азарян Карине Айказовна, Лесная | ЛПЗ МДК.01.01 Разработка технологических процессов изготовления деталей машин с применением систем автоматизированного проектирования — 2 п/г, Вальдиянов Ян Мансурович, Лесная"
"ТМ-2416п";"24.03.2026";"ВТ";"7 пара (18:35-19:55)";"ЛПЗ Информационные технологии в профессиональной деятельности — 1 п/г, Азарян Карине Айказовна, Лесная | ЛПЗ МДК.01.01 Разработка технологических процессов изготовления деталей машин с применением систем автоматизированного проектирования — 2 п/г, Вальдиянов Ян Мансурович, Лесная"
"ТМ-2416п";"25.03.2026";"СР";"1 пара (08:30-09:55)";"-"
"ТМ-2416п";"25.03.2026";"СР";"2 пара (10:05-11:30)";"-"
"ТМ-2416п";"25.03.2026";"СР";"3 пара (12:25-13:50)";"МДК.01.01 Разработка технологических процессов изготовления деталей машин с применением систем автоматизированного проектирования — вся группа, Вальдиянов Ян Мансурович, Лесная"
"ТМ-2416п";"25.03.2026";"СР";"4 пара (14:00-15:25)";"ЛПЗ Информационные технологии в профессиональной деятельности — 1 п/г, Азарян Карине Айказовна, Лесная | ЛПЗ МДК.01.02 Оформление технологической документации по процессам изготовления деталей машин — 2 п/г, Саламатина Вера Викторовна, Лесная"
"ТМ-2416п";"25.03.2026";"СР";"5 пара (15:35-16:55)";"ЛПЗ Информационные технологии в профессиональной деятельности — 1 п/г, Азарян Карине Айказовна, Лесная | ЛПЗ МДК.01.02 Оформление технологической документации по процессам изготовления деталей машин — 2 п/г, Саламатина Вера Викторовна, Лесная"
"ТМ-2416п";"25.03.2026";"СР";"6 пара (17:05-18:25)";"ЛПЗ Информационные технологии в профессиональной деятельности — 2 п/г, Азарян Карине Айказовна, Лесная | ЛПЗ МДК.01.01 Разработка технологических процессов изготовления деталей машин с применением систем автоматизированного проектирования — 1 п/г, Вальдиянов Ян Мансурович, Лесная"
"ТМ-2416п";"25.03.2026";"СР";"7 пара (18:35-19:55)";"ЛПЗ Информационные технологии в профессиональной деятельности — 2 п/г, Азарян Карине Айказовна, Лесная | ЛПЗ МДК.01.01 Разработка технологических процессов изготовления деталей машин с применением систем автоматизированного проектирования — 1 п/г, Вальдиянов Ян Мансурович, Лесная"
"ТМ-2416п";"26.03.2026";"ЧТ";"1 пара (08:30-09:55)";"ЛПЗ Информационные технологии в профессиональной деятельности — 2 п/г, Азарян Карине Айказовна, Лесная"
"ТМ-2416п";"26.03.2026";"ЧТ";"2 пара (10:05-11:30)";"ЛПЗ Информационные технологии в профессиональной деятельности — 2 п/г, Азарян Карине Айказовна, Лесная"
"ТМ-2416п";"26.03.2026";"ЧТ";"3 пара (12:25-13:50)";"ЛПЗ Информационные технологии в профессиональной деятельности — 2 п/г, Азарян Карине Айказовна, Лесная | ЛПЗ МДК.01.02 Оформление технологической документации по процессам изготовления деталей машин — 1 п/г, Саламатина Вера Викторовна, Лесная"
"ТМ-2416п";"26.03.2026";"ЧТ";"4 пара (14:00-15:25)";"МДК.01.02 Оформление технологической документации по процессам изготовления деталей машин — вся группа, Саламатина Вера Викторовна, Лесная"
"ТМ-2416п";"26.03.2026";"ЧТ";"5 пара (15:35-16:55)";"МДК.01.02 Оформление технологической документации по процессам изготовления деталей машин — вся группа, Саламатина Вера Викторовна, Лесная"
"ТМ-2416п";"26.03.2026";"ЧТ";"6 пара (17:05-18:25)";"ЛПЗ МДК.01.01 Разработка технологических процессов изготовления деталей машин с применением систем автоматизированного проектирования — 1 п/г, Вальдиянов Ян Мансурович, Лесная"
"ТМ-2416п";"26.03.2026";"ЧТ";"7 пара (18:35-19:55)";"ЛПЗ МДК.01.01 Разработка технологических процессов изготовления деталей машин с применением систем автоматизированного проектирования — 1 п/г, Вальдиянов Ян Мансурович, Лесная"
"ТМ-2416п";"27.03.2026";"ПТ";"1 пара (08:30-09:55)";"-"
"ТМ-2416п";"27.03.2026";"ПТ";"2 пара (10:05-11:30)";"-"
"ТМ-2416п";"27.03.2026";"ПТ";"3 пара (12:25-13:50)";"ЛПЗ МДК.01.02 Оформление технологической документации по процессам изготовления деталей машин — 1 п/г, Саламатина Вера Викторовна, Лесная"
"ТМ-2416п";"27.03.2026";"ПТ";"4 пара (14:00-15:25)";"ЛПЗ МДК.01.02 Оформление технологической документации по процессам изготовления деталей машин — 1 п/г, Саламатина Вера Викторовна, Лесная"
"ТМ-2416п";"27.03.2026";"ПТ";"5 пара (15:35-16:55)";"ЛПЗ ВМДК.07.01 Технология обработки на металлорежущих станках — 1 п/г, Симаков Семен Данилович, Лесная"
"ТМ-2416п";"27.03.2026";"ПТ";"6 пара (17:05-18:25)";"МДК.01.01 Разработка технологических процессов изготовления деталей машин с применением систем автоматизированного проектирования — вся группа, Вальдиянов Ян Мансурович, Лесная"
"ТМ-2416п";"27.03.2026";"ПТ";"7 пара (18:35-19:55)";"МДК.01.01 Разработка технологических процессов изготовления деталей машин с применением систем автоматизированного проектирования — вся группа, Вальдиянов Ян Мансурович, Лесная"
"ТМ-2416п";"28.03.2026";"СБ";"1 пара (08:30-09:45)";"УП.07 (УП утро 08:30-12:00) — 1 п/г, Симаков Семен Данилович, Лесная"
"ТМ-2416п";"28.03.2026";"СБ";"2 пара (09:55-11:10)";"УП.07 (УП утро 08:30-12:00) — 1 п/г, Симаков Семен Данилович, Лесная"
"ТМ-2416п";"28.03.2026";"СБ";"3 пара (11:30-12:45)";"-"
"ТМ-2416п";"28.03.2026";"СБ";"4 пара (12:55-14:10)";"ЛПЗ МДК.01.01 Разработка технологических процессов изготовления деталей машин с применением систем автоматизированного проектирования — 2 п/г, Вальдиянов Ян Мансурович, Лесная"
"ТМ-2416п";"28.03.2026";"СБ";"5 пара (14:20-15:30)";"ЛПЗ МДК.01.01 Разработка технологических процессов изготовления деталей машин с применением систем автоматизированного проектирования — 2 п/г, Вальдиянов Ян Мансурович, Лесная"
"ТМ-2416п";"28.03.2026";"СБ";"6 пара (15:40-16:50)";"ЛПЗ МДК.01.01 Разработка технологических процессов изготовления деталей машин с применением систем автоматизированного проектирования — 2 п/г, Вальдиянов Ян Мансурович, Лесная"
"ТМ-2416п";"28.03.2026";"СБ";"7 пара (17:00-18:10)";"ЛПЗ МДК.01.02 Оформление технологической документации по процессам изготовления деталей машин — 2 п/г, Саламатина Вера Викторовна, Лесная"
"ТМ-2416п";"30.03.2026";"ПН";"1 пара (09:15-10:40)";"-"
"ТМ-2416п";"30.03.2026";"ПН";"2 пара (10:50-12:15)";"ЛПЗ МДК.02.01 Разработка и внедрение управляющих программ изготовления деталей машин — 2 п/г, Вальдиянов Ян Мансурович, Лесная"
"ТМ-2416п";"30.03.2026";"ПН";"3 пара (13:10-14:35)";"МДК.02.01 Разработка и внедрение управляющих программ изготовления деталей машин — вся группа, Вальдиянов Ян Мансурович, Лесная"
"ТМ-2416п";"30.03.2026";"ПН";"4 пара (14:45-16:10)";"МДК.02.01 Разработка и внедрение управляющих программ изготовления деталей машин — вся группа, Вальдиянов Ян Мансурович, Лесная"
"ТМ-2416п";"30.03.2026";"ПН";"5 пара (16:20-17:40)";"МДК.02.01 Разработка и внедрение управляющих программ изготовления деталей машин — вся группа, Вальдиянов Ян Мансурович, Лесная"
"ТМ-2416п";"30.03.2026";"ПН";"6 пара (17:50-19:10)";"МДК.01.02 Оформление технологической документации по процессам изготовления деталей машин — вся группа, Саламатина Вера Викторовна, Лесная"
"ТМ-2416п";"30.03.2026";"ПН";"7 пара (19:20-20:40)";"ЛПЗ МДК.01.02 Оформление технологической документации по процессам изготовления деталей машин — 1 п/г, Саламатина Вера Викторовна, Лесная"
"ТМ-2416п";"31.03.2026";"ВТ";"1 пара (08:30-09:55)";"ЛПЗ МДК.02.01 Разработка и внедрение управляющих программ изготовления деталей машин — 2 п/г, Вальдиянов Ян Мансурович, Лесная"
"ТМ-2416п";"31.03.2026";"ВТ";"2 пара (10:05-11:30)";"ЛПЗ МДК.02.01 Разработка и внедрение управляющих программ изготовления деталей машин — 2 п/г, Вальдиянов Ян Мансурович, Лесная"
"ТМ-2416п";"31.03.2026";"ВТ";"3 пара (12:25-13:50)";"ЛПЗ ВМДК.07.01 Технология обработки на металлорежущих станках — 1 п/г, Симаков Семен Данилович, Лесная"
"ТМ-2416п";"31.03.2026";"ВТ";"4 пара (14:00-15:25)";"ЛПЗ ВМДК.07.01 Технология обработки на металлорежущих станках — 1 п/г, Симаков Семен Данилович, Лесная"
"ТМ-2416п";"31.03.2026";"ВТ";"5 пара (15:35-16:55)";"ЛПЗ ВМДК.07.01 Технология обработки на металлорежущих станках — 1 п/г, Симаков Семен Данилович, Лесная"
"ТМ-2416п";"31.03.2026";"ВТ";"6 пара (17:05-18:25)";"ЛПЗ МДК.01.02 Оформление технологической документации по процессам изготовления деталей машин — 1 п/г, Саламатина Вера Викторовна, Лесная"
"ТМ-2416п";"31.03.2026";"ВТ";"7 пара (18:35-19:55)";"ЛПЗ МДК.01.02 Оформление технологической документации по процессам изготовления деталей машин — 1 п/г, Саламатина Вера Викторовна, Лесная"
"ТМ-2416п";"01.04.2026";"СР";"1 пара (08:30-09:55)";"-"
"ТМ-2416п";"01.04.2026";"СР";"2 пара (10:05-11:30)";"-"
"ТМ-2416п";"01.04.2026";"СР";"3 пара (12:25-13:50)";"ЛПЗ ВМДК.07.01 Технология обработки на металлорежущих станках — 1 п/г, Симаков Семен Данилович, Лесная"
"ТМ-2416п";"01.04.2026";"СР";"4 пара (14:00-15:25)";"ЛПЗ ВМДК.07.01 Технология обработки на металлорежущих станках — 1 п/г, Симаков Семен Данилович, Лесная"
"ТМ-2416п";"01.04.2026";"СР";"5 пара (15:35-16:55)";"ЛПЗ МДК.01.02 Оформление технологической документации по процессам изготовления деталей машин — 2 п/г, Саламатина Вера Викторовна, Лесная | ЛПЗ ВМДК.07.01 Технология обработки на металлорежущих станках — 1 п/г, Симаков Семен Данилович, Лесная"
"ТМ-2416п";"01.04.2026";"СР";"6 пара (17:05-18:25)";"МДК.02.01 Разработка и внедрение управляющих программ изготовления деталей машин — вся группа, Вальдиянов Ян Мансурович, Лесная"
"ТМ-2416п";"01.04.2026";"СР";"7 пара (18:35-19:55)";"МДК.02.01 Разработка и внедрение управляющих программ изготовления деталей машин — вся группа, Вальдиянов Ян Мансурович, Лесная"
"ТМ-2416п";"02.04.2026";"ЧТ";"1 пара (08:30-09:55)";"-"
"ТМ-2416п";"02.04.2026";"ЧТ";"2 пара (10:05-11:30)";"-"
"ТМ-2416п";"02.04.2026";"ЧТ";"3 пара (12:25-13:50)";"ВМДК.07.01 Технология обработки на металлорежущих станках — вся группа, Саламатина Вера Викторовна, Лесная"
"ТМ-2416п";"02.04.2026";"ЧТ";"4 пара (14:00-15:25)";"ВМДК.07.01 Технология обработки на металлорежущих станках — вся группа, Саламатина Вера Викторовна, Лесная"
"ТМ-2416п";"02.04.2026";"ЧТ";"5 пара (15:35-16:55)";"ВМДК.07.01 Технология обработки на металлорежущих станках — вся группа, Саламатина Вера Викторовна, Лесная"
"ТМ-2416п";"02.04.2026";"ЧТ";"6 пара (17:05-18:25)";"МДК.02.01 Разработка и внедрение управляющих программ изготовления деталей машин — вся группа, Вальдиянов Ян Мансурович, Лесная"
"ТМ-2416п";"02.04.2026";"ЧТ";"7 пара (18:35-19:55)";"МДК.02.01 Разработка и внедрение управляющих программ изготовления деталей машин — вся группа, Вальдиянов Ян Мансурович, Лесная"
"ТМ-2416п";"03.04.2026";"ПТ";"1 пара (08:30-09:55)";"УП.07 (УП утро 08:30-12:30) — 1 п/г, Симаков Семен Данилович, Лесная"
"ТМ-2416п";"03.04.2026";"ПТ";"2 пара (10:05-11:30)";"УП.07 (УП утро 08:30-12:30) — 1 п/г, Симаков Семен Данилович, Лесная"
"ТМ-2416п";"03.04.2026";"ПТ";"3 пара (12:25-13:50)";"-"
"ТМ-2416п";"03.04.2026";"ПТ";"4 пара (14:00-15:25)";"ЛПЗ ВМДК.07.01 Технология обработки на металлорежущих станках — 2 п/г, Симаков Семен Данилович, Лесная"
"ТМ-2416п";"03.04.2026";"ПТ";"5 пара (15:35-16:55)";"ЛПЗ ВМДК.07.01 Технология обработки на металлорежущих станках — 2 п/г, Симаков Семен Данилович, Лесная"
"ТМ-2416п";"03.04.2026";"ПТ";"6 пара (17:05-18:25)";"ЛПЗ МДК.02.01 Разработка и внедрение управляющих программ изготовления деталей машин — 2 п/г, Вальдиянов Ян Мансурович, Лесная"
"ТМ-2416п";"03.04.2026";"ПТ";"7 пара (18:35-19:55)";"ЛПЗ МДК.02.01 Разработка и внедрение управляющих программ изготовления деталей машин — 2 п/г, Вальдиянов Ян Мансурович, Лесная"
"ТМ-2416п";"04.04.2026";"СБ";"1 пара (08:30-09:45)";"УП.07 (УП утро 08:30-12:00) — 2 п/г, Симаков Семен Данилович, Лесная"
"ТМ-2416п";"04.04.2026";"СБ";"2 пара (09:55-11:10)";"УП.07 (УП утро 08:30-12:00) — 2 п/г, Симаков Семен Данилович, Лесная"
"ТМ-2416п";"04.04.2026";"СБ";"3 пара (11:30-12:45)";"-"
"ТМ-2416п";"04.04.2026";"СБ";"4 пара (12:55-14:10)";"ЛПЗ ВМДК.07.01 Технология обработки на металлорежущих станках — 1 п/г, Симаков Семен Данилович, Лесная"
"ТМ-2416п";"04.04.2026";"СБ";"5 пара (14:20-15:30)";"ЛПЗ ВМДК.07.01 Технология обработки на металлорежущих станках — 1 п/г, Симаков Семен Данилович, Лесная"
"ТМ-2416п";"04.04.2026";"СБ";"6 пара (15:40-16:50)";"ЛПЗ ВМДК.07.01 Технология обработки на металлорежущих станках — 1 п/г, Симаков Семен Данилович, Лесная"
"ТМ-2416п";"04.04.2026";"СБ";"7 пара (17:00-18:10)";"ЛПЗ ВМДК.07.01 Технология обработки на металлорежущих станках — 1 п/г, Симаков Семен Данилович, Лесная"
"ТМ-2416п";"06.04.2026";"ПН";"1 пара (09:15-10:40)";"ВМДК.07.01 Технология обработки на металлорежущих станках — вся группа, Саламатина Вера Викторовна, Лесная"
"ТМ-2416п";"06.04.2026";"ПН";"2 пара (10:50-12:15)";"ВМДК.07.01 Технология обработки на металлорежущих станках — вся группа, Саламатина Вера Викторовна, Лесная"
"ТМ-2416п";"06.04.2026";"ПН";"3 пара (13:10-14:35)";"ВМДК.07.01 Технология обработки на металлорежущих станках — вся группа, Саламатина Вера Викторовна, Лесная"
"ТМ-2416п";"06.04.2026";"ПН";"4 пара (14:45-16:10)";"ВМДК.07.01 Технология обработки на металлорежущих станках — вся группа, Саламатина Вера Викторовна, Лесная"
"ТМ-2416п";"06.04.2026";"ПН";"5 пара (16:20-17:40)";"ВМДК.07.01 Технология обработки на металлорежущих станках — вся группа, Саламатина Вера Викторовна, Лесная"
"ТМ-2416п";"06.04.2026";"ПН";"6 пара (17:50-19:10)";"-"
"ТМ-2416п";"06.04.2026";"ПН";"7 пара (19:20-20:40)";"-"
"ТМ-2416п";"07.04.2026";"ВТ";"1 пара (08:30-09:55)";"-"
"ТМ-2416п";"07.04.2026";"ВТ";"2 пара (10:05-11:30)";"-"
"ТМ-2416п";"07.04.2026";"ВТ";"3 пара (12:25-13:50)";"ВМДК.07.01 Технология обработки на металлорежущих станках — вся группа, Саламатина Вера Викторовна, Лесная"
"ТМ-2416п";"07.04.2026";"ВТ";"4 пара (14:00-15:25)";"ВМДК.07.01 Технология обработки на металлорежущих станках — вся группа, Саламатина Вера Викторовна, Лесная"
"ТМ-2416п";"07.04.2026";"ВТ";"5 пара (15:35-16:55)";"ВМДК.07.01 Технология обработки на металлорежущих станках — вся группа, Саламатина Вера Викторовна, Лесная"
"ТМ-2416п";"07.04.2026";"ВТ";"6 пара (17:05-18:25)";"МДК.02.01 Разработка и внедрение управляющих программ изготовления деталей машин — вся группа, Вальдиянов Ян Мансурович, Лесная"
"ТМ-2416п";"07.04.2026";"ВТ";"7 пара (18:35-19:55)";"МДК.02.01 Разработка и внедрение управляющих программ изготовления деталей машин — вся группа, Вальдиянов Ян Мансурович, Лесная"
"ТМ-2416п";"08.04.2026";"СР";"1 пара (08:30-09:55)";"ЛПЗ ВМДК.07.01 Технология обработки на металлорежущих станках — 2 п/г, Симаков Семен Данилович, Лесная"
"ТМ-2416п";"08.04.2026";"СР";"2 пара (10:05-11:30)";"ЛПЗ ВМДК.07.01 Технология обработки на металлорежущих станках — 2 п/г, Симаков Семен Данилович, Лесная"
"ТМ-2416п";"08.04.2026";"СР";"3 пара (12:25-13:50)";"ВМДК.07.01 Технология обработки на металлорежущих станках — вся группа, Саламатина Вера Викторовна, Лесная"
"ТМ-2416п";"08.04.2026";"СР";"4 пара (14:00-15:25)";"ВМДК.07.01 Технология обработки на металлорежущих станках — вся группа, Саламатина Вера Викторовна, Лесная"
"ТМ-2416п";"08.04.2026";"СР";"5 пара (15:35-16:55)";"ЛПЗ МДК.02.01 Разработка и внедрение управляющих программ изготовления деталей машин — 1 п/г, Вальдиянов Ян Мансурович, Лесная | ЛПЗ ВМДК.07.01 Технология обработки на металлорежущих станках — 2 п/г, Симаков Семен Данилович, Лесная"
"ТМ-2416п";"08.04.2026";"СР";"6 пара (17:05-18:25)";"ЛПЗ МДК.02.01 Разработка и внедрение управляющих программ изготовления деталей машин — 1 п/г, Вальдиянов Ян Мансурович, Лесная"
"ТМ-2416п";"08.04.2026";"СР";"7 пара (18:35-19:55)";"ЛПЗ МДК.02.01 Разработка и внедрение управляющих программ изготовления деталей машин — 1 п/г, Вальдиянов Ян Мансурович, Лесная"
"ТМ-2416п";"09.04.2026";"ЧТ";"1 пара (08:30-09:55)";"ЛПЗ МДК.02.01 Разработка и внедрение управляющих программ изготовления деталей машин — 1 п/г, Вальдиянов Ян Мансурович, Лесная"
"ТМ-2416п";"09.04.2026";"ЧТ";"2 пара (10:05-11:30)";"ЛПЗ МДК.02.01 Разработка и внедрение управляющих программ изготовления деталей машин — 1 п/г, Вальдиянов Ян Мансурович, Лесная"
"ТМ-2416п";"09.04.2026";"ЧТ";"3 пара (12:25-13:50)";"ЛПЗ МДК.02.01 Разработка и внедрение управляющих программ изготовления деталей машин — 1 п/г, Вальдиянов Ян Мансурович, Лесная | ЛПЗ ВМДК.07.01 Технология обработки на металлорежущих станках — 2 п/г, Симаков Семен Данилович, Лесная"
"ТМ-2416п";"09.04.2026";"ЧТ";"4 пара (14:00-15:25)";"ЛПЗ МДК.02.01 Разработка и внедрение управляющих программ изготовления деталей машин — 1 п/г, Вальдиянов Ян Мансурович, Лесная | ЛПЗ ВМДК.07.01 Технология обработки на металлорежущих станках — 2 п/г, Симаков Семен Данилович, Лесная"
"ТМ-2416п";"09.04.2026";"ЧТ";"5 пара (15:35-16:55)";"ЛПЗ МДК.02.01 Разработка и внедрение управляющих программ изготовления деталей машин — 1 п/г, Вальдиянов Ян Мансурович, Лесная | ЛПЗ ВМДК.07.01 Технология обработки на металлорежущих станках — 2 п/г, Симаков Семен Данилович, Лесная"
"ТМ-2416п";"09.04.2026";"ЧТ";"6 пара (17:05-18:25)";"ЛПЗ МДК.02.01 Разработка и внедрение управляющих программ изготовления деталей машин — 2 п/г, Вальдиянов Ян Мансурович, Лесная"
"ТМ-2416п";"09.04.2026";"ЧТ";"7 пара (18:35-19:55)";"ЛПЗ МДК.02.01 Разработка и внедрение управляющих программ изготовления деталей машин — 2 п/г, Вальдиянов Ян Мансурович, Лесная"
"ТМ-2416п";"10.04.2026";"ПТ";"1 пара (08:30-09:55)";"ЛПЗ МДК.02.01 Разработка и внедрение управляющих программ изготовления деталей машин — 2 п/г, Вальдиянов Ян Мансурович, Лесная | УП.07 (УП утро 08:30-12:30) — 1 п/г, Симаков Семен Данилович, Лесная"
"ТМ-2416п";"10.04.2026";"ПТ";"2 пара (10:05-11:30)";"ЛПЗ МДК.02.01 Разработка и внедрение управляющих программ изготовления деталей машин — 2 п/г, Вальдиянов Ян Мансурович, Лесная | УП.07 (УП утро 08:30-12:30) — 1 п/г, Симаков Семен Данилович, Лесная"
"ТМ-2416п";"10.04.2026";"ПТ";"3 пара (12:25-13:50)";"ЛПЗ МДК.02.01 Разработка и внедрение управляющих программ изготовления деталей машин — 2 п/г, Вальдиянов Ян Мансурович, Лесная"
"ТМ-2416п";"10.04.2026";"ПТ";"4 пара (14:00-15:25)";"ЛПЗ МДК.02.01 Разработка и внедрение управляющих программ изготовления деталей машин — 2 п/г, Вальдиянов Ян Мансурович, Лесная"
"ТМ-2416п";"10.04.2026";"ПТ";"5 пара (15:35-16:55)";"ЛПЗ МДК.02.01 Разработка и внедрение управляющих программ изготовления деталей машин — 2 п/г, Вальдиянов Ян Мансурович, Лесная"
"ТМ-2416п";"10.04.2026";"ПТ";"6 пара (17:05-18:25)";"-"
"ТМ-2416п";"10.04.2026";"ПТ";"7 пара (18:35-19:55)";"-"
"ТМ-2416п";"11.04.2026";"СБ";"1 пара (08:30-09:45)";"ЛПЗ МДК.02.01 Разработка и внедрение управляющих программ изготовления деталей машин — 1 п/г, Вальдиянов Ян Мансурович, Лесная | УП.07 (УП утро 08:30-12:00) — 2 п/г, Симаков Семен Данилович, Лесная"
"ТМ-2416п";"11.04.2026";"СБ";"2 пара (09:55-11:10)";"ЛПЗ МДК.02.01 Разработка и внедрение управляющих программ изготовления деталей машин — 1 п/г, Вальдиянов Ян Мансурович, Лесная | УП.07 (УП утро 08:30-12:00) — 2 п/г, Симаков Семен Данилович, Лесная"
"ТМ-2416п";"11.04.2026";"СБ";"3 пара (11:30-12:45)";"ЛПЗ МДК.02.01 Разработка и внедрение управляющих программ изготовления деталей машин — 1 п/г, Вальдиянов Ян Мансурович, Лесная"
"ТМ-2416п";"11.04.2026";"СБ";"4 пара (12:55-14:10)";"ЛПЗ МДК.02.01 Разработка и внедрение управляющих программ изготовления деталей машин — 1 п/г, Вальдиянов Ян Мансурович, Лесная"
"ТМ-2416п";"11.04.2026";"СБ";"5 пара (14:20-15:30)";"ЛПЗ МДК.02.01 Разработка и внедрение управляющих программ изготовления деталей машин — 1 п/г, Вальдиянов Ян Мансурович, Лесная"
"ТМ-2416п";"11.04.2026";"СБ";"6 пара (15:40-16:50)";"-"
"ТМ-2416п";"11.04.2026";"СБ";"7 пара (17:00-18:10)";"-"
"ТМ-2416п";"13.04.2026";"ПН";"1 пара (09:15-10:40)";"ЛПЗ МДК.02.01 Разработка и внедрение управляющих программ изготовления деталей машин — 1 п/г, Вальдиянов Ян Мансурович, Лесная"
"ТМ-2416п";"13.04.2026";"ПН";"2 пара (10:50-12:15)";"ЛПЗ МДК.02.01 Разработка и внедрение управляющих программ изготовления деталей машин — 1 п/г, Вальдиянов Ян Мансурович, Лесная"
"ТМ-2416п";"13.04.2026";"ПН";"3 пара (13:10-14:35)";"ЛПЗ МДК.02.01 Разработка и внедрение управляющих программ изготовления деталей машин — 1 п/г, Вальдиянов Ян Мансурович, Лесная | ЛПЗ ВМДК.07.01 Технология обработки на металлорежущих станках — 2 п/г, Симаков Семен Данилович, Лесная"
"ТМ-2416п";"13.04.2026";"ПН";"4 пара (14:45-16:10)";"ЛПЗ МДК.02.01 Разработка и внедрение управляющих программ изготовления деталей машин — 2 п/г, Вальдиянов Ян Мансурович, Лесная | ЛПЗ ВМДК.07.01 Технология обработки на металлорежущих станках — 1 п/г, Симаков Семен Данилович, Лесная"
"ТМ-2416п";"13.04.2026";"ПН";"5 пара (16:20-17:40)";"ЛПЗ МДК.02.01 Разработка и внедрение управляющих программ изготовления деталей машин — 2 п/г, Вальдиянов Ян Мансурович, Лесная | ЛПЗ ВМДК.07.01 Технология обработки на металлорежущих станках — 1 п/г, Симаков Семен Данилович, Лесная"
"ТМ-2416п";"13.04.2026";"ПН";"6 пара (17:50-19:10)";"ЛПЗ МДК.02.01 Разработка и внедрение управляющих программ изготовления деталей машин — 2 п/г, Вальдиянов Ян Мансурович, Лесная"
"ТМ-2416п";"13.04.2026";"ПН";"7 пара (19:20-20:40)";"ЛПЗ МДК.02.01 Разработка и внедрение управляющих программ изготовления деталей машин — 2 п/г, Вальдиянов Ян Мансурович, Лесная"
"ТМ-2416п";"14.04.2026";"ВТ";"1 пара (08:30-09:55)";"ВМДК.07.01 Технология обработки на металлорежущих станках — вся группа, Саламатина Вера Викторовна, Лесная"
"ТМ-2416п";"14.04.2026";"ВТ";"2 пара (10:05-11:30)";"ВМДК.07.01 Технология обработки на металлорежущих станках — вся группа, Саламатина Вера Викторовна, Лесная"
"ТМ-2416п";"14.04.2026";"ВТ";"3 пара (12:25-13:50)";"ВМДК.07.01 Технология обработки на металлорежущих станках — вся группа, Саламатина Вера Викторовна, Лесная"
"ТМ-2416п";"14.04.2026";"ВТ";"4 пара (14:00-15:25)";"ВМДК.07.01 Технология обработки на металлорежущих станках — вся группа, Саламатина Вера Викторовна, Лесная"
"ТМ-2416п";"14.04.2026";"ВТ";"5 пара (15:35-16:55)";"ВМДК.07.01 Технология обработки на металлорежущих станках — вся группа, Саламатина Вера Викторовна, Лесная"
"ТМ-2416п";"14.04.2026";"ВТ";"6 пара (17:05-18:25)";"-"
"ТМ-2416п";"14.04.2026";"ВТ";"7 пара (18:35-19:55)";"-"
"ТМ-2416п";"15.04.2026";"СР";"1 пара (08:30-09:55)";"ЛПЗ ВМДК.07.01 Технология обработки на металлорежущих станках — 1 п/г, Симаков Семен Данилович, Лесная"
"ТМ-2416п";"15.04.2026";"СР";"2 пара (10:05-11:30)";"ВМДК.07.01 Технология обработки на металлорежущих станках — вся группа, Саламатина Вера Викторовна, Лесная"
"ТМ-2416п";"15.04.2026";"СР";"3 пара (12:25-13:50)";"ЛПЗ ВМДК.07.01 Технология обработки на металлорежущих станках — 2 п/г, Симаков Семен Данилович, Лесная"
"ТМ-2416п";"15.04.2026";"СР";"4 пара (14:00-15:25)";"ЛПЗ ВМДК.07.01 Технология обработки на металлорежущих станках — 2 п/г, Симаков Семен Данилович, Лесная"
"ТМ-2416п";"15.04.2026";"СР";"5 пара (15:35-16:55)";"ЛПЗ ВМДК.07.01 Технология обработки на металлорежущих станках — 2 п/г, Симаков Семен Данилович, Лесная"
"ТМ-2416п";"15.04.2026";"СР";"6 пара (17:05-18:25)";"ЛПЗ ВМДК.07.01 Технология обработки на металлорежущих станках — 2 п/г, Симаков Семен Данилович, Лесная"
"ТМ-2416п";"15.04.2026";"СР";"7 пара (18:35-19:55)";"-"
"ТМ-2416п";"16.04.2026";"ЧТ";"1 пара (08:30-09:55)";"ЛПЗ ВМДК.07.01 Технология обработки на металлорежущих станках — 1 п/г, Симаков Семен Данилович, Лесная"
"ТМ-2416п";"16.04.2026";"ЧТ";"2 пара (10:05-11:30)";"ЛПЗ ВМДК.07.01 Технология обработки на металлорежущих станках — 1 п/г, Симаков Семен Данилович, Лесная"
"ТМ-2416п";"16.04.2026";"ЧТ";"3 пара (12:25-13:50)";"-"
"ТМ-2416п";"16.04.2026";"ЧТ";"4 пара (14:00-15:25)";"-"
"ТМ-2416п";"16.04.2026";"ЧТ";"5 пара (15:35-16:55)";"-"
"ТМ-2416п";"16.04.2026";"ЧТ";"6 пара (17:05-18:25)";"-"
"ТМ-2416п";"16.04.2026";"ЧТ";"7 пара (18:35-19:55)";"-"
"ТМ-2416п";"17.04.2026";"ПТ";"1 пара (08:30-09:55)";"УП.07 (УП утро 08:30-12:30) — 1 п/г, Симаков Семен Данилович, Лесная"
"ТМ-2416п";"17.04.2026";"ПТ";"2 пара (10:05-11:30)";"УП.07 (УП утро 08:30-12:30) — 1 п/г, Симаков Семен Данилович, Лесная"
"ТМ-2416п";"17.04.2026";"ПТ";"3 пара (12:25-13:50)";"-"
"ТМ-2416п";"17.04.2026";"ПТ";"4 пара (14:00-15:25)";"-"
"ТМ-2416п";"17.04.2026";"ПТ";"5 пара (15:35-16:55)";"-"
"ТМ-2416п";"17.04.2026";"ПТ";"6 пара (17:05-18:25)";"-"
"ТМ-2416п";"17.04.2026";"ПТ";"7 пара (18:35-19:55)";"-"
"ТМ-2416п";"18.04.2026";"СБ";"1 пара (08:30-09:45)";"УП.07 (УП утро 08:30-12:00) — 2 п/г, Симаков Семен Данилович, Лесная"
"ТМ-2416п";"18.04.2026";"СБ";"2 пара (09:55-11:10)";"УП.07 (УП утро 08:30-12:00) — 2 п/г, Симаков Семен Данилович, Лесная"
"ТМ-2416п";"18.04.2026";"СБ";"3 пара (11:30-12:45)";"-"
"ТМ-2416п";"18.04.2026";"СБ";"4 пара (12:55-14:10)";"-"
"ТМ-2416п";"18.04.2026";"СБ";"5 пара (14:20-15:30)";"-"
"ТМ-2416п";"18.04.2026";"СБ";"6 пара (15:40-16:50)";"-"
"ТМ-2416п";"18.04.2026";"СБ";"7 пара (17:00-18:10)";"-"
"ТМ-2416п";"24.04.2026";"ПТ";"1 пара (08:30-09:55)";"УП.07 (УП утро 08:30-12:30) — 1 п/г, Симаков Семен Данилович, Лесная"
"ТМ-2416п";"24.04.2026";"ПТ";"2 пара (10:05-11:30)";"УП.07 (УП утро 08:30-12:30) — 1 п/г, Симаков Семен Данилович, Лесная"
"ТМ-2416п";"24.04.2026";"ПТ";"3 пара (12:25-13:50)";"-"
"ТМ-2416п";"24.04.2026";"ПТ";"4 пара (14:00-15:25)";"-"
"ТМ-2416п";"24.04.2026";"ПТ";"5 пара (15:35-16:55)";"-"
"ТМ-2416п";"24.04.2026";"ПТ";"6 пара (17:05-18:25)";"-"
"ТМ-2416п";"24.04.2026";"ПТ";"7 пара (18:35-19:55)";"-"
"ТМ-2416п";"25.04.2026";"СБ";"1 пара (08:30-09:45)";"УП.07 (УП утро 08:30-12:00) — 2 п/г, Симаков Семен Данилович, Лесная"
"ТМ-2416п";"25.04.2026";"СБ";"2 пара (09:55-11:10)";"УП.07 (УП утро 08:30-12:00) — 2 п/г, Симаков Семен Данилович, Лесная"
"ТМ-2416п";"25.04.2026";"СБ";"3 пара (11:30-12:45)";"-"
"ТМ-2416п";"25.04.2026";"СБ";"4 пара (12:55-14:10)";"-"
"ТМ-2416п";"25.04.2026";"СБ";"5 пара (14:20-15:30)";"-"
"ТМ-2416п";"25.04.2026";"СБ";"6 пара (15:40-16:50)";"-"
"ТМ-2416п";"25.04.2026";"СБ";"7 пара (17:00-18:10)";"-"
"ТМ-2416п";"30.04.2026";"ЧТ";"1 пара (08:30-09:55)";"УП.07 (УП утро 08:30-12:30) — 1 п/г, Симаков Семен Данилович, Лесная"
"ТМ-2416п";"30.04.2026";"ЧТ";"2 пара (10:05-11:30)";"УП.07 (УП утро 08:30-12:30) — 1 п/г, Симаков Семен Данилович, Лесная"
"ТМ-2416п";"30.04.2026";"ЧТ";"3 пара (12:25-13:50)";"-"
"ТМ-2416п";"30.04.2026";"ЧТ";"4 пара (14:00-15:25)";"-"
"ТМ-2416п";"30.04.2026";"ЧТ";"5 пара (15:35-16:55)";"-"
"ТМ-2416п";"30.04.2026";"ЧТ";"6 пара (17:05-18:25)";"-"
"ТМ-2416п";"30.04.2026";"ЧТ";"7 пара (18:35-19:55)";"-"
"ТМ-2416п";"01.05.2026";"ПТ";"1 пара (08:30-09:55)";"УП.07 (УП утро 08:30-12:30) — 2 п/г, Симаков Семен Данилович, Лесная"
"ТМ-2416п";"01.05.2026";"ПТ";"2 пара (10:05-11:30)";"УП.07 (УП утро 08:30-12:30) — 2 п/г, Симаков Семен Данилович, Лесная"
"ТМ-2416п";"01.05.2026";"ПТ";"3 пара (12:25-13:50)";"-"
"ТМ-2416п";"01.05.2026";"ПТ";"4 пара (14:00-15:25)";"-"
"ТМ-2416п";"01.05.2026";"ПТ";"5 пара (15:35-16:55)";"-"
"ТМ-2416п";"01.05.2026";"ПТ";"6 пара (17:05-18:25)";"-"
"ТМ-2416п";"01.05.2026";"ПТ";"7 пара (18:35-19:55)";"-"
"ТМ-2416п";"04.05.2026";"ПН";"1 пара (09:15-10:40)";"УП.07 (УП утро 09:00-13:00) — 1 п/г, Симаков Семен Данилович, Лесная"
"ТМ-2416п";"04.05.2026";"ПН";"2 пара (10:50-12:15)";"УП.07 (УП утро 09:00-13:00) — 1 п/г, Симаков Семен Данилович, Лесная"
"ТМ-2416п";"04.05.2026";"ПН";"3 пара (13:10-14:35)";"-"
"ТМ-2416п";"04.05.2026";"ПН";"4 пара (14:45-16:10)";"-"
"ТМ-2416п";"04.05.2026";"ПН";"5 пара (16:20-17:40)";"-"
"ТМ-2416п";"04.05.2026";"ПН";"6 пара (17:50-19:10)";"-"
"ТМ-2416п";"04.05.2026";"ПН";"7 пара (19:20-20:40)";"-"
"ТМ-2416п";"05.05.2026";"ВТ";"1 пара (08:30-09:55)";"УП.07 (УП утро 08:30-12:30) — 2 п/г, Симаков Семен Данилович, Лесная"
"ТМ-2416п";"05.05.2026";"ВТ";"2 пара (10:05-11:30)";"УП.07 (УП утро 08:30-12:30) — 2 п/г, Симаков Семен Данилович, Лесная"
"ТМ-2416п";"05.05.2026";"ВТ";"3 пара (12:25-13:50)";"-"
"ТМ-2416п";"05.05.2026";"ВТ";"4 пара (14:00-15:25)";"-"
"ТМ-2416п";"05.05.2026";"ВТ";"5 пара (15:35-16:55)";"-"
"ТМ-2416п";"05.05.2026";"ВТ";"6 пара (17:05-18:25)";"-"
"ТМ-2416п";"05.05.2026";"ВТ";"7 пара (18:35-19:55)";"-"
"ТМ-2416п";"07.05.2026";"ЧТ";"1 пара (08:30-09:55)";"УП.01 (УП утро 08:30-12:30) — 1 п/г, Сивилькаев Вадим Михайлович, Лесная"
"ТМ-2416п";"07.05.2026";"ЧТ";"2 пара (10:05-11:30)";"УП.01 (УП утро 08:30-12:30) — 1 п/г, Сивилькаев Вадим Михайлович, Лесная"
"ТМ-2416п";"07.05.2026";"ЧТ";"3 пара (12:25-13:50)";"-"
"ТМ-2416п";"07.05.2026";"ЧТ";"4 пара (14:00-15:25)";"-"
"ТМ-2416п";"07.05.2026";"ЧТ";"5 пара (15:35-16:55)";"-"
"ТМ-2416п";"07.05.2026";"ЧТ";"6 пара (17:05-18:25)";"-"
"ТМ-2416п";"07.05.2026";"ЧТ";"7 пара (18:35-19:55)";"-"
"ТМ-2416п";"11.05.2026";"ПН";"1 пара (09:15-10:40)";"УП.07 (УП утро 09:00-13:00) — 2 п/г, Симаков Семен Данилович, Лесная"
"ТМ-2416п";"11.05.2026";"ПН";"2 пара (10:50-12:15)";"УП.07 (УП утро 09:00-13:00) — 2 п/г, Симаков Семен Данилович, Лесная"
"ТМ-2416п";"11.05.2026";"ПН";"3 пара (13:10-14:35)";"-"
"ТМ-2416п";"11.05.2026";"ПН";"4 пара (14:45-16:10)";"-"
"ТМ-2416п";"11.05.2026";"ПН";"5 пара (16:20-17:40)";"-"
"ТМ-2416п";"11.05.2026";"ПН";"6 пара (17:50-19:10)";"-"
"ТМ-2416п";"11.05.2026";"ПН";"7 пара (19:20-20:40)";"-"
"ТМ-2416п";"16.05.2026";"СБ";"1 пара (08:30-09:45)";"УП.01 (УП утро 08:30-12:00) — 1 п/г, Сивилькаев Вадим Михайлович, Лесная"
"ТМ-2416п";"16.05.2026";"СБ";"2 пара (09:55-11:10)";"УП.01 (УП утро 08:30-12:00) — 1 п/г, Сивилькаев Вадим Михайлович, Лесная"
"ТМ-2416п";"16.05.2026";"СБ";"3 пара (11:30-12:45)";"-"
"ТМ-2416п";"16.05.2026";"СБ";"4 пара (12:55-14:10)";"-"
"ТМ-2416п";"16.05.2026";"СБ";"5 пара (14:20-15:30)";"-"
"ТМ-2416п";"16.05.2026";"СБ";"6 пара (15:40-16:50)";"-"
"ТМ-2416п";"16.05.2026";"СБ";"7 пара (17:00-18:10)";"-"
"ТМ-2416п";"18.05.2026";"ПН";"1 пара (09:15-10:40)";"УП.07 (УП утро 09:00-13:00) — 2 п/г, Симаков Семен Данилович, Лесная"
"ТМ-2416п";"18.05.2026";"ПН";"2 пара (10:50-12:15)";"УП.07 (УП утро 09:00-13:00) — 2 п/г, Симаков Семен Данилович, Лесная"
"ТМ-2416п";"18.05.2026";"ПН";"3 пара (13:10-14:35)";"-"
"ТМ-2416п";"18.05.2026";"ПН";"4 пара (14:45-16:10)";"-"
"ТМ-2416п";"18.05.2026";"ПН";"5 пара (16:20-17:40)";"-"
"ТМ-2416п";"18.05.2026";"ПН";"6 пара (17:50-19:10)";"-"
"ТМ-2416п";"18.05.2026";"ПН";"7 пара (19:20-20:40)";"-"
"ТМ-2416п";"23.05.2026";"СБ";"1 пара (08:30-09:45)";"УП.01 (УП утро 08:30-12:00) — 1 п/г, Сивилькаев Вадим Михайлович, Лесная"
"ТМ-2416п";"23.05.2026";"СБ";"2 пара (09:55-11:10)";"УП.01 (УП утро 08:30-12:00) — 1 п/г, Сивилькаев Вадим Михайлович, Лесная"
"ТМ-2416п";"23.05.2026";"СБ";"3 пара (11:30-12:45)";"-"
"ТМ-2416п";"23.05.2026";"СБ";"4 пара (12:55-14:10)";"-"
"ТМ-2416п";"23.05.2026";"СБ";"5 пара (14:20-15:30)";"-"
"ТМ-2416п";"23.05.2026";"СБ";"6 пара (15:40-16:50)";"-"
"ТМ-2416п";"23.05.2026";"СБ";"7 пара (17:00-18:10)";"-"
"ТМ-2416п";"25.05.2026";"ПН";"1 пара (09:15-10:40)";"УП.07 (УП утро 09:00-13:00) — 2 п/г, Симаков Семен Данилович, Лесная"
"ТМ-2416п";"25.05.2026";"ПН";"2 пара (10:50-12:15)";"УП.07 (УП утро 09:00-13:00) — 2 п/г, Симаков Семен Данилович, Лесная"
"ТМ-2416п";"25.05.2026";"ПН";"3 пара (13:10-14:35)";"-"
"ТМ-2416п";"25.05.2026";"ПН";"4 пара (14:45-16:10)";"-"
"ТМ-2416п";"25.05.2026";"ПН";"5 пара (16:20-17:40)";"-"
"ТМ-2416п";"25.05.2026";"ПН";"6 пара (17:50-19:10)";"-"
"ТМ-2416п";"25.05.2026";"ПН";"7 пара (19:20-20:40)";"-"
"ТМ-2416п";"27.05.2026";"СР";"1 пара (08:30-09:55)";"УП.01 (УП утро 08:30-12:30) — 2 п/г, Сивилькаев Вадим Михайлович, Лесная"
"ТМ-2416п";"27.05.2026";"СР";"2 пара (10:05-11:30)";"УП.01 (УП утро 08:30-12:30) — 2 п/г, Сивилькаев Вадим Михайлович, Лесная"
"ТМ-2416п";"27.05.2026";"СР";"3 пара (12:25-13:50)";"-"
"ТМ-2416п";"27.05.2026";"СР";"4 пара (14:00-15:25)";"-"
"ТМ-2416п";"27.05.2026";"СР";"5 пара (15:35-16:55)";"-"
"ТМ-2416п";"27.05.2026";"СР";"6 пара (17:05-18:25)";"-"
"ТМ-2416п";"27.05.2026";"СР";"7 пара (18:35-19:55)";"-"
"ТМ-2416п";"30.05.2026";"СБ";"1 пара (08:30-09:45)";"Физическая культура — вся группа, Нуров Мирзо Нуралиевич, Лесная"
"ТМ-2416п";"30.05.2026";"СБ";"2 пара (09:55-11:10)";"Физическая культура — вся группа, Нуров Мирзо Нуралиевич, Лесная"
"ТМ-2416п";"30.05.2026";"СБ";"3 пара (11:30-12:45)";"ЛПЗ ВМДК.07.01 Технология обработки на металлорежущих станках — 2 п/г, Симаков Семен Данилович, Лесная"
"ТМ-2416п";"30.05.2026";"СБ";"4 пара (12:55-14:10)";"ЛПЗ ВМДК.07.01 Технология обработки на металлорежущих станках — 2 п/г, Симаков Семен Данилович, Лесная"
"ТМ-2416п";"30.05.2026";"СБ";"5 пара (14:20-15:30)";"ЛПЗ ВМДК.07.01 Технология обработки на металлорежущих станках — 2 п/г, Симаков Семен Данилович, Лесная"
"ТМ-2416п";"30.05.2026";"СБ";"6 пара (15:40-16:50)";"-"
"ТМ-2416п";"30.05.2026";"СБ";"7 пара (17:00-18:10)";"-"
